id,id_cliente,id_produto,data_venda,qtd,total
0,42,105,2023-10-09,11,3405.0
1,3,136,2024-09-15,9,16873.9
2,25,139,2024-08-13,7,9475.3
4,20,23,2023-03-02,5,55893.0
5,8,57,2024-12-02,4,451403.9
6,36,52,2023-09-26,3,39056.4
8,27,25,2024-02-28,3,34560.05
9,37,26,2023-11-07,7,114932.9
10,31,143,2024-08-25,3,12643.55
11,39,128,2023-07-05,5,23254.0
12,27,48,2024-07-29,13,191573.0
13,43,19,2024-04-28,2,31221.75
14,13,125,2024-05-06,15,48479.45
15,17,14,2023-10-14,3,102061.35
16,39,45,2024-10-07,2,18816.65
17,43,91,2023-05-09,11,1409558.7
18,25,27,2024-11-28,3,47057.3
19,37,100,2023-07-16,2,198740.0
20,39,56,2024-11-27,12,490071.75
21,17,71,2024-12-04,3,390522.0
22,29,20,2024-04-11,2,61667.0
23,7,132,2023-02-04,15,23445.0
24,45,128,2023-05-09,12,55809.0
25,8,3,2024-02-04,2,18048.0
26,19,147,2024-05-10,14,40299.95
27,23,97,2023-04-15,4,541340.0
28,41,60,2023-03-20,12,1239762.35
29,26,109,2024-03-24,7,4359.0
30,38,35,2023-07-18,15,165083.0
31,41,91,2023-03-20,13,1665842.1
32,43,40,2023-02-11,11,156024.0
33,4,92,2023-07-26,8,710833.0
34,28,73,2023-11-05,3,429480.0
35,33,35,2024-04-02,10,110055.0
36,18,136,2023-11-24,7,13123.3
37,24,32,2023-08-29,13,162532.0
38,38,87,2024-04-30,9,601739.0
39,13,71,2024-10-16,8,989322.4
40,27,116,2023-09-09,5,12878.0
41,46,34,2024-06-04,3,14753.0
42,1,6,2023-08-12,12,141843.0
43,11,70,2023-08-10,14,480976.0
44,39,81,2024-03-12,8,928328.6
45,22,149,2024-09-12,11,12160.0
46,25,120,2023-12-15,5,15622.0
47,4,60,2024-02-04,15,1631266.0
48,13,54,2024-05-30,15,1823022.0
49,14,74,2024-08-29,7,575614.5
50,8,19,2023-12-26,15,246485.0
51,2,52,2024-08-28,4,54816.0
52,45,106,2024-03-16,13,57003.0
53,2,25,2024-10-03,12,145518.0
54,27,144,2024-09-30,4,8857.0
55,35,54,2024-11-24,3,346373.8
56,1,125,2024-03-11,13,44227.0
57,40,110,2023-07-17,11,27451.0
58,46,45,2024-08-22,2,19807.0
60,11,49,2024-03-20,14,176415.0
61,28,56,2024-09-05,8,326714.5
62,10,113,2024-05-18,15,62627.8
63,43,42,2024-01-27,15,85398.35
64,24,106,2023-10-17,13,57003.0
65,21,4,2024-10-14,7,22489.35
66,33,114,2024-10-12,9,7194.0
67,18,85,2024-02-04,3,109949.2
68,43,139,2024-01-16,9,12824.0
69,34,139,2023-09-18,8,11399.0
70,4,98,2023-08-13,13,980110.25
71,43,70,2023-09-09,5,163188.15
72,16,48,2024-08-10,2,29473.0
73,24,10,2024-12-20,3,91294.05
74,45,54,2024-09-25,11,1270038.85
75,38,91,2024-09-21,10,1348860.0
76,28,18,2024-07-03,14,353413.3
77,6,110,2024-12-13,2,4741.45
78,43,105,2024-08-13,7,2167.0
79,10,12,2024-12-31,13,35440.0
80,46,13,2024-03-06,6,46483.0
81,28,82,2024-04-11,10,490523.0
82,33,32,2024-07-11,9,106895.9
83,17,123,2023-03-04,5,13190.75
84,25,35,2023-05-01,1,10455.7
85,18,80,2024-09-05,7,904567.0
86,15,145,2023-02-06,8,34799.0
87,7,20,2023-11-24,14,431668.0
88,29,147,2024-11-03,5,15150.0
89,30,75,2023-12-21,8,262147.0
90,2,72,2024-07-22,3,284044.3
91,23,36,2023-06-01,15,339021.0
92,40,2,2023-04-19,7,93087.65
93,37,113,2023-01-11,11,45927.75
94,36,90,2023-08-02,8,632779.0
95,25,131,2024-12-17,12,11563.0
96,11,82,2023-08-22,8,392418.4
97,25,48,2024-09-18,2,29473.0
98,21,142,2024-02-13,2,1570.35
99,49,81,2024-01-06,9,1099336.0
100,22,93,2023-01-21,4,381812.6
101,11,47,2024-07-04,8,48984.0
102,9,67,2024-02-02,9,733495.95
103,36,146,2023-04-12,5,2356.0
104,11,24,2024-02-03,11,242776.3
105,23,77,2023-10-31,6,254816.6
106,48,143,2023-03-29,8,35491.0
107,38,98,2024-08-10,8,634889.0
108,4,139,2023-01-19,6,8121.55
109,39,96,2024-09-18,7,494346.0
110,34,148,2024-10-27,8,38284.0
111,28,32,2023-03-06,10,125025.0
112,37,100,2024-12-11,9,894331.9
113,28,28,2024-06-12,9,121910.65
114,12,75,2023-03-05,5,163842.0
115,27,85,2023-08-10,1,36650.05
116,7,130,2023-03-19,3,11810.4
117,27,18,2023-06-03,3,75731.15
118,18,122,2023-07-22,10,13225.0
119,46,80,2023-04-08,1,129224.0
120,6,81,2023-06-17,15,1832227.0
121,25,132,2024-02-14,13,20319.0
122,8,128,2023-03-09,10,44181.65
123,10,106,2023-06-15,6,24993.55
124,21,43,2023-05-18,3,105291.0
125,44,112,2024-08-23,11,23990.0
126,29,80,2024-07-14,5,613813.05
127,26,55,2024-02-09,7,769910.0
128,1,53,2023-03-24,14,751450.0
129,3,82,2024-02-26,11,567974.0
130,15,123,2024-12-18,2,5554.0
132,3,5,2024-10-15,12,284028.0
133,34,122,2024-11-13,2,2512.75
134,7,18,2023-11-01,7,176706.65
135,14,22,2024-09-26,11,433981.0
136,16,70,2023-02-03,10,343554.0
137,17,62,2024-11-14,5,511110.0
138,45,86,2023-06-11,4,355388.35
139,38,123,2024-12-22,1,2638.15
140,20,83,2024-05-29,5,640318.05
141,29,127,2024-06-15,5,7359.65
142,9,34,2024-12-28,5,24588.0
143,23,142,2024-03-16,5,3925.4
144,27,116,2024-01-15,4,10302.0
145,3,122,2023-10-16,12,15076.5
146,11,70,2023-12-26,10,343554.0
147,24,129,2023-07-01,1,3102.7
148,13,111,2024-09-06,15,61064.1
149,7,57,2024-07-13,1,112851.45
150,5,114,2024-04-06,13,9871.45
151,45,39,2023-12-15,6,177797.0
152,27,82,2023-06-06,8,413072.0
153,48,30,2023-12-30,11,336990.65
154,22,137,2024-02-17,10,32162.25
155,12,21,2024-06-22,9,78611.0
156,11,44,2024-10-22,13,133464.55
157,48,17,2024-04-24,1,13337.05
158,9,138,2024-11-27,5,19869.25
159,24,66,2024-03-07,15,188574.0
160,8,121,2023-05-27,11,40637.0
161,19,126,2024-09-09,8,21416.0
162,12,147,2024-06-25,15,43178.45
163,4,70,2023-03-09,7,228463.6
164,23,9,2023-09-14,5,198528.0
165,23,27,2023-12-28,8,125487.4
166,28,111,2023-02-17,2,8570.0
167,19,122,2024-08-22,11,13819.65
168,48,7,2024-05-10,6,111257.35
169,23,101,2023-01-24,2,927.0
170,16,116,2023-12-30,1,2576.0
171,8,24,2023-12-22,12,278786.0
172,15,123,2023-07-26,13,34296.9
173,13,131,2023-07-25,1,964.0
174,42,16,2023-09-01,6,180036.0
175,19,88,2023-01-28,6,275518.05
176,32,124,2024-11-14,12,45239.0
177,17,69,2023-03-11,4,181060.0
178,6,143,2023-10-07,6,25288.05
179,41,76,2024-09-27,14,1971036.25
180,25,38,2024-05-16,2,52922.0
181,28,127,2023-02-02,11,16190.85
182,7,115,2023-09-06,5,4153.0
183,27,80,2023-04-26,9,1163015.0
184,33,7,2024-03-31,3,55628.2
185,39,27,2023-09-01,7,115580.0
186,14,7,2023-06-23,10,185428.6
187,44,80,2024-01-09,2,245525.6
188,26,117,2024-02-07,10,41030.0
190,24,138,2023-12-18,8,31790.8
191,43,101,2024-11-24,11,5097.0
192,6,148,2024-01-26,9,40916.5
193,7,144,2024-03-01,6,12620.75
194,9,52,2024-07-06,6,82225.0
195,9,81,2023-06-24,14,1710079.0
196,8,74,2023-12-26,9,779027.0
197,2,83,2024-01-29,12,1536764.65
198,38,106,2023-11-14,10,43849.0
199,2,99,2023-10-31,11,1120936.35
200,20,44,2023-10-20,7,71865.6
201,38,79,2023-03-24,11,727615.0
202,27,57,2023-05-11,8,950325.0
203,13,18,2023-01-18,3,79717.0
204,22,138,2024-08-24,8,31790.8
205,41,119,2023-09-25,9,27836.9
206,9,124,2024-08-30,8,28651.05
207,10,51,2024-09-01,15,914265.75
208,37,74,2024-07-21,3,259676.0
209,38,15,2024-09-11,10,278998.0
210,29,18,2024-04-02,12,302925.55
211,17,108,2023-08-31,14,44496.1
212,5,9,2023-02-23,4,150880.9
213,6,35,2023-08-27,8,88044.0
214,14,66,2023-11-15,7,83600.95
215,43,144,2023-09-16,13,28784.0
216,9,55,2024-08-09,3,313463.9
217,22,112,2023-10-19,13,26934.4
218,38,84,2024-01-16,8,330021.45
219,9,115,2023-11-02,14,11628.0
220,29,23,2024-08-29,14,148675.95
221,39,104,2023-07-23,4,14852.0
222,27,116,2023-06-21,9,23180.0
223,18,125,2023-06-11,9,29088.05
224,42,34,2023-11-21,10,46716.25
225,41,106,2023-09-03,14,58318.6
226,18,144,2024-09-14,13,27344.8
227,15,9,2024-11-18,6,238233.0
228,6,78,2024-01-24,6,730569.0
229,42,100,2023-07-17,4,418401.0
230,14,78,2024-04-08,5,578367.6
231,6,16,2023-05-11,4,120024.0
232,42,144,2024-01-18,9,18930.65
233,23,83,2023-06-05,4,539216.0
234,46,22,2024-08-17,2,74960.7
235,29,131,2024-07-28,2,1830.65
236,33,113,2023-08-01,10,41752.5
237,36,117,2024-03-23,14,57442.0
238,40,55,2024-04-17,4,417951.55
239,28,28,2024-01-10,10,142586.0
240,47,91,2023-04-21,10,1348860.0
241,21,81,2023-11-28,5,610742.0
242,2,132,2024-03-17,14,21882.0
243,40,98,2023-02-23,14,1055503.2
244,28,130,2024-07-17,10,41441.0
245,12,55,2024-10-07,7,769910.0
246,28,137,2023-07-01,14,47397.0
247,23,22,2024-05-23,11,412281.95
248,36,103,2024-12-28,12,21470.0
249,38,67,2024-12-07,13,1115258.0
250,34,66,2023-12-01,14,167202.85
252,15,70,2024-12-10,1,34355.0
253,5,61,2024-03-15,14,392261.0
254,24,5,2023-10-27,7,157398.85
255,10,74,2023-09-21,9,740075.65
256,12,130,2023-06-05,4,16576.0
257,15,124,2023-04-30,1,3581.5
258,49,7,2024-09-12,3,55628.2
259,11,51,2023-11-27,5,320795.0
260,3,59,2024-03-01,1,87166.0
261,11,130,2024-07-24,4,16576.0
262,1,65,2023-02-26,15,383366.0
263,3,107,2024-11-29,2,2875.65
264,10,32,2024-01-24,12,142528.5
265,15,64,2024-12-01,12,1338067.0
266,45,16,2023-08-17,9,270054.0
267,41,101,2023-07-15,14,6488.0
268,24,97,2024-11-09,5,676675.0
269,4,82,2024-06-13,8,413072.0
270,2,119,2024-09-16,12,39070.0
271,49,105,2023-08-20,15,4643.0
272,6,106,2023-10-05,8,33325.05
273,2,143,2024-01-21,15,66546.0
274,40,141,2024-07-14,9,43036.0
275,40,67,2024-02-25,6,514734.0
276,41,110,2023-12-12,10,23707.25
277,9,55,2023-05-11,1,104487.65
278,21,129,2023-02-21,1,3102.7
279,1,71,2023-08-11,12,1562089.0
280,23,62,2024-03-22,9,873998.1
281,16,33,2023-04-09,13,87305.0
282,30,130,2024-08-10,1,4144.0
283,3,124,2023-02-10,10,35814.05
284,37,85,2023-06-28,13,476446.85
285,28,96,2024-12-26,5,335448.8
286,42,35,2024-06-29,3,33017.0
287,3,42,2023-05-11,5,28465.8
288,23,138,2024-10-08,2,7947.7
289,29,75,2024-02-03,8,262147.0
290,28,79,2023-11-05,10,628394.6
291,18,107,2023-09-06,2,2875.65
292,49,74,2023-08-10,1,82231.05
293,23,23,2023-03-14,13,138055.9
294,5,120,2023-05-10,9,28120.0
295,47,102,2023-07-09,12,9984.0
296,38,89,2024-09-16,15,1180171.0
297,28,4,2023-11-12,11,37201.0
298,6,98,2023-05-26,1,75392.95
299,42,137,2024-11-15,6,20313.0
300,19,62,2024-08-05,1,102222.0
301,30,96,2024-10-23,10,706208.0
302,44,74,2024-08-04,11,904536.8
303,28,8,2023-09-01,9,44857.0
304,7,35,2024-01-21,2,22011.0
305,11,38,2024-02-19,12,317534.0
306,12,70,2023-01-04,6,206133.0
307,10,144,2023-07-19,4,8857.0
308,16,124,2023-12-26,3,11310.0
309,19,63,2023-09-23,13,1728477.5
310,20,110,2023-01-29,6,14224.35
311,43,29,2023-11-29,1,34684.5
312,46,101,2024-08-31,12,5282.95
313,27,12,2024-11-08,1,2589.7
314,14,35,2023-05-09,11,121061.0
315,12,137,2023-01-08,8,27084.0
316,41,94,2023-07-24,13,503272.95
317,15,73,2024-10-06,12,1717919.0
318,1,97,2024-12-14,9,1218016.0
319,12,16,2023-11-11,15,450090.0
320,39,45,2024-02-17,8,75268.5
321,42,8,2024-10-01,7,34889.0
322,47,50,2024-05-21,15,160683.0
323,46,106,2024-02-02,7,29159.3
324,15,21,2023-04-17,5,43673.0
325,30,130,2024-08-13,8,31495.35
326,32,27,2023-06-05,15,247672.0
327,43,60,2023-10-19,8,826508.55
328,38,78,2024-07-26,12,1388082.05
329,3,123,2024-11-30,1,2777.0
331,2,97,2023-11-22,11,1488686.0
332,44,26,2023-08-28,15,259248.0
333,35,36,2023-05-08,6,128827.6
334,40,86,2023-01-11,6,561139.0
335,44,14,2024-12-15,11,374225.9
336,22,29,2024-01-02,14,485587.75
337,35,137,2024-06-15,13,44011.0
338,44,110,2024-06-26,2,4741.45
339,43,134,2023-04-05,3,14153.0
340,24,130,2023-03-18,4,16576.0
341,35,34,2024-07-06,2,9343.25
342,3,74,2023-11-10,6,493383.45
343,47,64,2023-07-11,14,1483024.1
344,47,138,2024-05-16,12,50197.0
345,36,89,2024-10-21,3,236034.0
346,48,39,2024-12-15,14,394117.0
347,17,63,2023-10-14,11,1462557.3
348,38,40,2024-11-24,14,188648.15
349,31,55,2024-12-15,8,835903.1
350,42,7,2023-05-11,5,92714.3
351,41,6,2024-04-09,14,157208.85
352,32,136,2024-02-09,8,15788.0
353,6,88,2024-09-29,5,229597.9
354,12,113,2023-10-13,9,37577.25
355,8,141,2023-08-07,8,36341.3
356,14,22,2023-11-20,1,37480.35
357,42,27,2023-07-31,15,235288.4
358,42,10,2023-06-10,15,480496.0
359,15,26,2024-06-07,4,65676.35
360,33,63,2024-09-10,3,419873.0
361,29,9,2024-07-15,15,595582.0
362,39,20,2024-04-21,10,292917.3
363,49,130,2024-08-20,8,33153.0
364,6,6,2024-07-27,6,70921.0
365,14,112,2024-06-23,11,23990.0
366,18,16,2024-09-19,14,399079.8
367,17,72,2024-04-30,7,697652.0
368,6,129,2023-08-09,14,43440.65
369,27,114,2024-06-23,3,2398.0
370,47,27,2024-02-23,9,148603.0
371,3,57,2024-05-24,9,1015659.25
372,42,77,2023-02-20,7,312933.0
373,29,145,2024-01-31,6,26099.0
374,6,22,2024-08-06,15,562203.35
375,43,16,2024-07-26,1,30006.0
376,33,88,2024-10-17,15,725047.0
377,15,59,2023-03-29,15,1242117.4
378,49,80,2023-01-10,5,646119.0
379,25,26,2024-10-18,14,241965.0
381,12,39,2023-06-05,4,112604.45
382,3,7,2024-01-18,5,92714.3
383,24,121,2023-07-11,5,18471.0
384,30,4,2023-12-18,9,30437.0
385,25,3,2023-03-14,13,111448.3
386,33,73,2024-08-31,10,1431599.0
387,5,115,2023-02-21,12,9967.0
388,6,85,2024-01-28,3,109949.2
389,32,145,2024-12-18,1,4350.0
390,30,9,2024-06-01,9,357350.0
391,29,69,2024-09-04,2,90530.0
392,47,120,2023-03-18,1,3124.0
393,39,130,2023-07-10,6,24865.0
394,25,128,2023-08-17,11,48600.1
395,3,29,2023-02-27,11,381533.3
396,9,67,2023-08-30,13,1115258.0
397,37,108,2023-09-17,5,15891.6
398,21,139,2023-12-08,14,18950.6
399,16,124,2024-05-02,10,37699.0
400,12,122,2024-11-02,12,15870.0
402,13,85,2023-07-18,1,36650.05
403,46,32,2024-11-19,2,23754.75
404,46,5,2023-07-19,7,157398.85
405,13,45,2023-05-07,4,39615.0
406,15,63,2024-04-23,6,797758.7
407,23,59,2024-08-24,15,1307492.0
408,9,68,2023-11-16,9,571970.3
409,42,15,2023-12-23,7,195298.0
410,5,22,2024-07-24,12,473434.0
411,38,89,2023-10-20,15,1121162.45
412,31,115,2023-09-06,4,3155.9
413,42,66,2023-06-25,6,71658.5
414,18,75,2023-05-13,12,393221.0
415,17,97,2023-05-31,2,270670.0
416,13,16,2023-10-29,4,120024.0
417,41,85,2024-06-17,9,347208.0
418,5,68,2023-11-21,1,63552.15
419,39,150,2023-12-13,8,12506.75
420,38,12,2023-02-22,5,12949.45
421,17,122,2024-04-20,13,17192.0
422,18,104,2024-11-11,8,28218.8
423,31,24,2023-06-06,8,185857.0
424,38,77,2023-09-16,1,44705.0
425,23,90,2023-01-14,11,826567.45
426,37,12,2023-08-08,1,2726.0
427,42,63,2024-07-30,14,1861436.65
428,28,43,2024-12-05,4,140387.0
429,7,108,2024-01-24,10,33456.0
430,46,5,2023-11-24,10,236690.0
431,28,47,2023-03-10,7,40717.95
432,30,27,2023-04-20,1,15685.45
433,14,40,2024-03-16,9,127656.0
434,46,98,2024-09-29,13,980110.25
435,33,55,2023-05-02,1,109987.0
436,33,47,2024-03-18,6,36738.0
437,25,110,2024-12-01,11,26078.45
438,6,88,2024-04-01,6,275518.05
439,13,1,2024-01-02,2,66245.0
440,20,83,2024-02-28,6,808823.0
441,28,64,2024-03-24,14,1483024.1
442,44,17,2024-07-28,3,42116.0
443,15,91,2023-02-18,5,674430.0
444,27,28,2023-08-28,14,189639.0
445,29,6,2023-11-28,9,106382.0
446,13,139,2023-04-11,4,5700.0
447,34,144,2023-11-06,14,29448.1
448,31,56,2024-10-23,3,128966.0
449,14,60,2024-12-19,3,309940.35
450,48,62,2023-08-26,12,1165330.8
451,42,54,2024-02-19,13,1500955.35
452,28,134,2024-09-26,2,8963.25
453,22,96,2024-07-23,9,603808.6
454,39,29,2023-07-22,12,416217.8
455,39,13,2024-09-06,5,38736.0
456,17,43,2024-02-03,8,266736.25
457,49,92,2023-11-11,8,675291.35
458,41,13,2024-07-31,3,23241.0
459,44,67,2023-05-12,11,943680.0
460,31,150,2023-09-22,3,4690.15
461,10,23,2024-10-29,4,42479.25
462,49,126,2023-05-13,3,7629.45
463,7,26,2024-12-06,14,241965.0
464,45,64,2023-12-09,8,892044.0
465,17,96,2024-10-18,7,469628.7
466,45,9,2023-01-05,15,595582.0
467,22,30,2023-05-31,4,128991.0
468,3,101,2024-03-31,6,2641.0
469,44,9,2024-10-31,1,37720.7
470,5,55,2024-02-29,14,1539821.0
471,33,36,2023-03-25,12,271217.0
472,26,56,2023-01-04,7,285874.95
473,4,84,2024-06-20,12,495032.65
474,9,147,2024-06-22,12,34542.95
475,2,107,2023-10-06,15,22701.0
476,3,86,2023-05-03,11,977316.3
477,33,32,2024-07-01,2,25005.0
478,47,105,2023-12-04,3,882.55
479,2,60,2023-06-03,6,652507.0
480,20,4,2023-04-28,1,3382.0
481,33,55,2023-06-10,6,626926.85
482,33,27,2024-05-30,9,148603.0
483,41,123,2024-08-26,10,27771.0
484,22,110,2023-07-21,6,14224.35
485,23,149,2023-01-17,6,6982.0
486,48,17,2023-02-28,8,106694.5
487,42,104,2023-11-07,7,25991.0
488,33,30,2023-03-01,1,32248.0
489,33,124,2023-11-15,9,32232.55
490,14,73,2024-07-24,10,1431599.0
491,33,138,2023-04-12,6,23843.1
492,9,141,2023-10-14,4,18170.65
493,24,40,2024-06-28,1,13474.8
494,32,46,2024-02-19,2,9968.0
495,2,43,2023-02-20,8,280775.0
496,31,98,2023-09-29,10,793611.0
497,31,121,2024-10-30,9,31585.6
498,34,20,2024-01-03,13,380793.25
499,39,101,2024-07-10,15,6951.0
500,27,72,2023-09-28,4,398659.0
501,31,24,2024-05-01,14,325251.0
502,45,72,2023-01-25,12,1136177.2
503,45,54,2024-11-27,11,1270038.85
504,7,102,2023-02-21,8,6323.2
505,25,124,2024-07-24,13,49009.0
506,40,35,2023-01-13,6,62731.35
507,36,143,2024-10-01,9,37931.6
508,36,109,2024-09-19,13,7690.25
509,35,132,2024-06-18,9,14067.0
510,48,6,2023-03-10,12,141843.0
511,17,120,2024-11-15,15,46867.0
512,14,12,2024-09-25,14,36258.65
513,18,47,2024-08-08,3,17450.55
514,34,100,2023-11-23,4,418401.0
515,28,83,2024-12-18,10,1280637.05
516,32,119,2024-01-15,4,12371.85
517,49,4,2023-05-30,7,22489.35
518,48,90,2024-12-05,8,632779.0
519,5,101,2023-09-09,1,439.85
520,29,10,2023-01-14,13,416430.0
521,29,109,2024-04-11,4,2366.45
522,24,146,2023-07-24,15,7440.0
523,9,130,2024-09-19,7,27558.55
524,8,56,2024-02-15,7,285874.95
525,45,15,2024-12-11,10,265048.1
526,8,12,2023-02-03,7,18128.85
527,48,53,2024-02-13,1,53675.0
528,15,45,2024-03-31,12,118845.0
529,4,5,2024-11-29,7,165683.0
530,32,92,2024-01-04,8,675291.35
531,13,19,2023-07-21,10,164324.0
532,41,59,2024-08-11,6,496847.15
533,25,4,2023-08-15,15,48191.6
534,12,120,2023-03-25,5,15622.0
535,5,112,2024-10-22,11,23990.0
536,19,86,2023-01-17,8,748185.0
537,9,63,2023-02-27,2,265919.25
538,29,141,2024-12-13,1,4542.9
539,35,65,2024-11-21,10,242798.15
540,24,121,2023-12-15,8,28076.3
541,1,72,2023-08-11,2,189362.55
542,19,91,2024-04-22,12,1618632.0
543,3,6,2024-08-18,2,23640.0
544,28,134,2024-09-22,6,28306.0
545,39,53,2023-09-21,1,53675.0
546,19,55,2023-01-11,15,1567317.6
547,10,25,2023-07-16,1,11519.7
548,27,24,2024-07-06,14,308988.45
549,27,9,2024-10-10,10,397055.0
550,5,56,2023-08-29,14,571750.85
551,23,27,2024-06-06,1,16511.0
552,48,11,2023-04-11,15,516305.05
553,20,122,2023-01-28,7,9257.0
554,23,16,2023-11-13,15,450090.0
555,8,84,2023-08-31,6,260543.0
556,38,40,2023-02-18,9,127656.0
557,44,43,2024-11-08,4,140387.0
558,43,42,2023-01-27,2,11386.7
559,9,100,2024-03-18,5,496850.95
560,18,4,2023-04-21,10,33819.0
561,33,51,2023-12-06,2,128318.0
562,16,99,2023-06-26,4,407613.65
563,44,150,2024-02-14,9,14811.0
564,13,139,2024-09-02,11,15674.0
565,12,115,2024-03-07,11,8679.2
566,1,30,2023-09-16,7,214448.25
567,4,7,2023-09-06,3,58556.0
568,8,12,2023-08-28,1,2589.7
569,24,12,2023-06-28,12,31078.3
570,8,132,2024-12-30,10,14848.5
571,9,43,2023-06-08,11,386065.0
572,7,138,2023-06-28,3,12549.0
573,10,83,2023-12-26,1,134804.0
574,8,3,2023-03-28,12,102875.5
575,19,136,2023-10-15,14,27629.0
576,49,7,2024-04-25,10,195188.0
577,30,13,2024-04-08,11,80957.1
578,27,125,2024-11-20,3,10206.0
579,42,53,2023-07-08,14,713877.5
580,22,146,2024-06-20,14,6596.8
581,12,7,2023-06-14,10,195188.0
582,46,9,2024-11-24,5,198528.0
583,17,58,2023-10-31,2,217649.0
584,6,49,2023-06-03,2,25201.6
585,30,6,2024-02-14,14,157208.85
586,36,130,2023-02-07,14,58017.0
587,28,113,2024-08-09,7,30765.0
589,42,93,2024-08-17,14,1406678.0
590,12,82,2024-08-22,1,49052.3
591,33,54,2023-11-13,9,1039122.35
592,21,133,2024-06-02,4,7192.45
593,11,124,2023-07-10,15,56549.0
594,15,12,2024-04-22,15,38848.35
595,21,49,2024-08-08,5,63004.95
596,23,30,2023-04-23,14,451470.0
597,8,84,2023-07-05,9,390815.0
598,13,39,2024-11-01,14,414860.0
599,10,122,2023-03-16,9,11902.0
600,36,73,2024-01-06,13,1768025.05
601,11,56,2023-12-23,11,449232.2
602,35,39,2024-05-24,8,225209.85
603,19,97,2024-12-23,10,1353351.0
604,6,72,2024-02-29,10,946813.7
605,41,9,2023-04-02,4,150880.9
606,24,61,2023-05-26,11,308205.0
607,19,32,2024-01-31,1,12502.0
608,23,76,2023-11-29,4,592793.0
609,16,70,2023-08-22,10,343554.0
610,8,90,2024-03-09,11,870071.0
611,45,13,2023-04-18,9,66237.8
612,32,11,2024-01-14,10,344203.05
613,14,21,2024-07-22,14,122284.0
614,45,83,2024-03-28,1,134804.0
615,29,37,2024-06-30,5,28822.05
616,31,52,2024-08-27,1,13018.8
617,23,73,2023-07-31,5,680010.0
618,43,131,2023-06-12,8,7323.55
619,26,30,2023-09-13,3,96744.0
620,40,12,2023-09-23,2,5179.4
621,18,107,2024-09-22,8,11501.65
622,33,84,2024-04-24,14,607934.0
623,30,77,2023-10-19,14,594571.75
624,1,108,2023-03-11,5,16728.0
625,21,55,2023-05-25,5,522439.2
626,47,9,2023-08-31,12,476466.0
627,47,120,2024-04-15,3,8904.35
628,20,72,2024-12-28,3,284044.3
629,23,116,2024-04-09,8,20604.0
630,18,67,2024-09-04,13,1059495.1
631,43,15,2023-01-04,2,55800.0
632,41,61,2023-12-19,15,420279.0
633,21,117,2023-03-23,5,19489.25
634,33,88,2023-12-09,9,413276.6
635,31,63,2024-11-23,13,1728477.5
636,30,137,2024-06-30,8,27084.0
637,38,89,2023-01-20,7,523208.7
638,9,62,2023-12-10,1,97110.9
639,14,9,2023-10-25,4,158822.0
640,14,61,2023-10-01,6,159706.4
641,37,134,2024-08-08,6,26890.7
642,33,84,2024-08-28,5,206263.05
643,30,37,2024-01-15,15,91016.0
644,5,40,2023-11-19,8,107798.4
645,22,97,2024-08-04,9,1218016.0
646,44,15,2024-08-25,2,55800.0
647,18,128,2023-03-19,9,39763.2
648,24,106,2024-08-19,10,43849.0
649,25,31,2024-11-30,11,86558.3
650,21,22,2023-03-27,13,487242.65
651,6,34,2023-07-02,12,59010.0
652,22,80,2024-05-28,12,1550686.0
653,44,109,2023-05-21,13,8095.0
654,5,42,2024-01-14,5,28465.8
655,1,66,2024-04-01,14,176003.0
656,1,135,2024-10-28,7,11512.0
657,19,121,2024-12-09,13,45624.7
658,19,101,2024-07-26,5,2201.15
659,36,24,2024-01-19,11,255554.0
660,2,91,2023-10-29,12,1618632.0
661,8,134,2023-09-25,1,4482.1
662,6,38,2024-05-06,12,301657.3
663,39,147,2023-02-01,9,25907.45
664,7,33,2024-11-15,7,44659.5
665,43,114,2023-04-25,13,10391.0
666,14,15,2023-01-01,5,132524.05
667,16,124,2024-04-26,1,3581.5
668,22,64,2024-01-25,2,223011.0
669,25,110,2023-02-25,4,9982.0
670,7,124,2023-05-31,13,46558.55
671,2,66,2024-07-30,5,59715.1
672,9,124,2023-06-16,4,14326.0
673,4,95,2023-11-26,13,862129.75
674,14,108,2024-05-30,15,47673.85
675,2,148,2023-02-17,14,63648.1
676,11,4,2023-03-15,5,16909.0
677,18,7,2023-01-21,8,156150.0
678,3,107,2024-09-20,10,14377.3
679,43,133,2024-08-06,2,3785.0
680,6,21,2023-12-08,12,104815.0
681,32,76,2024-06-10,3,422365.25
682,20,18,2024-10-09,2,53145.0
683,18,130,2023-07-27,14,58017.0
684,1,63,2024-08-08,12,1679492.0
685,9,98,2024-01-12,3,238083.0
686,43,9,2023-05-27,13,490363.4
687,18,149,2024-06-20,1,1164.0
688,43,55,2024-01-04,8,835903.1
689,43,125,2024-03-15,7,22623.3
690,43,71,2024-07-23,6,781044.0
691,14,2,2024-12-17,15,199473.4
692,33,18,2023-06-21,3,79717.0
693,18,87,2024-09-09,8,534879.0
694,27,17,2023-07-05,5,70194.0
695,17,71,2023-12-06,5,650870.0
696,36,90,2024-11-16,14,1107363.0
697,27,106,2024-04-20,4,16662.05
698,3,124,2023-03-22,10,37699.0
699,2,128,2023-01-24,8,35345.7
700,6,77,2023-10-15,2,84938.55
701,47,120,2023-04-29,2,5936.55
702,20,16,2024-02-06,8,240048.0
703,23,41,2024-05-08,3,31800.0
704,16,16,2024-04-27,7,199539.9
705,16,71,2023-04-06,5,618326.5
706,21,98,2023-02-08,5,396806.0
707,36,62,2024-10-21,11,1068219.9
708,48,77,2023-05-23,2,84938.55
709,24,94,2023-02-21,8,309706.65
710,2,150,2023-08-28,6,9874.0
711,16,81,2024-03-27,8,977188.0
712,29,44,2024-09-27,6,61598.95
713,23,117,2023-01-18,9,36927.0
714,24,29,2023-01-16,11,401614.0
715,30,40,2024-08-19,5,70920.0
716,12,15,2024-10-04,12,334797.0
717,8,145,2024-03-11,5,20661.55
718,36,106,2023-11-13,5,20827.8
719,32,89,2024-05-31,7,523208.7
720,45,133,2023-08-31,8,14384.9
721,43,46,2024-12-03,15,71019.15
722,24,10,2023-08-07,6,182588.1
723,13,65,2023-07-31,7,178904.0
724,46,9,2023-11-12,14,555877.0
725,33,130,2023-06-03,1,4144.0
726,22,39,2023-10-31,12,337814.3
727,43,19,2023-01-05,3,46832.15
728,32,115,2023-02-03,14,11628.0
729,43,18,2024-05-05,2,53145.0
730,43,148,2024-06-10,15,71783.0
731,41,142,2024-04-11,3,2355.05
732,35,64,2023-07-11,12,1271163.65
733,45,68,2023-10-17,4,254208.6
734,22,86,2023-04-21,7,654662.0
735,35,129,2024-07-01,5,16331.0
736,16,69,2024-03-08,10,430017.5
737,22,106,2023-02-24,5,20827.8
738,46,3,2023-02-12,7,60010.55
739,38,65,2024-08-22,4,97119.45
740,46,139,2024-10-15,11,15674.0
741,39,19,2024-03-04,8,131459.0
742,8,99,2023-02-17,3,305710.0
743,47,20,2024-08-24,8,234334.6
744,44,102,2024-04-24,15,12480.0
745,42,64,2023-07-10,7,741512.05
746,8,118,2023-09-04,10,40993.45
747,11,76,2024-02-13,12,1778379.0
748,8,43,2024-06-20,10,350969.0
749,10,70,2024-02-20,14,480976.0
750,4,91,2024-10-11,2,256283.4
751,15,89,2024-08-23,11,865459.0
752,32,149,2024-10-03,3,3316.45
753,23,120,2023-01-28,14,41555.85
754,9,24,2024-08-23,13,286917.1
755,9,35,2023-08-03,7,73187.05
756,21,100,2024-06-09,4,397480.95
757,37,36,2024-09-23,12,271217.0
758,38,96,2023-02-25,7,469628.7
759,2,46,2024-06-16,15,74757.0
760,30,68,2023-06-28,10,635522.45
761,40,2,2023-07-21,1,13298.1
762,13,3,2023-04-15,11,94302.7
763,42,75,2023-11-21,9,280169.25
764,1,28,2024-10-14,10,135456.7
765,10,117,2023-04-20,12,46774.2
766,3,110,2023-10-25,7,17469.0
767,43,63,2024-06-08,1,132960.1
768,36,124,2023-02-06,11,39395.55
769,29,59,2024-10-09,14,1220326.0
770,31,62,2023-11-13,10,971109.0
771,28,25,2023-07-31,5,60632.0
772,20,26,2023-03-12,13,213446.95
773,36,76,2024-04-04,10,1407882.9
774,45,33,2023-03-31,3,19139.65
775,43,32,2024-10-04,4,50010.0
776,6,89,2024-08-03,4,298976.4
777,41,79,2024-10-05,11,727615.0
778,17,112,2023-09-27,8,16575.6
779,5,107,2024-03-09,1,1437.35
780,11,12,2024-11-04,11,28488.6
781,45,101,2024-10-28,12,5282.95
782,6,113,2023-02-03,13,57134.0
783,22,80,2023-11-10,4,491050.25
785,43,128,2024-07-19,10,46507.0
786,37,35,2023-01-25,5,55028.0
787,18,106,2024-07-08,15,62484.35
788,4,111,2024-07-19,1,4285.0
789,4,80,2023-06-29,13,1679910.0
790,3,30,2024-06-08,8,257983.0
791,48,7,2023-07-09,1,19519.0
792,26,92,2024-08-30,8,710833.0
793,17,6,2023-03-15,3,35461.0
794,13,73,2024-10-30,4,572640.0
795,26,141,2023-09-03,8,36341.3
796,12,133,2023-09-15,12,22713.0
797,3,150,2024-09-04,7,10944.0
798,23,45,2024-09-01,15,148556.0
799,40,150,2024-04-11,12,19748.0
800,45,24,2023-08-28,7,154493.75
801,37,64,2024-11-27,10,1059303.2
802,34,112,2024-02-25,4,8724.0
803,1,138,2023-10-02,2,7947.7
804,2,63,2024-09-18,3,398879.35
805,2,135,2024-09-07,12,19734.0
806,36,76,2023-11-23,10,1481982.0
807,16,140,2023-02-07,4,11911.1
808,46,123,2024-04-30,2,5276.3
809,13,94,2024-06-01,12,464559.5
810,43,34,2024-04-16,15,73763.0
811,20,4,2024-04-07,7,23673.0
812,3,63,2024-03-22,10,1329598.15
813,19,122,2023-08-12,10,12563.75
814,10,82,2023-04-26,4,206536.0
815,7,122,2023-10-19,12,15076.5
817,20,56,2023-03-26,2,85978.0
818,12,126,2024-10-02,3,7629.45
819,18,51,2024-04-05,11,670461.55
820,32,20,2023-01-10,3,87875.0
821,42,103,2024-02-24,11,19681.0
822,45,131,2024-04-12,5,4577.1
823,2,8,2024-04-27,3,14204.4
824,45,26,2023-02-16,6,98514.05
825,22,61,2023-07-20,15,420279.0
826,3,128,2023-05-15,15,69761.0
827,47,91,2023-02-21,5,640708.5
828,15,21,2023-05-26,5,43673.0
829,45,27,2023-05-19,14,231160.0
830,29,139,2024-11-15,12,16244.05
831,19,126,2024-11-28,4,10172.6
832,41,11,2023-03-28,12,434783.0
833,4,35,2024-10-01,6,66033.0
834,10,9,2024-02-02,6,238233.0
835,45,26,2024-06-05,2,34566.0
836,43,50,2024-05-03,9,96409.8
837,44,117,2024-08-20,14,54569.9
838,41,124,2023-04-02,9,32232.55
839,8,20,2023-08-01,8,246668.0
840,12,143,2023-02-26,2,8873.0
841,40,42,2023-12-20,10,59928.0
842,4,100,2023-08-24,8,794961.9
843,22,92,2024-09-07,14,1181759.15
844,40,85,2024-04-02,9,347208.0
845,24,17,2024-03-20,4,56155.0
846,33,116,2024-07-23,13,33482.0
847,9,131,2023-12-22,10,9154.2
848,23,98,2024-03-11,9,714250.0
849,21,93,2023-11-23,15,1507155.0
850,12,92,2023-09-22,12,1012936.55
851,32,49,2023-12-22,8,100808.3
852,49,28,2023-02-10,1,13546.05
853,35,86,2024-06-08,4,374093.0
854,42,49,2024-11-13,14,185700.0
855,3,140,2023-09-03,11,34480.0
856,24,140,2023-12-14,11,34480.0
857,8,47,2024-09-18,3,17450.55
858,45,53,2024-08-31,4,214700.0
859,28,95,2023-06-12,15,994764.95
860,20,131,2023-09-05,11,10599.0
861,45,39,2024-12-04,7,197058.5
862,3,100,2023-01-22,10,993701.9
863,2,94,2024-10-03,8,309706.65
864,5,72,2023-12-31,10,996646.0
865,11,150,2023-01-17,14,21887.05
866,25,138,2024-09-07,11,43713.3
867,13,94,2023-02-13,10,407508.0
868,37,43,2023-12-26,4,140387.0
869,3,84,2024-10-04,5,217119.0
870,22,90,2024-11-24,11,826567.45
871,20,145,2023-01-30,7,30449.0
872,10,126,2024-10-31,1,2543.15
873,25,18,2023-12-04,7,186007.0
874,42,59,2023-01-12,10,871661.0
875,13,92,2024-11-04,12,1012936.55
876,35,150,2024-11-17,1,1563.7
877,18,111,2024-02-17,15,61064.1
878,23,13,2024-12-31,2,15494.0
879,44,12,2023-08-26,1,2726.0
880,39,59,2023-06-15,3,248423.1
881,36,106,2023-11-03,10,41656.55
882,3,68,2023-08-21,2,133794.0
883,11,9,2023-04-03,13,516172.0
884,25,17,2023-06-29,5,66684.3
885,40,117,2023-11-15,12,46774.2
886,17,109,2023-03-28,1,591.85
887,10,40,2024-09-21,10,134748.0
888,22,24,2023-10-27,15,348483.0
889,45,17,2024-03-31,15,210582.0
890,11,127,2024-11-05,11,16190.85
891,11,42,2024-07-15,2,11386.7
892,39,31,2024-04-07,12,99397.0
893,26,24,2024-07-17,13,302018.0
894,36,124,2024-10-14,8,30159.0
895,36,64,2024-11-21,5,557528.0
896,5,48,2023-04-03,3,44209.0
897,44,116,2024-11-16,3,7727.0
898,1,6,2024-02-10,7,78603.95
899,29,28,2023-08-06,7,94819.5
900,19,146,2024-06-07,14,6944.0
901,20,122,2023-09-16,10,12563.75
902,47,146,2024-08-15,7,3472.0
903,16,94,2023-10-12,5,203754.0
904,14,107,2023-09-14,5,7567.0
905,41,132,2024-05-21,11,17193.0
906,41,138,2024-07-11,5,20915.0
907,39,66,2023-06-04,2,23885.85
908,42,98,2024-09-13,13,1031695.0
909,26,26,2024-08-27,8,131351.75
911,40,16,2023-01-31,5,150030.0
912,18,72,2024-10-08,9,852132.9
913,48,52,2024-02-11,2,27408.0
914,31,91,2024-11-01,13,1753518.0
915,19,100,2023-02-16,1,104600.0
916,42,112,2023-01-20,15,31078.3
917,28,15,2024-07-29,4,111599.0
918,11,43,2024-11-10,1,33342.15
919,34,122,2024-04-20,4,5025.5
920,15,148,2024-12-12,8,36369.8
921,1,55,2023-03-10,1,109987.0
922,38,71,2024-04-19,6,781044.0
923,31,7,2024-10-31,8,148342.5
924,21,115,2024-04-20,11,8679.2
925,28,74,2023-11-28,8,657844.6
926,38,144,2023-07-20,5,10517.45
927,38,1,2024-03-11,6,188798.25
928,49,125,2023-12-18,12,38783.75
929,11,84,2023-04-14,1,43424.0
930,35,108,2023-05-03,10,31783.2
931,32,92,2023-06-09,3,253233.9
932,15,113,2023-08-07,10,43950.0
933,34,108,2024-02-23,11,34960.95
934,3,72,2023-07-08,15,1494970.0
935,13,36,2023-03-19,2,42942.85
936,29,57,2023-01-14,7,831534.0
937,39,2,2023-08-17,10,132982.9
938,23,114,2023-12-26,2,1519.05
939,47,34,2024-09-28,1,4918.0
940,42,29,2023-09-05,1,36510.0
941,33,5,2023-02-09,14,331366.0
942,28,147,2024-08-23,10,30301.0
943,5,18,2024-02-13,6,159435.0
944,44,101,2024-02-08,7,3244.0
945,2,80,2023-07-01,12,1473151.7
946,19,102,2023-04-26,9,7113.6
947,48,24,2023-03-16,15,331058.85
948,34,75,2023-11-12,9,294915.0
949,10,144,2023-04-05,6,12620.75
950,18,34,2023-12-16,8,39340.0
951,36,39,2024-07-01,1,28151.35
952,18,56,2024-09-17,14,601843.0
953,11,108,2023-09-15,14,46838.0
954,48,62,2024-08-19,10,1022220.0
955,46,120,2024-05-16,14,41555.85
956,36,40,2023-11-27,6,85104.0
957,32,54,2024-10-13,3,346373.8
958,18,50,2023-01-02,5,56380.0
959,17,84,2023-08-05,11,453779.85
960,47,19,2023-09-29,6,98594.0
961,12,79,2023-08-18,13,816913.55
962,43,97,2023-05-26,10,1285683.45
963,13,100,2024-11-18,15,1569004.0
964,34,70,2024-04-20,12,391651.75
965,39,22,2023-04-14,7,262361.5
966,24,78,2024-06-24,8,974092.0
967,46,15,2024-08-15,8,223198.0
968,22,27,2023-03-14,2,33023.0
969,13,39,2024-10-28,8,237063.0
970,35,11,2023-04-24,4,144928.0
971,20,32,2024-03-21,4,47509.5
972,29,36,2023-04-05,14,316419.0
973,25,19,2024-10-15,13,213621.0
974,14,37,2023-04-09,13,78880.0
975,15,142,2024-04-16,6,4958.0
976,6,77,2024-10-06,2,89409.0
977,5,108,2024-07-25,11,34960.95
978,23,112,2023-07-14,8,16575.6
979,9,58,2024-11-10,7,723683.4
980,3,37,2024-01-18,13,74936.0
981,15,15,2023-06-30,3,83699.0
982,3,116,2024-04-04,2,4893.45
983,38,73,2023-06-09,5,715800.0
984,14,42,2024-02-23,8,47943.0
985,34,85,2023-08-28,7,256548.45
986,36,119,2024-09-15,1,3256.0
987,19,18,2023-05-13,8,212580.0
988,15,117,2023-07-16,10,41030.0
989,17,62,2024-12-06,3,291332.7
990,15,134,2023-08-30,11,49299.3
991,25,19,2024-05-22,6,98594.0
992,40,46,2023-04-29,12,59805.0
993,44,103,2023-08-22,10,16997.4
994,5,103,2024-08-29,11,19681.0
995,22,28,2023-04-30,4,57034.0
996,31,4,2023-02-24,12,38553.85
997,10,95,2024-10-17,15,1047121.0
998,29,57,2024-03-01,14,1663068.0
999,1,56,2024-10-06,7,300921.0
1000,2,105,2024-04-22,9,2786.0
1001,11,40,2023-06-30,10,134748.0
1002,45,78,2023-07-04,5,608808.0
1004,39,94,2023-07-20,1,40751.0
1005,30,57,2023-09-04,14,1579914.6
1006,42,31,2024-01-07,3,24849.0
1007,28,98,2023-10-01,10,793611.0
1008,11,55,2024-01-06,14,1462829.95
1009,38,129,2024-03-22,10,31028.9
1010,44,116,2024-08-19,5,12234.1
1011,23,128,2024-02-29,6,27904.0
1012,14,144,2023-06-06,4,8414.15
1013,33,148,2023-02-27,10,47856.0
1014,8,102,2023-12-24,9,7113.6
1015,30,121,2024-10-01,8,29554.0
1016,6,113,2023-03-09,12,50103.0
1017,18,121,2023-03-09,14,51720.0
1018,28,9,2023-12-05,10,397055.0
1019,36,49,2024-06-18,9,113409.1
1020,16,89,2023-04-05,6,472068.0
1021,35,29,2023-04-10,6,219062.0
1022,6,124,2023-04-11,13,46558.55
1023,30,82,2024-11-19,11,567974.0
1024,17,78,2024-11-06,9,1095854.0
1025,13,16,2023-03-30,7,199539.9
1026,17,113,2024-05-09,4,16701.0
1027,7,74,2024-07-24,15,1298378.0
1028,39,146,2024-06-10,5,2356.0
1029,43,99,2024-05-01,4,407613.65
1030,18,13,2024-04-26,10,73597.45
1031,6,90,2023-04-29,9,676282.2
1032,2,35,2024-08-10,4,44022.0
1033,14,145,2023-05-24,11,47848.0
1034,49,6,2023-10-08,10,118202.0
1035,42,131,2023-06-23,8,7709.0
1036,6,84,2023-09-12,13,564510.0
1037,41,52,2024-07-27,15,195283.9
1038,46,20,2024-01-07,5,146458.65
1039,35,129,2023-02-12,14,43440.65
1040,43,145,2024-10-18,4,16529.05
1041,33,6,2024-08-16,2,23640.0
1042,37,78,2023-10-06,6,694040.55
1043,13,120,2024-02-22,7,20777.45
1044,49,46,2024-10-30,1,4984.0
1045,3,136,2023-01-23,10,19735.0
1046,7,58,2023-10-20,5,544123.0
1047,38,76,2023-08-15,1,140788.1
1048,15,89,2024-10-07,12,944137.0
1049,46,122,2023-11-01,13,16332.4
1050,24,62,2024-06-01,1,97110.9
1051,31,148,2023-06-11,13,62212.0
1052,4,99,2024-12-30,15,1609000.0
1053,12,65,2023-06-21,2,51115.0
1054,17,138,2024-09-08,2,8366.0
1055,4,48,2023-07-29,13,181994.35
1056,14,45,2023-08-08,6,59422.0
1057,30,41,2024-07-09,5,53000.0
1058,47,100,2023-09-24,11,1150603.0
1059,15,150,2024-08-17,4,6583.0
1060,29,134,2023-10-29,14,66047.0
1061,17,82,2024-06-02,15,735785.45
1062,30,58,2023-02-18,8,827067.15
1063,15,60,2024-04-25,5,516567.25
1064,17,135,2024-12-08,2,3289.0
1065,11,125,2023-06-02,8,27217.0
1066,11,65,2024-09-02,14,357808.0
1067,38,136,2023-09-01,12,22497.9
1068,30,70,2024-06-27,6,206133.0
1069,14,90,2024-03-24,8,632779.0
1070,38,9,2023-02-12,3,119116.0
1071,11,6,2024-01-30,7,82741.0
1072,17,110,2024-08-30,9,21337.0
1073,13,136,2023-06-16,8,14998.6
1074,14,74,2023-02-07,1,82231.05
1075,7,1,2023-12-17,12,377596.5
1076,16,34,2024-11-05,1,4918.0
1077,45,84,2024-12-27,9,390815.0
1078,48,145,2024-09-06,14,60898.0
1079,49,15,2023-11-29,1,26505.0
1080,21,16,2023-12-04,5,142528.5
1081,28,31,2024-07-12,8,66265.0
1082,18,91,2023-10-04,6,809316.0
1083,10,119,2023-02-01,3,9278.65
1084,43,116,2024-12-20,9,23180.0
1085,21,90,2023-04-08,5,375712.65
1086,33,32,2024-06-04,15,187537.0
1087,48,105,2023-08-10,6,1764.15
1088,30,34,2024-12-02,3,14753.0
1089,4,55,2024-09-06,10,1099872.0
1090,30,106,2024-04-23,7,30694.0
1091,3,56,2024-05-27,5,214944.0
1092,44,17,2023-08-25,4,53347.25
1093,15,12,2024-06-04,13,33668.0
1094,1,13,2024-06-15,11,80957.1
1095,29,112,2023-05-22,2,4362.0
1096,10,79,2023-12-18,11,727615.0
1097,45,55,2024-03-12,7,769910.0
1098,6,27,2023-05-01,5,78429.15
1099,4,101,2023-10-18,12,5282.95
1100,21,63,2024-03-11,7,930718.8
1101,36,12,2023-11-26,15,40893.0
1102,4,1,2024-08-11,14,463715.0
1103,38,12,2024-09-20,9,24536.0
1104,24,14,2024-04-22,6,204122.7
1105,40,77,2024-11-04,5,223523.0
1106,15,94,2023-06-25,8,309706.65
1107,5,46,2023-12-09,8,39870.0
1108,1,147,2023-01-09,5,15150.0
1109,36,79,2023-12-29,1,66147.0
1110,29,68,2023-02-03,13,869662.0
1111,8,93,2024-05-23,3,286359.45
1112,44,125,2023-03-08,6,19391.4
1113,30,40,2023-11-30,11,148222.8
1114,23,86,2023-01-12,1,88846.85
1115,47,42,2024-06-02,11,65921.0
1116,3,9,2023-10-10,6,238233.0
1117,41,60,2024-09-04,7,723195.1
1118,36,46,2024-11-29,8,39870.0
1119,2,61,2023-11-19,15,399265.05
1120,22,32,2024-02-27,1,12502.0
1121,38,122,2024-09-05,4,5025.5
1122,16,38,2023-07-18,9,238150.0
1123,3,53,2024-07-19,3,161025.0
1124,19,9,2024-04-04,12,476466.0
1125,44,137,2023-12-19,2,6771.0
1126,3,93,2023-07-08,10,1004770.0
1127,40,126,2023-07-29,4,10708.0
1128,26,23,2024-04-11,14,148675.95
1130,30,2,2024-12-06,13,181976.0
1131,37,113,2023-10-30,15,65924.0
1132,23,121,2024-01-27,7,25860.0
1133,49,100,2024-01-10,13,1291812.85
1134,5,72,2023-04-28,14,1395305.0
1135,1,50,2023-12-20,13,139258.6
1136,35,55,2023-05-12,7,769910.0
1137,48,10,2024-10-19,7,213019.45
1138,35,134,2024-04-23,11,49299.3
1139,48,83,2024-09-16,3,384191.4
1140,21,138,2024-06-02,14,55634.85
1141,17,61,2023-01-30,8,212941.55
1142,12,19,2024-01-25,12,197188.0
1143,9,10,2024-12-04,4,121725.4
1144,8,126,2024-05-30,10,26771.0
1145,16,127,2023-01-03,6,8831.2
1146,42,123,2023-10-19,9,24994.0
1147,14,120,2024-09-08,15,44523.65
1148,19,98,2024-02-11,14,1055503.2
1149,21,60,2024-08-25,5,516567.25
1150,43,108,2023-10-26,2,6356.45
1151,34,149,2024-03-20,3,3491.0
1152,40,45,2023-06-06,3,28225.45
1153,17,18,2024-03-21,12,318869.0
1154,11,42,2023-11-13,8,45545.85
1155,2,109,2024-01-07,2,1245.0
1156,21,17,2024-09-04,12,168465.0
1157,48,73,2024-05-03,8,1088015.05
1158,49,133,2023-03-28,11,19779.0
1159,16,51,2024-03-20,2,121902.1
1160,37,146,2023-06-06,15,7068.0
1161,13,103,2024-05-29,6,10198.25
1162,12,115,2024-10-26,11,9136.0
1163,21,66,2023-03-19,9,107487.75
1164,4,62,2024-09-14,7,679776.3
1165,23,19,2024-04-22,7,109274.7
1166,14,118,2024-02-09,13,56096.0
1167,3,111,2023-01-17,7,28497.15
1168,45,25,2024-08-15,6,69121.05
1169,47,2,2023-01-08,10,139982.0
1170,3,56,2023-07-27,3,128966.0
1171,13,66,2024-12-18,12,143317.0
1172,12,25,2023-08-16,8,92161.4
1173,9,105,2024-12-02,8,2476.0
1174,30,28,2023-04-23,12,171103.0
1175,41,54,2023-12-14,6,692748.55
1176,17,38,2023-10-01,10,264611.0
1177,32,10,2024-11-21,6,182588.1
1178,11,60,2023-02-10,9,978760.0
1179,17,129,2024-01-05,13,40337.95
1180,8,103,2023-01-20,1,1789.0
1181,46,70,2023-10-07,9,293739.05
1182,18,135,2024-10-30,13,21379.0
1183,24,17,2024-01-12,1,13337.05
1184,41,78,2023-08-17,14,1704662.0
1185,33,92,2024-09-16,7,590880.05
1186,10,102,2023-12-16,7,5532.8
1187,3,65,2023-07-02,4,102231.0
1188,42,142,2024-08-01,8,6611.0
1189,4,94,2023-07-19,15,580699.85
1190,47,105,2023-05-29,3,929.0
1191,45,48,2024-07-11,13,181994.35
1192,44,69,2023-09-28,3,135795.0
1193,15,68,2023-09-27,6,401383.0
1194,4,127,2023-05-29,9,13246.8
1195,26,8,2024-02-18,12,56819.5
1196,2,13,2024-01-01,13,95676.4
1197,41,138,2024-04-22,12,50197.0
1198,42,133,2023-06-08,11,20820.0
1199,4,101,2023-12-10,8,3521.65
1200,12,83,2023-02-15,9,1152573.25
1201,25,50,2023-06-12,7,74985.4
1202,36,18,2023-02-02,4,100975.5
1203,21,106,2023-08-16,11,45822.3
1204,8,22,2023-09-21,2,74960.7
1205,39,75,2023-07-19,2,62260.15
1206,45,82,2023-10-16,2,98104.6
1207,45,89,2024-08-06,5,393390.0
1208,23,86,2023-08-02,8,748185.0
1209,16,91,2023-10-15,7,944202.0
1210,36,144,2024-05-09,10,21033.95
1211,17,17,2024-09-07,4,56155.0
1212,8,124,2023-02-20,7,26390.0
1213,27,10,2023-05-11,8,256264.0
1214,37,23,2024-02-03,11,116816.75
1215,3,130,2023-04-23,15,62161.0
1216,35,8,2024-02-19,7,34889.0
1217,21,135,2023-10-19,5,7811.85
1218,25,127,2023-05-23,11,17043.0
1219,2,149,2023-03-19,9,9949.35
1220,42,65,2023-11-01,8,204462.0
1221,44,72,2024-04-03,4,378726.05
1222,5,146,2023-10-12,7,3298.4
1223,9,109,2024-07-11,7,4359.0
1224,2,125,2023-10-11,1,3231.9
1225,11,60,2024-12-25,15,1549702.7
1226,49,13,2023-05-24,5,38736.0
1227,43,12,2024-04-28,1,2726.0
1228,11,61,2024-05-15,12,319412.8
1229,20,74,2023-10-26,11,904536.8
1230,17,91,2023-01-01,4,512566.8
1231,25,131,2023-01-25,1,915.8
1232,45,29,2024-10-23,1,34684.5
1233,46,108,2024-03-23,11,36801.0
1234,47,129,2024-09-17,1,3102.7
1236,43,108,2023-12-26,8,25425.8
1237,45,124,2023-03-03,10,37699.0
1238,42,149,2023-02-01,4,4654.0
1239,5,130,2023-11-06,11,45585.0
1240,31,30,2024-05-06,2,64496.0
1241,47,123,2023-07-09,7,18467.05
1242,27,99,2024-11-10,7,750867.0
1243,48,141,2024-12-21,7,33473.0
1244,16,140,2024-08-22,13,38712.5
1245,49,131,2023-06-10,7,6407.75
1246,26,104,2023-06-11,11,38800.85
1247,10,134,2024-07-29,12,56611.0
1248,26,148,2023-01-05,10,45463.2
1249,30,138,2024-07-07,1,3973.85
1250,24,96,2023-11-08,9,603808.6
1251,27,148,2023-04-26,11,50008.95
1252,47,10,2024-09-07,4,128132.0
1253,43,56,2024-03-21,3,122517.7
1254,20,61,2023-05-30,12,319412.8
1255,41,10,2023-01-16,12,365176.2
1256,21,136,2023-11-24,2,3749.65
1257,2,99,2023-05-12,15,1609000.0
1258,45,38,2024-08-26,2,50275.9
1259,38,86,2023-05-12,6,561139.0
1260,42,37,2024-04-23,3,18203.0
1261,25,18,2024-03-01,2,53145.0
1262,45,136,2023-01-10,1,1974.0
1263,20,79,2024-02-17,4,264587.0
1264,36,16,2024-03-07,3,90018.0
1265,25,89,2023-09-17,3,224232.3
1266,24,80,2024-12-21,6,775343.0
1267,30,136,2023-12-15,5,9868.0
1268,48,87,2023-08-25,12,802319.0
1269,18,52,2024-07-14,2,26037.6
1270,2,87,2024-09-25,11,698686.05
1271,24,38,2023-03-11,1,25137.95
1272,24,141,2023-04-17,9,40884.2
1273,36,62,2023-09-06,1,97110.9
1274,46,143,2023-09-06,7,31055.0
1275,21,81,2023-06-30,10,1221485.0
1276,39,25,2024-01-16,8,97012.0
1277,4,22,2023-06-28,5,197264.0
1278,42,135,2023-12-22,14,23023.0
1279,28,135,2024-12-22,5,8223.0
1280,14,17,2023-07-17,9,126349.0
1281,8,46,2024-07-23,7,33141.7
1282,15,99,2023-10-10,11,1120936.35
1283,8,6,2024-01-18,4,47281.0
1284,35,16,2024-06-28,5,150030.0
1285,13,122,2023-06-10,8,10051.0
1286,44,54,2023-01-10,3,346373.8
1287,13,119,2023-06-12,6,18558.25
1288,44,72,2023-07-24,1,99665.0
1289,32,120,2023-10-01,10,31245.0
1290,14,36,2024-07-14,10,226014.0
1291,36,45,2024-05-24,13,128748.0
1292,17,87,2024-06-22,9,571652.05
1293,46,99,2024-11-03,1,107267.0
1294,7,122,2024-10-07,11,13819.65
1295,5,139,2023-06-25,13,17596.85
1296,9,78,2023-12-22,8,974092.0
1297,1,33,2024-06-06,2,12760.4
1298,1,55,2023-06-09,3,313463.9
1299,31,117,2023-09-07,13,53339.0
1300,11,73,2024-04-24,6,816012.0
1301,24,126,2023-09-19,7,18739.0
1302,30,6,2024-09-19,11,123520.9
1303,14,111,2024-05-28,14,56993.35
1304,43,120,2024-03-23,1,3124.0
1305,22,99,2023-08-20,4,407613.65
1306,39,73,2023-01-27,2,286320.0
1307,34,94,2024-12-30,15,580699.85
1308,38,3,2023-02-07,1,9024.0
1309,27,14,2024-08-31,15,510307.7
1310,35,65,2023-04-06,8,194238.9
1311,12,4,2023-02-21,7,23673.0
1312,48,89,2024-07-15,2,149488.2
1313,32,111,2023-01-27,5,20354.7
1314,7,7,2024-02-14,14,273263.0
1315,3,61,2023-12-21,9,252168.0
1316,47,24,2023-08-25,8,176564.15
1317,19,8,2024-10-24,4,19937.0
1318,38,146,2024-10-23,13,6125.6
1319,37,14,2023-12-13,8,272164.55
1320,13,72,2024-03-05,5,473406.85
1321,8,2,2024-05-01,14,195974.0
1322,12,139,2023-03-11,13,17596.85
1323,22,98,2023-09-18,5,376965.7
1324,2,8,2024-12-30,6,29905.0
1325,48,45,2023-02-04,10,99037.0
1326,11,139,2024-08-21,6,8121.55
1327,48,91,2023-10-28,13,1753518.0
1328,33,48,2023-07-14,12,176836.0
1329,41,92,2024-10-24,4,337645.2
1330,31,51,2023-07-28,5,304755.25
1331,46,96,2023-10-02,2,134179.9
1332,14,102,2023-01-14,13,10275.2
1333,29,94,2023-03-11,12,464559.5
1334,48,81,2023-07-27,4,488594.0
1335,18,22,2024-06-28,3,118359.0
1336,2,3,2023-10-28,5,45121.0
1337,19,22,2024-06-02,15,591793.0
1338,3,142,2023-04-26,10,7850.8
1339,15,142,2024-01-05,8,6611.0
1340,39,138,2024-02-10,11,46014.0
1341,35,56,2023-04-05,3,122517.7
1342,6,136,2023-11-09,12,23682.0
1343,29,124,2023-06-30,12,45239.0
1344,36,125,2023-05-29,11,37423.0
1345,15,98,2024-11-21,6,476167.0
1346,48,43,2023-01-19,10,333420.55
1347,33,125,2024-05-17,10,32319.95
1348,15,66,2024-06-14,10,119430.2
1349,30,137,2023-02-04,5,16080.65
1350,42,96,2023-08-27,15,1059313.0
1351,46,148,2024-07-16,9,43070.0
1352,32,39,2023-10-17,10,281511.6
1353,48,28,2024-09-02,12,171103.0
1354,13,48,2023-04-30,11,153995.0
1355,39,20,2024-08-18,5,146458.65
1356,33,30,2023-01-17,11,354727.0
1357,20,23,2024-11-01,1,10620.05
1358,16,122,2023-09-28,12,15870.0
1359,16,141,2024-08-09,4,19127.0
1360,14,30,2024-03-06,2,61271.2
1361,11,28,2023-03-17,15,203184.1
1362,5,55,2023-02-18,7,769910.0
1363,26,32,2023-01-23,11,130650.65
1364,3,129,2023-05-29,11,34131.6
1365,37,111,2023-07-22,7,28497.15
1366,13,85,2023-03-27,9,347208.0
1367,39,120,2023-10-26,3,9373.0
1368,47,20,2023-07-11,15,462502.0
1369,46,89,2024-10-31,1,74744.1
1370,29,93,2024-09-28,5,502385.0
1371,32,131,2023-12-17,14,12815.5
1372,12,136,2024-08-01,8,14998.6
1373,44,144,2023-08-28,15,33212.0
1374,38,122,2023-03-11,9,11902.0
1375,46,110,2024-05-24,8,18965.8
1376,1,92,2024-06-28,6,533125.0
1377,18,107,2024-04-26,8,11501.65
1378,23,45,2024-10-12,15,141128.2
1379,8,28,2024-11-09,12,162547.85
1380,31,88,2023-10-05,4,193346.0
1381,18,27,2024-02-07,4,62743.7
1382,1,79,2024-01-25,12,754073.9
1383,8,65,2023-04-15,13,332250.0
1384,21,57,2023-04-01,11,1306696.0
1385,5,26,2024-06-08,11,180609.25
1386,30,114,2023-02-19,13,9871.45
1387,2,146,2024-04-16,11,5183.2
1388,34,124,2024-09-07,2,7540.0
1389,5,43,2024-11-25,2,66684.3
1390,39,38,2023-11-25,2,50275.9
1391,49,99,2023-10-19,13,1394467.0
1392,22,25,2023-07-15,11,133391.0
1393,9,1,2023-09-14,15,471996.1
1394,13,90,2024-07-24,5,395487.0
1395,17,145,2023-10-16,11,47848.0
1396,16,24,2024-10-14,2,44140.8
1397,24,89,2024-04-20,4,298976.4
1398,46,45,2024-10-22,6,56450.9
1399,5,109,2024-01-28,5,2958.3
1400,27,32,2023-08-10,3,35631.65
1401,23,55,2023-11-03,2,208975.3
1402,9,83,2023-08-01,13,1664827.5
1403,31,3,2023-12-30,10,90242.0
1404,30,148,2023-03-30,15,71783.0
1405,24,53,2024-12-20,5,254956.25
1406,7,100,2023-02-03,2,198740.0
1407,12,49,2023-08-18,8,106114.0
1408,42,11,2023-12-29,15,543479.0
1409,26,100,2024-07-22,15,1490553.8
1410,31,134,2023-05-17,15,70764.0
1411,15,63,2023-10-21,8,1063677.95
1412,47,132,2024-03-28,1,1484.85
1413,43,143,2024-09-03,7,31055.0
1414,45,72,2024-12-11,13,1295640.0
1415,41,121,2023-02-04,4,14777.0
1417,27,129,2023-11-17,15,46543.35
1418,16,33,2024-04-09,10,63800.1
1419,12,53,2024-12-06,12,644100.0
1420,45,24,2024-02-10,12,264846.7
1421,12,40,2024-12-30,13,175173.35
1422,11,126,2023-01-29,3,8031.0
1423,48,63,2023-11-23,14,1861436.65
1424,37,129,2023-08-12,10,32662.0
1425,36,137,2024-09-21,14,45027.15
1426,19,22,2023-07-06,11,433981.0
1427,33,134,2024-08-17,7,33023.0
1428,29,43,2024-07-02,4,140387.0
1429,47,17,2024-09-16,6,80021.35
1430,21,108,2023-09-27,11,34960.95
1431,18,4,2024-10-01,1,3212.9
1432,26,57,2024-11-16,1,118791.0
1433,47,50,2024-07-11,9,96409.8
1434,29,144,2024-05-01,12,26570.0
1435,29,41,2024-07-22,15,151050.0
1436,36,58,2023-12-25,15,1632369.0
1437,35,47,2024-08-05,12,69802.2
1438,47,22,2024-03-01,10,394529.0
1439,8,109,2023-10-16,6,3549.2
1440,39,23,2024-09-05,13,138055.9
1441,11,16,2023-08-04,4,120024.0
1443,24,120,2023-11-23,15,46867.0
1444,24,33,2024-05-22,8,53726.0
1445,27,70,2023-08-29,4,130550.9
1446,10,22,2024-07-02,15,562203.35
1447,10,84,2024-09-03,11,453779.85
1448,40,132,2023-07-31,5,7815.0
1449,33,101,2023-08-12,2,880.65
1450,23,24,2023-04-20,7,162625.0
1451,24,52,2024-03-19,13,169245.35
1452,19,75,2024-08-21,11,342429.4
1453,43,42,2024-08-06,3,17080.05
1454,20,56,2023-10-04,7,285874.95
1455,14,130,2024-09-14,5,20720.0
1456,42,100,2024-03-11,15,1490553.8
1458,41,127,2023-03-23,8,12395.0
1459,5,133,2024-01-10,4,7571.0
1460,18,4,2023-07-25,13,43964.0
1461,10,87,2024-05-05,3,200580.0
1462,32,3,2024-06-27,2,17145.6
1463,26,107,2024-06-18,10,14377.3
1464,24,12,2024-04-11,9,24536.0
1465,8,132,2024-05-30,11,17193.0
1466,41,20,2023-09-30,10,292917.3
1467,5,80,2023-06-20,9,1104864.25
1468,31,69,2023-04-04,15,678975.0
1469,45,124,2023-06-24,1,3770.0
1470,36,77,2023-02-07,7,297286.35
1471,46,68,2023-02-23,9,571970.3
1472,32,6,2023-02-07,2,23640.0
1473,18,4,2024-01-09,14,47346.0
1474,47,9,2024-05-19,3,113160.2
1475,17,59,2024-06-06,6,496847.15
1476,13,82,2023-10-31,13,671243.0
1477,33,144,2024-04-06,3,6642.0
1478,15,84,2023-05-28,3,130272.0
1479,21,104,2024-03-20,2,7054.7
1480,21,95,2023-07-31,5,349040.0
1481,22,44,2023-07-13,4,41065.65
1482,36,99,2023-07-18,15,1609000.0
1483,43,12,2023-08-16,4,10359.75
1484,16,104,2024-11-09,3,10582.05
1485,8,31,2023-04-06,15,118034.65
1486,11,127,2023-11-22,9,13246.8
1487,49,129,2023-03-07,13,40337.95
1488,28,148,2023-01-26,15,68193.85
1489,30,26,2024-08-28,6,103699.0
1490,27,82,2023-01-09,14,722877.0
1491,19,87,2023-06-15,10,668599.0
1492,45,28,2023-07-20,3,42776.0
1493,10,26,2024-06-21,11,190115.0
1494,21,51,2024-12-18,9,577431.0
1495,35,30,2024-02-21,1,30635.6
1496,44,81,2023-01-19,2,232082.15
1497,37,67,2023-12-10,10,814995.5
1498,9,127,2024-05-03,6,8831.2
1499,44,39,2023-11-21,7,197058.5
1500,46,130,2023-08-25,7,29009.0
1501,44,128,2024-05-23,8,37206.0
1502,43,8,2024-02-03,1,4734.8
1503,25,32,2023-01-06,8,95019.0
1504,29,108,2024-07-01,15,50183.0
1505,38,25,2023-08-31,14,169770.0
1506,39,125,2023-06-16,10,34021.0
1507,7,110,2023-07-20,5,12478.0
1508,2,117,2023-01-07,9,35080.65
1509,42,129,2024-07-31,12,37235.25
1510,8,38,2024-07-30,2,52922.0
1511,26,150,2023-05-02,14,21887.05
1512,8,73,2024-05-21,11,1496021.05
1513,24,91,2024-10-02,10,1281417.0
1514,24,8,2023-09-01,5,23674.95
1515,46,76,2023-07-27,1,140788.1
1516,2,116,2024-11-13,7,18029.0
1517,37,110,2023-02-14,11,27451.0
1518,16,144,2024-12-04,6,13285.0
1519,17,31,2024-01-25,4,31475.4
1520,30,45,2023-03-04,4,37634.25
1521,49,7,2023-06-22,7,136631.0
1522,15,1,2023-04-11,2,66245.0
1523,45,68,2023-12-14,3,200691.0
1524,29,103,2023-01-31,12,21470.0
1525,30,37,2023-04-19,9,51878.55
1526,26,139,2023-06-24,6,8549.0
1527,48,135,2023-06-02,8,12498.2
1528,35,98,2023-02-15,3,238083.0
1529,7,24,2024-07-12,14,308988.45
1530,20,30,2023-10-10,10,322479.0
1531,48,11,2023-04-26,11,398551.0
1532,46,137,2023-12-23,10,33855.0
1533,46,21,2023-07-31,9,74680.45
1534,18,84,2024-09-26,4,165011.2
1535,7,110,2024-04-19,3,7487.0
1536,40,25,2023-10-28,3,36379.0
1537,18,70,2023-02-09,4,130550.9
1538,16,35,2024-10-13,9,99050.0
1539,48,15,2023-10-21,14,371067.15
1540,8,37,2023-01-10,13,74936.0
1541,37,150,2024-02-19,6,9874.0
1542,3,81,2023-05-07,13,1508533.5
1543,42,69,2023-04-10,15,678975.0
1544,44,27,2024-03-13,10,165114.0
1545,8,18,2023-04-24,3,75731.15
1546,5,10,2024-07-16,6,182588.1
1547,49,71,2024-06-05,14,1822437.0
1548,27,1,2024-01-02,2,66245.0
1549,25,141,2024-11-03,10,45427.1
1550,30,42,2024-03-04,4,23971.0
1551,26,41,2023-06-15,12,127200.0
1552,8,41,2024-01-20,5,53000.0
1553,43,71,2023-06-16,12,1562089.0
1554,34,108,2024-07-04,4,13382.0
1555,14,104,2024-06-29,4,14852.0
1557,41,57,2023-08-19,8,950325.0
1558,3,4,2024-04-29,11,35340.95
1559,1,64,2024-03-09,4,423720.9
1560,16,105,2024-12-17,11,3405.0
1561,7,133,2023-10-08,10,18927.0
1562,36,1,2023-01-26,8,264980.0
1563,39,51,2024-11-05,15,962385.0
1564,16,72,2024-09-25,15,1420221.5
1565,40,120,2023-01-22,2,5936.55
1566,28,50,2023-08-17,7,74985.4
1567,2,88,2023-05-28,8,367357.4
1568,7,115,2024-10-04,14,11628.0
1569,7,61,2023-07-29,15,420279.0
1570,3,4,2024-04-18,7,22489.35
1571,6,34,2023-01-11,11,51388.35
1572,19,110,2023-06-10,12,29946.0
1573,3,46,2023-12-02,11,52079.95
1574,1,73,2023-06-21,10,1431599.0
1575,47,87,2024-10-04,9,601739.0
1576,48,129,2024-02-26,8,26130.0
1577,30,31,2024-01-24,9,74548.0
1578,49,2,2024-01-19,11,153980.0
1579,21,79,2024-01-06,9,595322.0
1580,33,134,2023-10-16,2,8963.25
1581,13,146,2024-01-30,4,1984.0
1582,39,64,2024-10-25,4,446022.0
1583,25,100,2023-10-19,8,836802.0
1584,16,48,2023-10-30,12,167994.2
1585,15,42,2023-03-03,15,85398.35
1586,17,69,2023-08-19,2,86003.5
1587,29,46,2023-11-02,4,19935.0
1588,43,102,2024-05-04,13,10816.0
1589,30,131,2024-06-09,6,5782.0
1590,30,98,2024-07-24,11,829323.4
1591,36,106,2023-01-09,7,29159.3
1592,37,101,2023-03-29,5,2317.0
1593,14,132,2023-12-19,6,8909.1
1594,21,49,2023-08-29,5,63004.95
1595,49,18,2023-05-06,13,328169.9
1596,45,77,2023-01-18,13,581161.0
1597,39,115,2023-05-04,2,1577.95
1598,9,76,2024-07-19,15,2222973.0
1599,14,76,2023-07-29,12,1689460.05
1600,44,10,2023-10-09,11,334744.85
1601,14,141,2023-08-07,9,40884.2
1602,5,45,2024-08-14,15,141128.2
1603,7,18,2023-08-16,6,159435.0
1604,30,55,2024-04-02,4,439949.0
1605,9,95,2024-09-05,7,464223.2
1606,18,99,2023-06-06,8,858133.0
1607,17,13,2023-06-08,2,15494.0
1608,31,15,2024-08-25,9,251098.0
1609,7,108,2024-11-10,8,25425.8
1610,3,74,2023-01-21,15,1298378.0
1611,40,146,2024-10-05,10,4712.0
1612,48,61,2024-02-02,11,308205.0
1613,34,90,2023-01-31,4,300569.55
1614,5,142,2024-11-08,1,784.7
1615,15,63,2024-10-30,4,559831.0
1616,25,93,2024-11-23,13,1306201.0
1617,26,146,2023-02-26,9,4464.0
1618,1,86,2024-07-07,4,374093.0
1619,43,140,2024-07-13,8,23823.15
1620,35,135,2024-11-15,3,4687.3
1621,20,70,2024-05-26,2,65275.45
1622,20,94,2023-09-30,10,387132.6
1623,2,10,2024-06-01,7,224231.0
1624,43,65,2023-03-18,7,178904.0
1625,38,130,2023-08-26,14,58017.0
1626,29,35,2024-01-31,10,110055.0
1627,21,89,2023-04-28,15,1180171.0
1628,11,41,2024-03-22,1,10070.0
1629,10,49,2024-01-31,2,26528.0
1630,41,117,2023-04-28,9,36927.0
1631,17,107,2023-09-26,10,15134.0
1632,32,109,2023-05-31,10,6227.0
1633,12,92,2024-10-14,4,337645.2
1634,24,110,2023-06-20,1,2371.2
1635,15,107,2024-08-20,8,12107.0
1636,37,80,2023-10-24,6,736575.85
1637,45,114,2023-10-22,15,11989.0
1638,13,45,2023-07-24,11,108941.0
1639,10,103,2023-05-21,14,23796.55
1640,18,58,2024-05-10,3,310150.3
1641,25,147,2024-08-09,4,11514.0
1642,42,46,2024-06-02,7,34886.0
1643,10,36,2023-08-08,10,214713.3
1644,19,112,2024-03-25,8,17448.0
1645,9,4,2024-07-21,1,3212.9
1646,8,4,2024-07-18,8,25702.25
1647,48,35,2024-06-10,10,110055.0
1648,14,87,2023-12-27,7,468019.0
1649,4,72,2023-11-11,12,1136177.2
1650,34,125,2023-06-16,4,12927.6
1651,47,67,2023-03-19,12,1029469.0
1652,45,110,2023-03-30,15,37433.0
1653,37,36,2023-03-26,3,67804.0
1655,34,63,2024-08-04,9,1196638.05
1656,35,137,2023-04-27,4,12864.9
1657,48,128,2023-03-13,4,18603.0
1658,2,141,2023-06-30,15,68140.65
1659,9,107,2023-04-23,10,15134.0
1660,31,79,2023-07-18,1,62839.65
1661,22,107,2024-06-11,14,20127.65
1662,25,11,2024-03-11,15,516305.05
1663,10,48,2023-10-26,12,176836.0
1664,13,85,2023-09-09,11,424366.0
1665,12,132,2023-04-25,6,9378.0
1666,32,53,2024-03-03,2,107350.0
1667,41,56,2024-05-28,11,449232.2
1668,18,136,2023-05-02,6,11841.0
1669,2,32,2024-12-02,11,130650.65
1670,48,70,2023-07-16,7,240488.0
1671,1,92,2023-10-14,7,621979.0
1672,41,8,2024-06-04,3,14204.4
1673,31,143,2024-08-24,6,26619.0
1674,43,3,2024-04-08,13,117314.0
1675,41,149,2024-10-30,4,4654.0
1676,23,2,2023-07-10,13,181976.0
1677,31,107,2024-04-22,2,2875.65
1678,19,125,2024-03-18,1,3231.9
1679,43,116,2023-04-07,11,26914.45
1680,48,69,2024-07-11,1,45265.0
1681,17,129,2023-01-20,3,9309.05
1682,22,64,2024-11-02,3,334517.0
1683,13,32,2024-09-19,2,25005.0
1684,16,61,2023-08-12,1,28019.0
1685,26,149,2023-04-30,6,6982.0
1686,45,62,2023-03-02,4,408888.0
1687,3,93,2024-02-18,12,1145437.8
1688,31,53,2023-03-28,1,53675.0
1689,43,74,2023-04-06,4,346234.0
1691,40,72,2023-07-25,7,697652.0
1692,33,54,2023-12-10,14,1616412.65
1693,35,61,2023-03-30,13,364242.0
1694,41,49,2023-02-08,12,159171.0
1695,34,129,2024-04-15,15,46543.35
1696,25,90,2023-03-03,8,601140.05
1697,7,110,2024-09-03,9,21337.0
1698,26,9,2023-11-03,14,528083.15
1699,47,122,2024-02-11,7,9257.0
1700,15,89,2023-03-06,8,597952.8
1701,49,49,2023-02-06,7,92850.0
1702,27,33,2023-01-10,1,6380.2
1703,23,10,2024-02-22,4,121725.4
1704,41,22,2023-12-19,9,337322.2
1705,31,115,2024-05-30,14,11628.0
1706,14,48,2023-08-22,4,55997.75
1707,21,127,2023-03-03,4,5887.15
1708,11,19,2023-06-01,4,62442.55
1709,9,14,2024-09-24,11,374225.9
1710,28,88,2023-01-20,3,145009.0
1711,4,115,2024-09-18,5,3945.35
1712,1,68,2024-04-16,4,267588.0
1713,41,25,2023-03-24,15,181897.0
1714,17,35,2024-12-23,4,41820.9
1715,47,62,2023-12-16,7,715554.0
1716,16,48,2024-09-21,15,221045.0
1717,20,123,2023-06-27,7,19439.0
1718,23,28,2024-05-16,2,28517.0
1719,35,91,2023-12-15,6,809316.0
1720,39,11,2024-07-21,8,289855.0
1721,16,64,2024-01-08,3,334517.0
1722,41,144,2023-03-12,9,19927.0
1723,39,63,2023-07-04,14,1861436.65
1724,23,130,2023-04-10,11,43305.75
1725,26,69,2024-10-31,5,226325.0
1726,21,60,2024-01-07,11,1136448.9
1727,40,72,2023-01-03,14,1395305.0
1728,29,46,2023-08-01,14,66284.35
1729,36,55,2023-02-08,1,104487.65
1730,30,93,2023-11-17,8,803816.0
1731,1,3,2023-12-05,9,81218.0
1732,31,45,2023-11-07,8,79230.0
1733,40,37,2024-12-05,14,84948.0
1734,17,115,2023-01-31,7,5523.3
1735,49,52,2023-05-16,12,156226.55
1736,26,7,2023-01-22,6,111257.35
1737,37,119,2024-07-23,14,45581.0
1738,9,89,2023-08-21,6,472068.0
1739,6,1,2024-11-09,14,463715.0
1740,6,138,2023-05-18,11,46014.0
1741,6,30,2024-02-14,12,386974.0
1742,45,82,2024-04-23,12,619608.0
1743,23,76,2024-05-03,2,281576.2
1744,5,85,2024-07-20,1,36650.05
1745,5,2,2023-03-22,14,186175.3
1747,29,148,2023-01-13,4,18184.9
1748,3,83,2024-08-21,3,404412.0
1749,3,99,2024-08-03,3,305710.0
1750,28,95,2023-10-22,11,767888.0
1751,36,115,2024-10-15,5,3945.35
1752,27,97,2023-05-21,5,676675.0
1753,42,27,2024-09-22,13,203916.55
1754,45,146,2024-08-02,8,3968.0
1755,45,101,2023-03-11,9,3962.45
1756,27,126,2024-05-03,4,10708.0
1757,11,47,2024-08-26,12,73476.0
1758,10,68,2024-11-09,4,267588.0
1759,3,96,2023-07-25,7,469628.7
1760,1,57,2024-01-28,4,475162.0
1761,21,89,2023-10-07,12,896930.15
1762,38,71,2023-03-31,5,618326.5
1763,47,55,2023-10-08,8,879898.0
1764,16,107,2023-10-31,4,5751.3
1765,2,133,2024-06-15,6,11356.0
1766,29,47,2024-10-31,3,17450.55
1767,11,1,2023-03-01,1,33123.0
1768,37,28,2024-03-09,11,149001.8
1769,11,32,2023-03-12,15,178160.15
1770,36,34,2023-09-05,6,29505.0
1771,26,117,2023-12-31,6,23387.1
1772,2,47,2023-11-03,13,79598.0
1773,35,140,2024-03-01,3,8933.8
1774,37,101,2023-12-26,14,6163.6
1775,2,19,2024-11-28,14,218550.35
1776,31,45,2024-06-22,7,65859.7
1777,42,27,2024-08-25,8,125487.4
1778,38,56,2023-02-11,11,449232.2
1779,9,68,2023-09-02,7,444866.0
1780,49,129,2024-05-24,6,18617.15
1781,6,46,2024-02-14,5,23673.05
1782,12,3,2024-09-08,4,34292.15
1783,4,37,2024-06-22,9,51878.55
1784,15,27,2024-08-04,1,15685.45
1785,24,103,2023-05-03,5,8498.7
1786,31,149,2024-07-08,9,10473.0
1787,7,126,2024-05-18,5,13385.0
1788,1,134,2023-04-10,8,37741.0
1789,35,67,2024-12-18,2,162999.1
1790,27,56,2024-06-26,8,343910.0
1791,47,103,2024-11-23,9,15297.85
1792,45,78,2023-12-11,10,1217616.0
1793,42,149,2023-07-04,3,3491.0
1794,26,68,2024-08-04,3,190656.45
1795,3,18,2024-06-05,3,75731.15
1796,40,88,2024-10-28,13,628374.0
1797,47,1,2023-12-17,6,198735.0
1798,25,138,2023-04-11,7,29281.0
1799,1,109,2023-10-01,10,5915.65
1800,8,71,2023-08-31,8,989322.4
1801,6,26,2023-07-27,4,65676.35
1802,9,111,2024-08-15,7,29997.0
1803,2,75,2024-08-08,12,393221.0
1804,13,66,2024-05-05,15,188574.0
1805,48,60,2023-08-27,12,1239762.35
1806,8,119,2023-05-14,13,40209.7
1807,4,81,2024-09-01,12,1392492.9
1808,39,21,2024-10-06,5,43673.0
1809,3,78,2023-10-21,1,115673.9
1810,9,48,2024-08-12,8,117891.0
1811,49,98,2023-10-05,15,1130896.15
1812,12,70,2023-06-20,6,206133.0
1813,5,124,2023-06-04,12,45239.0
1814,2,107,2023-01-27,8,12107.0
1815,49,67,2023-09-16,12,1029469.0
1816,39,65,2024-12-25,12,291357.4
1817,12,51,2023-12-30,15,962385.0
1818,26,99,2024-02-28,5,536333.0
1819,44,2,2024-03-01,14,195974.0
1820,1,141,2023-04-21,5,23909.0
1821,3,131,2024-12-14,2,1927.0
1822,10,61,2023-06-07,6,168112.0
1823,38,131,2024-06-10,6,5492.9
1824,37,72,2024-04-03,1,99665.0
1825,43,96,2023-12-31,10,670897.6
1826,21,92,2024-10-27,10,888541.0
1827,36,67,2024-07-28,5,428945.0
1828,23,124,2023-10-31,15,56549.0
1829,15,21,2023-09-29,1,8298.25
1830,46,51,2023-03-14,4,256636.0
1831,24,136,2023-02-13,2,3947.0
1832,5,56,2023-01-03,1,42989.0
1833,21,74,2024-11-10,6,519351.0
1834,16,45,2024-12-06,9,89133.0
1835,28,8,2023-08-09,8,39873.0
1836,46,86,2023-02-21,5,444235.2
1837,30,49,2023-07-17,7,92850.0
1838,34,52,2023-04-19,10,137041.0
1839,10,114,2023-08-01,13,9871.45
1840,27,44,2024-06-23,6,61598.95
1841,31,118,2024-12-13,1,4315.0
1842,3,133,2023-01-24,11,20820.0
1843,14,61,2023-09-12,8,224149.0
1844,22,143,2023-06-14,5,22182.0
1845,39,38,2023-12-02,5,125690.7
1846,40,111,2023-08-07,15,64278.0
1847,15,32,2023-05-06,5,62512.0
1848,49,6,2023-11-12,14,165483.0
1849,35,108,2024-03-10,3,9535.15
1850,36,119,2023-05-22,2,6186.4
1851,22,58,2024-06-19,14,1523544.0
1852,26,140,2023-06-20,5,15673.0
1853,44,27,2023-12-08,5,78429.15
1854,48,143,2024-02-10,6,26619.0
1855,41,103,2023-01-19,15,25496.1
1856,2,95,2024-03-03,13,907505.0
1857,47,86,2023-05-29,3,280569.0
1858,47,55,2024-10-07,15,1567317.6
1859,32,139,2023-02-18,7,9475.3
1860,36,43,2023-05-12,11,366761.75
1861,14,149,2023-09-20,9,10473.0
1862,43,146,2024-04-23,5,2480.0
1863,26,79,2023-03-06,3,198441.0
1864,32,129,2024-02-09,11,34131.6
1865,15,148,2024-01-19,6,27277.35
1866,37,78,2024-07-21,11,1339377.0
1867,49,52,2023-01-07,12,156226.55
1868,46,16,2023-04-20,5,150030.0
1869,39,7,2024-05-05,1,18543.05
1870,4,122,2024-09-21,14,17589.25
1871,19,45,2023-10-01,6,59422.0
1872,49,144,2024-10-27,1,2214.0
1873,17,66,2024-08-15,10,125716.0
1874,36,21,2024-03-23,4,34938.0
1875,1,88,2024-08-05,12,551036.1
1876,27,107,2023-03-20,3,4540.0
1877,48,81,2023-01-17,2,244297.0
1878,17,137,2023-06-05,14,47397.0
1879,17,127,2023-06-13,6,8831.2
1880,8,80,2023-10-23,1,122762.8
1881,34,74,2023-01-20,2,164461.15
1882,26,75,2023-07-17,1,31129.6
1883,19,2,2024-01-18,1,13298.1
1884,5,117,2024-10-01,14,54569.9
1885,18,130,2023-07-15,11,45585.0
1886,14,6,2024-10-28,1,11820.0
1887,18,101,2023-03-13,7,3244.0
1888,40,2,2023-07-24,8,111985.0
1889,24,5,2023-10-23,8,179884.4
1890,41,91,2024-02-14,13,1753518.0
1891,46,150,2023-09-09,7,10944.0
1892,22,146,2023-11-08,9,4240.8
1893,37,110,2023-09-08,11,26078.45
1894,19,30,2024-01-16,7,214448.25
1895,12,104,2024-08-20,8,29704.0
1896,1,86,2023-01-11,13,1155010.95
1897,22,98,2023-10-29,1,75392.95
1898,48,125,2023-03-25,1,3402.0
1899,10,123,2023-11-05,9,23744.3
1900,13,145,2023-07-26,15,65248.0
1901,35,117,2023-08-23,5,20515.0
1902,1,129,2023-11-13,2,6532.0
1903,3,54,2023-10-14,7,808206.8
1904,30,15,2024-07-05,3,79514.05
1906,47,100,2023-03-19,12,1255203.0
1907,1,124,2024-07-24,13,49009.0
1908,37,18,2024-11-04,7,186007.0
1909,26,71,2023-04-01,14,1731315.15
1910,23,119,2023-08-25,9,29302.0
1911,34,77,2024-04-15,11,467163.45
1912,21,5,2024-08-17,5,112427.75
1913,22,133,2023-08-23,13,23374.75
1914,28,72,2024-11-30,11,1041495.45
1915,11,8,2023-09-03,9,44857.0
1916,48,16,2024-02-24,9,256551.3
1917,18,36,2024-10-29,9,193242.35
1918,25,22,2024-09-25,12,473434.0
1919,13,23,2024-03-08,14,156501.0
1920,24,69,2024-08-16,12,543180.0
1921,43,25,2024-05-07,6,69121.05
1922,27,150,2024-01-28,8,12506.75
1923,24,24,2024-08-15,15,348483.0
1924,31,113,2024-01-31,2,8790.0
1925,17,7,2024-01-24,14,273263.0
1926,44,11,2024-12-30,11,378623.45
1927,36,90,2023-06-20,15,1186460.0
1928,36,147,2024-03-28,6,18180.0
1929,27,59,2023-06-03,4,331231.75
1930,27,8,2023-06-29,14,69778.0
1931,32,94,2024-06-10,15,580699.85
1932,3,106,2024-03-21,12,52618.0
1933,4,102,2024-11-15,3,2496.0
1934,26,98,2023-06-07,13,1031695.0
1935,37,113,2023-08-18,14,61529.0
1936,3,138,2023-12-09,15,62746.0
1937,33,22,2024-08-06,14,524723.0
1938,17,1,2023-07-18,3,99368.0
1939,30,12,2024-01-31,8,20718.55
1940,47,35,2023-05-10,9,99050.0
1941,35,17,2023-06-30,15,200052.9
1942,5,62,2024-04-23,4,408888.0
1943,6,101,2024-05-05,14,6488.0
1944,26,5,2024-05-02,9,213021.0
1945,29,103,2023-12-16,4,7157.0
1946,15,120,2024-11-19,9,26714.0
1947,39,140,2024-12-09,11,32756.0
1948,28,115,2023-11-30,2,1577.95
1949,32,116,2024-12-02,11,26914.45
1950,17,117,2023-10-26,15,61545.0
1951,32,29,2024-01-14,2,69369.95
1952,15,140,2023-01-14,1,2978.25
1953,38,142,2023-12-05,5,3925.4
1954,31,112,2024-04-02,12,26171.0
1955,4,27,2023-10-28,14,219602.0
1956,42,22,2024-04-10,2,74960.7
1957,20,16,2024-01-18,2,57011.4
1958,40,58,2024-10-24,11,1137216.5
1959,33,28,2024-04-10,15,213878.0
1960,33,87,2024-10-14,7,468019.0
1961,31,104,2024-05-27,5,17636.75
1962,30,48,2023-05-09,3,44209.0
1963,1,30,2023-11-26,7,214448.25
1964,21,3,2023-03-29,10,90242.0
1965,20,33,2024-10-16,6,38280.25
1966,4,90,2024-05-05,8,632779.0
1967,39,75,2023-12-19,15,491526.0
1968,41,65,2024-02-04,10,242798.15
1969,37,98,2024-05-30,3,226178.85
1970,16,114,2024-10-11,12,9591.0
1971,39,102,2023-06-29,1,832.0
1972,36,21,2024-04-17,4,33191.1
1973,31,83,2024-05-08,11,1408700.85
1974,38,37,2024-11-18,5,30339.0
1975,37,140,2024-07-24,13,38712.5
1976,5,132,2023-10-17,15,23445.0
1977,49,51,2023-09-14,3,182853.15
1978,31,3,2024-06-05,5,45121.0
1979,36,82,2024-08-04,11,539575.3
1980,19,47,2023-07-21,11,63985.35
1981,34,16,2023-02-05,5,142528.5
1982,40,103,2024-12-30,9,16103.0
1983,29,60,2023-08-07,8,826508.55
1984,11,138,2023-03-12,5,20915.0
1985,40,59,2023-07-28,10,828077.95
1986,22,134,2023-11-02,10,44817.2
1987,49,30,2023-08-20,15,483718.0
1988,40,37,2024-12-02,4,23057.45
1989,16,55,2024-07-05,6,659923.0
1990,49,5,2023-04-08,8,189352.0
1991,15,108,2024-11-22,14,46838.0
1992,32,99,2023-12-25,13,1324743.65
1993,22,103,2024-07-14,5,8498.7
1994,10,10,2023-06-11,1,30431.35
1995,6,140,2024-01-30,1,3135.0
1996,40,115,2023-03-13,8,6645.0
1997,18,86,2024-11-07,13,1155010.95
1998,23,76,2023-04-21,15,2111824.35
1999,24,103,2023-04-02,5,8946.0
2000,12,72,2023-05-19,5,473406.85
2001,47,70,2023-09-19,8,274843.0
2002,16,137,2024-04-22,2,6771.0
2003,5,108,2024-06-23,15,47673.85
2004,49,79,2024-05-18,13,859909.0
2005,7,122,2023-03-03,5,6612.0
2006,42,64,2023-09-07,10,1059303.2
2007,49,72,2023-09-28,4,398659.0
2008,18,88,2024-05-06,8,386692.0
2009,45,125,2024-04-15,3,9695.7
2010,20,23,2024-02-26,15,167679.0
2011,33,47,2024-08-10,1,6123.0
2012,42,82,2024-03-23,2,103268.0
2013,19,40,2024-10-14,14,188648.15
2014,4,135,2024-11-01,1,1645.0
2015,23,107,2024-01-16,3,4540.0
2016,29,27,2023-07-01,4,62743.7
2017,45,92,2023-04-01,1,88854.0
2018,34,13,2023-05-29,7,51518.5
2019,4,128,2024-05-02,2,8835.95
2020,14,143,2023-06-05,9,37931.6
2021,18,52,2023-02-06,10,130188.95
2022,21,63,2024-02-13,8,1119661.0
2023,41,146,2023-11-20,4,1984.0
2024,31,33,2023-07-13,7,47010.0
2025,13,60,2023-09-25,8,826508.55
2026,46,117,2023-07-09,1,3897.85
2027,47,95,2024-10-10,1,66317.6
2028,21,102,2024-08-21,11,8694.4
2029,35,69,2023-05-21,7,316855.0
2030,13,82,2023-05-27,2,98104.6
2031,45,22,2024-07-12,5,187400.8
2032,12,46,2023-05-31,14,66284.35
2033,9,64,2024-08-24,4,423720.9
2034,35,143,2023-08-08,1,4436.0
2035,43,145,2023-08-03,12,52198.0
2036,30,127,2023-06-06,14,21691.0
2037,6,5,2023-12-18,11,247341.05
2038,43,38,2024-07-08,10,264611.0
2039,11,72,2023-04-17,7,662769.4
2040,46,132,2024-06-24,1,1563.0
2041,8,109,2024-02-07,12,7472.0
2042,15,31,2024-04-09,11,91114.0
2043,37,51,2023-04-03,11,670461.55
2044,26,21,2024-06-28,7,58084.9
2045,2,63,2023-11-03,4,531839.45
2046,44,41,2024-12-07,1,10600.0
2047,18,81,2023-05-11,11,1343633.0
2048,18,77,2024-03-08,10,447047.0
2049,32,8,2024-07-01,5,23674.95
2050,12,30,2024-11-05,8,245083.85
2051,48,3,2024-12-01,2,18048.0
2052,23,63,2023-03-06,7,979704.0
2053,19,61,2024-05-19,10,266176.7
2054,41,136,2023-06-22,11,21708.0
2055,18,33,2023-08-17,8,51039.7
2056,39,16,2023-05-31,10,285057.0
2057,30,6,2023-03-12,4,44916.95
2058,7,113,2024-04-10,10,43950.0
2059,40,33,2024-05-11,13,87305.0
2060,40,135,2024-11-10,10,16445.0
2061,28,102,2023-05-30,6,4742.4
2062,20,75,2023-06-29,3,93389.75
2063,17,112,2024-05-28,11,23990.0
2064,7,20,2024-02-24,7,215834.0
2065,48,140,2023-10-19,8,23823.15
2066,38,26,2023-07-12,3,49257.5
2067,49,58,2023-03-14,1,108825.0
2068,17,122,2023-01-30,5,6612.0
2069,11,130,2024-03-10,4,16576.0
2070,9,71,2024-07-23,3,370995.9
2071,49,11,2024-05-22,4,137681.6
2072,21,145,2023-02-23,2,8265.0
2073,43,116,2024-06-15,11,28331.0
2074,16,63,2024-05-02,9,1259619.0
2075,14,74,2024-07-31,12,986767.85
2076,39,34,2023-03-18,10,46716.25
2077,45,12,2023-08-01,12,31078.3
2078,27,53,2024-06-11,3,152973.75
2079,27,84,2024-11-30,2,82505.6
2080,34,29,2024-06-06,15,520272.25
2081,33,134,2023-02-09,15,67225.8
2082,47,127,2023-04-21,12,18592.0
2083,10,53,2024-06-05,8,429400.0
2084,4,125,2023-10-02,8,25856.15
2085,37,34,2023-01-26,8,39340.0
2086,41,53,2024-11-02,4,203965.0
2087,49,23,2023-08-02,14,148675.95
2088,4,62,2024-10-25,1,102222.0
2089,9,147,2024-03-22,9,27271.0
2090,26,103,2024-02-09,3,5368.0
2091,42,136,2024-06-21,7,13123.3
2092,5,136,2023-04-26,2,3749.65
2093,46,67,2023-03-10,8,686312.0
2094,9,33,2023-02-14,4,26863.0
2095,27,40,2024-10-02,14,188648.15
2096,46,12,2023-06-17,14,38167.0
2097,38,103,2024-04-13,6,10735.0
2098,33,31,2023-04-16,2,16566.0
2099,20,77,2023-03-24,13,552102.95
2100,10,129,2024-05-19,7,21719.85
2101,43,7,2023-08-13,1,18543.05
2102,36,71,2023-08-03,7,865657.1
2103,7,11,2023-10-18,6,206521.45
2104,10,145,2023-01-20,14,60898.0
2105,33,105,2024-07-10,8,2476.0
2106,31,96,2024-03-20,5,335448.8
2107,39,90,2024-04-28,5,375712.65
2108,24,21,2024-04-21,4,34938.0
2109,10,54,2024-10-19,13,1579953.0
2110,4,116,2023-02-16,2,4893.45
2111,33,143,2024-08-26,7,31055.0
2112,17,118,2023-09-11,15,64727.0
2113,6,121,2023-05-01,11,40637.0
2114,24,20,2023-04-18,9,277501.0
2115,34,28,2023-06-11,5,71293.0
2116,48,4,2024-11-26,12,38553.85
2117,35,45,2024-11-28,5,49519.0
2118,23,98,2023-06-12,2,150785.9
2119,45,145,2024-05-29,12,49588.1
2120,13,4,2023-09-13,12,38553.85
2121,12,107,2023-04-16,10,14377.3
2122,34,126,2023-05-16,1,2543.15
2123,11,145,2024-09-24,12,49588.1
2124,12,15,2023-09-23,14,371067.15
2125,3,78,2024-08-09,12,1388082.05
2126,6,3,2023-11-13,6,54145.0
2127,49,33,2024-12-17,13,87305.0
2128,19,102,2023-04-22,10,7904.0
2129,23,146,2023-03-05,1,471.2
2130,45,74,2023-02-06,11,904536.8
2131,39,53,2024-12-18,6,322050.0
2132,47,18,2023-02-24,8,212580.0
2133,41,43,2024-11-07,8,266736.25
2134,13,58,2024-06-06,4,413533.1
2135,14,115,2023-03-19,10,7890.7
2136,45,21,2023-02-13,1,8735.0
2137,16,65,2024-06-20,14,339917.6
2138,40,107,2024-01-21,1,1513.0
2139,33,71,2024-11-29,13,1692263.0
2140,40,112,2024-06-09,15,31078.3
2141,10,91,2023-07-01,3,384425.1
2142,44,31,2024-03-11,15,118034.65
2143,5,39,2023-06-11,14,394117.0
2144,37,75,2023-05-02,10,311299.8
2145,26,33,2024-02-26,8,51039.7
2146,31,31,2023-04-24,15,118034.65
2147,21,140,2023-11-06,1,3135.0
2148,39,69,2023-05-10,8,344014.0
2149,6,19,2024-02-13,1,15610.4
2150,14,23,2024-06-10,12,134144.0
2151,49,135,2024-07-17,2,3124.55
2152,4,15,2024-11-16,2,53010.0
2153,22,136,2023-06-10,4,7499.3
2154,43,116,2024-10-31,3,7727.0
2155,19,83,2023-02-24,2,256127.6
2156,38,28,2023-07-06,10,135456.7
2157,32,117,2024-03-17,9,36927.0
2158,44,44,2023-11-02,15,153997.85
2159,15,89,2024-12-14,15,1180171.0
2160,46,149,2023-12-15,15,17454.0
2161,37,13,2023-02-19,6,44158.85
2162,49,56,2023-09-05,15,644832.0
2163,44,101,2023-07-29,2,880.65
2164,6,135,2024-05-03,14,21871.85
2165,10,149,2023-10-12,15,16581.3
2166,40,32,2023-02-26,10,125025.0
2167,2,62,2024-05-17,7,679776.3
2168,23,19,2023-03-24,2,32865.0
2169,44,90,2023-01-12,7,553681.0
2170,33,42,2024-10-22,4,22772.45
2171,24,117,2023-02-01,6,23387.1
2172,17,53,2023-11-04,12,644100.0
2173,37,1,2024-12-19,12,397470.0
2174,45,101,2023-05-14,13,6024.0
2175,15,90,2023-01-20,12,949168.0
2176,11,41,2024-03-22,11,116600.0
2177,40,26,2023-03-07,1,16418.85
2178,9,35,2023-02-10,3,33017.0
2179,5,18,2023-05-29,12,318869.0
2180,17,112,2023-12-21,11,23990.0
2181,3,56,2024-12-02,2,85978.0
2182,15,52,2023-02-25,6,82225.0
2183,16,2,2024-07-26,11,146281.0
2184,3,98,2023-02-05,5,396806.0
2185,36,62,2023-10-23,4,388443.6
2186,1,116,2023-08-11,15,38633.0
2187,15,50,2024-04-26,3,33828.0
2188,2,131,2024-07-31,1,964.0
2189,46,115,2023-07-14,1,831.0
2190,17,39,2024-06-23,3,84453.1
2191,37,126,2023-12-26,1,2543.15
2192,20,127,2024-05-13,12,18592.0
2193,47,86,2024-01-20,12,1066164.1
2194,48,133,2023-03-26,8,15142.0
2195,45,131,2024-08-03,12,10984.85
2196,45,26,2024-07-08,6,103699.0
2197,15,77,2024-09-26,10,424694.65
2198,31,24,2024-04-23,8,185857.0
2199,10,130,2024-10-05,13,53873.0
2200,22,136,2024-04-22,6,11248.95
2201,26,17,2024-06-20,6,80021.35
2202,18,44,2023-05-25,14,143731.2
2203,10,78,2024-11-06,8,974092.0
2204,16,66,2024-05-29,12,143317.0
2205,22,74,2024-10-26,15,1233459.1
2206,11,146,2024-09-18,9,4464.0
2207,45,79,2024-09-19,4,264587.0
2208,23,2,2024-10-27,11,146281.0
2209,25,121,2024-09-15,7,24567.0
2210,15,146,2023-07-26,5,2480.0
2211,5,37,2024-09-08,1,5764.6
2212,35,42,2024-08-26,1,5693.35
2213,48,15,2023-08-15,14,371067.15
2214,5,96,2024-01-12,1,67089.95
2215,22,115,2024-03-03,5,4153.0
2216,18,107,2023-12-26,8,11501.65
2217,37,22,2024-01-04,4,149920.45
2218,24,98,2024-04-24,3,226178.85
2219,43,135,2024-05-10,6,9373.65
2220,41,6,2024-06-28,11,130022.0
2221,35,32,2023-08-27,15,178160.15
2222,30,22,2023-07-24,13,487242.65
2223,42,55,2023-07-29,10,1044878.4
2224,44,30,2023-05-24,9,290231.0
2225,23,142,2023-03-16,10,8264.0
2226,37,124,2023-07-27,2,7540.0
2227,36,112,2023-06-03,3,6543.0
2228,10,127,2023-01-13,3,4415.6
2229,29,150,2023-10-22,7,11520.0
2230,9,51,2024-12-23,9,577431.0
2231,25,118,2024-12-11,12,49191.95
2232,32,67,2024-02-09,10,814995.5
2233,48,19,2024-09-04,14,218550.35
2234,28,94,2024-03-16,4,163003.0
2235,11,65,2023-10-21,15,364197.7
2236,31,128,2024-11-11,14,65110.0
2237,14,105,2023-10-30,14,4117.3
2238,37,98,2024-03-18,5,376965.7
2239,14,30,2023-10-24,6,193487.0
2240,15,8,2024-05-17,8,37879.35
2241,9,150,2023-01-12,13,20324.3
2242,35,57,2023-12-11,1,112851.45
2243,44,112,2023-11-26,6,12431.7
2244,47,143,2024-03-11,13,57674.0
2245,28,21,2024-02-11,6,49786.65
2246,7,109,2024-01-28,15,8873.0
2247,10,46,2023-10-16,9,42611.3
2248,47,10,2023-09-04,6,182588.1
2249,34,59,2024-07-06,2,174332.0
2250,3,24,2024-07-01,12,278786.0
2251,29,102,2024-09-22,2,1580.8
2252,36,121,2023-05-13,10,35095.85
2253,41,132,2024-10-26,13,19303.05
2254,10,54,2023-07-04,7,808206.8
2255,46,9,2023-05-26,5,188601.6
2256,36,68,2023-01-25,6,401383.0
2257,15,111,2024-06-02,14,59993.0
2258,10,96,2024-05-29,5,353104.0
2259,28,71,2023-12-20,8,989322.4
2260,46,46,2024-06-04,2,9469.6
2261,33,55,2023-05-20,12,1319846.0
2262,11,28,2024-01-03,5,71293.0
2263,49,61,2023-03-15,9,239559.6
2264,48,143,2023-02-02,4,17746.0
2265,17,118,2023-07-28,3,12945.0
2266,38,99,2024-02-20,14,1501733.0
2267,19,12,2024-08-14,3,7770.05
2268,12,62,2024-02-29,14,1359552.6
2269,1,59,2023-03-14,4,331231.75
2270,10,17,2023-11-04,8,112310.0
2271,17,8,2024-11-14,14,66289.1
2272,49,128,2023-06-18,8,35345.7
2273,14,38,2023-09-21,11,276519.35
2274,34,99,2023-04-16,3,321800.0
2275,33,137,2023-12-15,4,12864.9
2276,28,87,2024-01-13,12,802319.0
2277,44,97,2023-12-06,14,1799956.45
2278,29,111,2024-07-27,14,59993.0
2279,19,11,2023-09-23,1,34420.4
2280,40,88,2023-10-25,8,386692.0
2281,42,57,2023-01-31,15,1692766.05
2282,9,18,2024-01-27,9,239152.0
2283,43,82,2023-05-17,11,567974.0
2284,25,74,2024-04-28,6,519351.0
2285,48,27,2023-01-22,4,62743.7
2286,27,105,2023-08-24,2,588.05
2287,34,100,2023-10-12,15,1569004.0
2288,28,108,2023-07-22,4,13382.0
2289,45,104,2024-12-28,1,3527.35
2290,44,83,2024-09-28,8,1024509.45
2291,48,6,2023-02-12,5,59101.0
2292,44,2,2023-08-24,12,167978.0
2293,7,103,2023-10-30,13,22096.05
2294,15,123,2023-10-30,5,13885.0
2295,1,14,2024-07-16,11,374225.9
2296,25,26,2023-08-21,6,103699.0
2297,22,90,2024-01-21,12,901709.6
2298,26,128,2024-05-12,10,44181.65
2299,40,42,2024-05-31,3,17080.05
2300,30,95,2023-01-01,9,596858.4
2301,13,142,2023-06-14,9,7066.1
2302,15,56,2023-10-12,3,128966.0
2303,30,5,2023-03-07,12,269826.6
2304,3,32,2024-04-12,12,142528.5
2305,44,51,2023-12-21,9,548559.45
2306,7,11,2024-07-10,1,36232.0
2307,20,118,2024-10-05,5,20497.2
2308,9,71,2023-04-13,2,260348.0
2309,26,23,2024-01-07,13,138055.9
2310,34,114,2023-05-17,3,2398.0
2311,10,14,2024-10-21,6,214866.0
2312,36,139,2024-01-19,12,17099.0
2313,17,146,2024-01-22,7,3472.0
2314,45,49,2024-07-10,4,50404.15
2315,18,38,2023-07-21,3,75413.85
2316,12,29,2023-05-18,11,401614.0
2317,20,107,2024-08-01,15,22701.0
2318,25,73,2023-05-19,9,1288439.0
2319,3,38,2023-10-26,10,251380.45
2320,41,138,2023-07-10,7,27816.95
2321,24,9,2024-05-09,3,113160.2
2322,29,147,2023-01-31,6,18180.0
2323,32,35,2024-01-09,2,20910.45
2324,43,18,2024-01-22,15,378657.65
2325,38,116,2024-11-18,1,2447.2
2326,19,111,2024-12-05,11,44781.1
2327,17,81,2024-03-26,5,580204.9
2328,19,30,2024-11-10,6,193487.0
2329,31,135,2023-10-05,15,24668.0
2330,37,78,2024-05-23,5,608808.0
2331,12,49,2023-06-15,6,75606.7
2332,33,109,2024-09-17,12,7472.0
2333,3,18,2023-01-05,6,159435.0
2335,8,76,2024-02-01,7,985518.6
2336,4,5,2023-10-22,15,355035.0
2337,20,81,2023-10-24,1,122148.0
2338,41,96,2024-12-26,1,67089.95
2339,9,5,2024-06-01,8,189352.0
2340,13,109,2023-09-20,11,6507.5
2341,9,128,2023-05-18,15,69761.0
2342,34,30,2023-02-18,10,322479.0
2343,42,126,2024-05-01,4,10172.6
2344,48,41,2023-04-23,5,50350.0
2345,17,32,2024-12-11,1,12502.0
2346,2,30,2023-07-08,11,354727.0
2347,39,128,2024-03-04,1,4651.0
2348,5,18,2024-09-09,12,302925.55
2349,13,42,2023-06-14,1,5993.0
2350,34,85,2023-10-22,13,476446.85
2351,26,24,2023-05-13,3,69697.0
2352,27,73,2023-06-29,1,136002.0
2353,2,68,2024-08-15,13,826178.9
2354,3,31,2023-09-30,6,49699.0
2355,4,150,2023-12-17,5,7816.6
2356,47,34,2023-06-25,3,14015.35
2357,33,131,2023-09-28,12,11563.0
2358,34,67,2024-08-03,9,733495.95
2359,31,69,2023-02-17,12,543180.0
2360,9,58,2023-04-16,6,652948.0
2361,13,29,2024-08-26,4,146041.0
2362,33,12,2024-07-09,5,13631.0
2363,27,61,2023-03-11,4,112075.0
2364,49,63,2024-07-16,1,132960.1
2365,22,115,2024-09-16,3,2367.4
2366,27,108,2024-07-19,6,20073.0
2367,19,149,2023-12-24,9,9949.35
2368,23,58,2024-09-02,2,206766.55
2369,26,60,2023-11-05,8,826508.55
2370,30,113,2024-05-15,7,29226.75
2371,1,144,2024-12-02,7,14724.05
2372,20,69,2024-08-30,2,90530.0
2374,11,122,2023-03-17,5,6612.0
2375,49,116,2024-05-31,14,34254.15
2376,41,112,2023-07-11,9,18647.55
2377,30,6,2024-04-20,5,56145.95
2378,31,114,2023-12-25,14,11190.0
2379,39,7,2023-10-23,10,195188.0
2380,5,47,2024-05-23,10,61230.0
2381,23,41,2023-11-11,3,30210.0
2382,36,88,2023-07-19,1,45919.2
2383,26,102,2023-07-23,9,7488.0
2384,43,42,2023-04-07,6,35957.0
2385,21,43,2024-06-22,14,491356.0
2386,15,97,2024-07-14,13,1671388.2
2387,47,141,2024-02-06,4,19127.0
2388,41,41,2023-11-13,15,151050.0
2389,17,145,2024-02-21,1,4132.5
2390,45,43,2024-12-19,12,400103.9
2391,1,142,2023-03-19,4,3306.0
2392,14,63,2024-12-26,13,1819450.0
2393,22,54,2024-03-22,14,1701487.0
2394,19,11,2024-09-11,11,398551.0
2395,14,49,2023-01-24,12,159171.0
2396,34,45,2023-06-23,13,128748.0
2397,19,112,2024-05-07,3,6543.0
2398,2,46,2024-07-10,9,42611.3
2399,41,36,2023-12-07,11,248615.0
2400,39,2,2024-12-05,10,132982.9
2401,37,148,2023-09-05,9,43070.0
2402,35,45,2023-10-11,10,94085.15
2403,21,131,2024-09-05,8,7323.55
2404,3,123,2024-08-29,8,22217.0
2405,42,57,2024-10-03,15,1692766.05
2406,45,111,2024-02-22,2,8141.5
2407,48,66,2024-07-22,10,119430.2
2408,41,7,2024-01-06,1,19519.0
2409,16,16,2023-06-08,15,427585.5
2410,44,125,2023-04-16,5,17010.0
2411,31,16,2023-11-11,10,285057.0
2412,47,84,2024-04-21,3,123758.4
2413,31,134,2023-09-04,1,4482.1
2414,42,45,2024-12-11,12,118845.0
2415,39,119,2024-03-17,3,9767.0
2416,9,119,2023-08-31,14,45581.0
2417,24,110,2023-02-24,7,17469.0
2418,18,102,2024-03-18,9,7113.6
2419,40,22,2023-01-31,10,374802.55
2420,16,7,2023-07-04,7,136631.0
2421,35,97,2023-09-02,7,947345.0
2422,49,19,2024-11-11,7,115026.0
2423,14,22,2023-06-04,13,512887.0
2424,49,25,2024-03-28,10,121265.0
2425,43,133,2024-07-25,3,5678.0
2426,42,120,2024-06-23,11,32650.55
2427,33,100,2023-04-25,3,298110.95
2428,21,126,2024-01-29,15,40156.0
2429,39,33,2023-11-23,6,40295.0
2431,9,62,2024-08-25,8,817776.0
2432,12,49,2024-03-02,13,163813.25
2433,35,116,2023-11-23,9,23180.0
2434,11,5,2024-09-18,5,112427.75
2435,32,122,2024-05-20,5,6612.0
2436,39,90,2024-11-16,8,632779.0
2437,26,7,2023-09-27,6,111257.35
2438,11,8,2023-01-13,12,59810.0
2439,21,115,2023-08-29,6,4734.8
2440,34,125,2023-04-18,11,35551.85
2441,20,16,2023-09-25,1,28505.7
2442,45,15,2023-07-22,14,371067.15
2443,24,106,2023-05-12,11,48234.0
2444,49,147,2023-08-19,2,5757.0
2445,49,92,2023-03-02,13,1097347.85
2446,7,96,2024-09-05,11,776829.0
2447,15,129,2024-11-24,3,9309.05
2448,36,59,2023-03-15,6,496847.15
2449,45,22,2023-11-27,13,512887.0
2450,30,16,2023-04-26,6,180036.0
2451,5,33,2023-10-10,15,95700.15
2452,40,110,2024-06-18,8,19964.0
2453,5,46,2024-02-21,13,61549.55
2455,35,111,2024-08-12,13,52922.6
2456,34,31,2023-07-03,1,7868.85
2457,33,27,2024-02-06,3,47057.3
2458,42,115,2023-08-29,7,5523.3
2459,35,64,2023-05-18,8,847441.8
2460,19,3,2024-08-02,13,111448.3
2461,26,44,2023-01-19,3,32421.0
2462,8,106,2024-04-08,5,20827.8
2463,26,131,2023-03-13,11,10599.0
2464,42,99,2023-02-23,6,611420.0
2465,9,10,2023-05-17,3,91294.05
2466,44,126,2023-09-17,2,5086.3
2467,13,64,2024-09-09,8,847441.8
2468,32,39,2024-08-17,4,118531.0
2469,24,142,2024-12-19,8,6280.45
2470,47,44,2023-04-14,7,75648.0
2471,9,81,2023-02-25,13,1587930.0
2472,36,21,2024-03-16,11,96080.0
2473,42,29,2023-07-18,11,381533.3
2474,8,9,2024-06-17,9,339482.5
2475,48,52,2023-05-18,1,13018.8
2476,25,126,2023-02-01,10,25432.45
2477,35,18,2023-10-07,4,106290.0
2478,37,68,2023-05-12,9,602074.0
2479,5,78,2024-12-29,4,487046.0
2480,5,53,2024-05-30,9,458921.25
2481,3,31,2024-07-22,5,41416.0
2482,8,98,2023-02-28,9,714250.0
2483,25,9,2023-01-08,11,414922.0
2484,26,136,2024-01-17,13,24373.2
2485,26,69,2023-04-13,11,473019.25
2486,14,23,2023-04-02,1,11179.0
2487,48,11,2024-01-18,2,72464.0
2488,29,72,2024-02-17,4,398659.0
2489,49,85,2023-12-06,6,231472.0
2490,11,60,2023-05-13,11,1136448.9
2491,22,60,2023-08-29,1,108751.0
2492,29,35,2023-01-24,1,11006.0
2493,22,78,2023-11-17,8,974092.0
2494,24,74,2024-09-10,13,1068997.95
2495,19,109,2023-11-01,8,4982.0
2496,46,46,2024-07-14,6,28407.85
2497,12,57,2023-05-05,6,712743.0
2498,17,47,2023-03-19,4,23267.4
2499,12,143,2023-04-10,13,57674.0
2500,20,86,2024-05-18,2,187046.0
2501,45,131,2024-06-04,5,4577.1
2502,2,16,2024-06-13,15,427585.5
2503,18,91,2023-02-20,6,809316.0
2504,39,64,2024-07-01,3,317791.15
2505,16,37,2023-09-08,9,54609.0
2506,8,142,2024-02-20,7,5785.0
2507,21,142,2023-08-21,7,5495.75
2508,18,73,2024-11-22,6,816012.0
2509,12,34,2024-06-17,15,70074.85
2510,40,24,2023-11-18,4,88282.55
2511,7,123,2024-11-24,1,2777.0
2512,36,131,2024-04-26,1,915.8
2513,8,82,2023-02-01,3,147156.9
2514,11,13,2024-03-18,12,88316.75
2515,23,133,2024-09-26,5,8990.8
2516,4,101,2023-04-07,2,927.0
2517,10,10,2023-02-11,3,96099.0
2518,36,134,2023-06-08,9,40335.1
2519,45,135,2023-07-08,11,17185.5
2520,4,88,2024-02-10,10,483365.0
2521,1,110,2023-07-28,14,33190.15
2522,42,139,2024-02-26,13,17596.85
2523,1,70,2023-10-27,9,293739.05
2524,1,89,2023-07-09,5,393390.0
2525,46,55,2024-09-11,8,835903.1
2526,42,21,2024-11-30,15,124467.1
2527,9,142,2024-02-24,7,5785.0
2528,5,132,2024-06-18,15,23445.0
2529,10,82,2024-04-15,1,49052.3
2530,31,75,2023-03-07,9,294915.0
2531,48,104,2024-06-16,13,45855.55
2532,6,125,2023-09-10,3,9695.7
2533,13,18,2024-06-15,14,372014.0
2534,31,119,2024-01-20,9,29302.0
2535,12,69,2024-12-20,8,344014.0
2536,49,24,2023-07-06,13,302018.0
2537,23,136,2024-05-29,12,23682.0
2538,20,76,2023-03-14,2,296396.0
2539,31,17,2024-10-20,14,186715.85
2540,7,144,2024-04-17,5,11071.0
2541,10,101,2023-01-24,13,5722.8
2542,10,88,2024-01-25,2,91839.35
2543,22,116,2024-09-02,8,20604.0
2544,40,67,2024-02-29,13,1059495.1
2545,23,84,2023-06-28,2,86848.0
2546,49,125,2023-09-11,2,6463.8
2547,2,98,2024-03-08,14,1111056.0
2548,2,124,2024-10-28,9,33929.0
2549,44,17,2024-05-18,1,13337.05
2550,20,149,2024-05-11,11,12800.0
2551,4,127,2023-09-02,11,17043.0
2552,8,16,2024-03-01,2,57011.4
2553,24,150,2024-10-06,1,1646.0
2554,10,145,2024-06-29,4,17399.0
2555,17,58,2023-07-06,9,979421.0
2556,14,89,2024-08-30,4,298976.4
2557,45,47,2023-01-20,3,18369.0
2558,14,72,2024-04-22,2,189362.55
2559,47,86,2023-11-27,5,444235.2
2560,34,50,2023-09-10,1,10712.2
2561,36,55,2024-11-09,12,1253853.7
2562,14,84,2023-05-16,2,82505.6
2563,46,12,2023-04-11,9,23309.2
2564,29,42,2024-09-23,5,28465.8
2565,44,115,2024-06-18,2,1661.0
2566,46,132,2023-01-11,7,10941.0
2567,11,8,2024-10-28,10,49842.0
2568,25,133,2024-06-11,6,11356.0
2569,25,42,2023-09-09,10,56931.6
2570,32,3,2024-01-19,8,72194.0
2571,19,32,2024-06-29,7,87517.0
2572,3,2,2024-01-21,13,181976.0
2573,22,133,2024-06-28,13,24605.0
2574,4,92,2024-06-14,4,355416.0
2575,48,128,2023-07-22,7,32555.0
2576,14,62,2023-11-19,4,388443.6
2577,36,6,2023-12-12,7,82741.0
2578,36,20,2024-09-01,2,61667.0
2579,10,9,2023-06-19,12,452642.7
2580,14,141,2023-12-22,5,22713.55
2581,29,116,2023-10-02,4,10302.0
2582,35,132,2024-10-15,1,1484.85
2583,44,91,2023-07-02,2,256283.4
2584,48,58,2023-07-24,12,1305895.0
2585,36,65,2023-07-26,10,255577.0
2586,46,24,2023-05-03,12,278786.0
2587,20,105,2024-08-15,11,3405.0
2588,3,92,2023-07-26,10,844113.95
2589,7,88,2023-04-07,4,183678.7
2590,47,143,2023-02-14,15,66546.0
2591,26,74,2023-05-03,8,657844.6
2592,10,106,2023-12-23,8,33325.05
2593,4,109,2024-10-10,10,6227.0
2594,3,147,2024-06-15,1,3030.0
2595,45,69,2024-05-15,5,215008.75
2596,36,90,2024-01-24,12,949168.0
2597,3,72,2023-04-20,10,996646.0
2598,21,116,2024-12-04,10,24467.25
2599,35,6,2023-10-28,5,56145.95
2600,25,137,2023-07-01,14,47397.0
2601,32,110,2024-01-12,1,2371.2
2602,35,115,2023-01-02,8,6312.75
2603,7,61,2023-11-27,6,168112.0
2604,47,113,2024-10-07,3,13185.0
2605,2,123,2024-03-19,5,13190.75
2606,7,100,2023-05-22,12,1192442.85
2607,4,63,2023-10-02,2,279915.0
2608,11,93,2024-09-08,9,904293.0
2609,47,16,2023-07-03,12,360072.0
2610,6,89,2024-09-17,11,822186.05
2611,23,47,2023-11-05,15,87251.8
2612,35,12,2024-04-18,14,36258.65
2613,42,87,2024-05-17,12,802319.0
2614,27,34,2024-02-18,8,37373.0
2615,19,138,2024-03-01,6,25098.0
2616,30,3,2024-07-07,4,36097.0
2617,21,58,2023-08-16,4,435298.0
2618,42,107,2023-11-01,12,17252.95
2619,10,135,2023-01-04,5,8223.0
2620,38,16,2023-02-23,3,90018.0
2621,6,128,2024-12-21,9,39763.2
2622,27,116,2023-03-01,11,26914.45
2623,46,54,2024-04-21,7,808206.8
2624,19,49,2024-08-01,2,25201.6
2625,34,35,2024-06-11,4,44022.0
2626,45,50,2023-03-05,10,112760.0
2627,23,27,2023-04-05,6,99069.0
2628,10,109,2023-12-03,10,6227.0
2629,42,146,2024-05-15,4,1884.8
2630,42,43,2023-05-18,15,526453.0
2631,17,10,2024-07-16,13,416430.0
2632,24,135,2023-10-22,5,8223.0
2633,19,94,2024-08-01,14,541986.4
2634,35,47,2024-10-16,3,17450.55
2635,21,148,2024-12-22,13,62212.0
2636,15,78,2023-02-25,5,578367.6
2637,5,99,2023-06-17,8,858133.0
2638,2,9,2024-12-31,6,226321.35
2639,20,40,2024-10-05,1,13474.8
2640,43,113,2023-10-11,6,25051.5
2641,4,87,2024-12-26,6,381101.05
2642,36,49,2024-09-28,8,106114.0
2643,11,107,2023-01-08,6,9080.0
2644,32,75,2023-05-13,3,93389.75
2645,25,89,2024-10-10,1,78678.0
2646,42,83,2023-08-21,6,768381.85
2647,7,69,2024-04-02,12,516021.0
2648,39,42,2023-05-05,8,45545.85
2649,9,26,2024-07-19,7,114932.9
2650,42,70,2024-08-06,10,326376.3
2651,21,74,2024-03-31,10,822306.7
2652,18,81,2024-05-16,15,1740615.65
2653,25,83,2024-08-28,13,1664827.5
2654,42,3,2024-01-14,13,111448.3
2655,44,87,2024-07-01,12,762203.05
2656,49,72,2023-02-08,1,94681.75
2657,15,109,2024-12-20,13,7690.25
2658,14,73,2024-07-14,6,858960.0
2659,37,126,2024-02-06,14,35605.05
2660,9,35,2023-11-10,4,44022.0
2661,39,105,2023-10-27,10,3095.0
2662,25,119,2024-07-04,11,35814.0
2663,2,93,2023-08-08,6,602862.0
2664,31,117,2023-01-24,11,42876.35
2665,29,72,2023-08-16,14,1395305.0
2666,16,15,2024-09-30,3,83699.0
2667,47,20,2023-10-25,15,462502.0
2668,23,59,2023-12-20,11,958828.0
2669,19,93,2024-06-15,1,100477.0
2670,1,62,2023-08-30,1,97110.9
2671,25,131,2024-07-14,10,9636.0
2672,28,113,2024-07-01,14,61529.0
2673,15,139,2023-03-16,7,9475.3
2674,4,39,2023-11-03,9,253360.25
2675,49,85,2023-08-12,6,219898.4
2676,6,69,2023-01-21,2,86003.5
2677,4,104,2024-08-16,1,3527.35
2678,16,50,2024-10-25,12,128546.4
2679,25,29,2024-10-10,12,416217.8
2680,15,92,2024-09-18,7,590880.05
2681,38,36,2024-09-25,9,193242.35
2682,6,127,2023-06-14,12,18592.0
2683,48,102,2023-10-25,4,3161.6
2684,39,105,2024-05-29,6,1764.15
2685,36,33,2024-02-24,15,100737.0
2686,49,108,2023-01-05,7,23419.0
2687,22,52,2024-09-25,12,156226.55
2688,1,4,2023-10-31,1,3212.9
2689,39,128,2024-05-13,12,55809.0
2690,48,5,2024-02-03,3,67456.65
2691,6,103,2024-10-20,2,3399.1
2692,5,90,2024-02-14,6,450854.8
2693,26,82,2023-08-20,15,774511.0
2694,42,56,2023-03-06,3,128966.0
2695,35,107,2024-12-26,11,16647.0
2696,13,75,2023-02-03,5,155649.9
2697,44,70,2023-04-17,14,456927.2
2698,37,2,2024-12-18,7,93087.65
2699,13,41,2024-11-07,12,127200.0
2700,6,71,2023-03-10,3,370995.9
2701,26,48,2023-12-06,7,103154.0
2702,2,86,2023-02-28,14,1309324.0
2703,3,93,2023-01-20,8,763625.2
2704,36,71,2023-05-14,7,911218.0
2705,41,110,2023-05-07,9,22460.0
2706,18,150,2023-07-11,7,10944.0
2707,9,25,2023-01-11,13,149761.8
2708,4,25,2023-12-05,7,84885.0
2709,24,110,2023-04-18,3,7112.65
2710,14,136,2023-12-22,3,5920.0
2711,5,29,2023-03-27,10,346847.85
2712,3,1,2023-11-21,3,94399.6
2713,39,13,2024-04-25,14,103036.05
2714,41,150,2023-02-17,9,14070.45
2716,32,8,2023-11-17,13,64794.0
2718,6,109,2023-07-31,8,4982.0
2719,24,128,2023-11-22,8,35345.7
2720,18,92,2023-05-16,10,844113.95
2721,32,54,2024-10-01,10,1215348.0
2722,39,71,2023-03-03,10,1236653.95
2723,5,108,2024-10-28,15,50183.0
2724,34,137,2023-12-19,5,16080.65
2725,24,65,2024-05-26,1,25558.0
2726,6,81,2024-07-01,3,348122.75
2727,31,10,2024-02-07,4,128132.0
2728,10,89,2024-10-17,13,1022815.0
2729,45,105,2023-06-01,10,3095.0
2730,13,98,2024-07-05,2,150785.9
2731,10,54,2024-08-23,3,346373.8
2732,19,136,2024-02-23,8,14998.6
2733,22,94,2023-11-28,3,116140.35
2735,40,39,2023-08-04,3,88898.0
2736,21,35,2024-01-17,4,44022.0
2737,22,82,2024-01-10,10,516340.0
2738,48,140,2024-09-14,13,38712.5
2739,24,98,2023-04-07,4,301572.75
2740,33,107,2024-05-13,13,18690.3
2741,44,22,2023-04-24,3,118359.0
2742,25,13,2024-01-31,6,46483.0
2743,40,130,2024-09-30,4,16576.0
2744,26,73,2024-09-02,13,1768025.05
2745,30,5,2023-08-20,15,337283.25
2746,32,22,2024-01-21,13,487242.65
2747,23,33,2024-09-12,11,73873.0
2748,5,58,2023-11-25,3,310150.3
2749,25,135,2023-05-01,5,8223.0
2750,37,127,2023-01-17,2,2944.05
2751,4,112,2023-09-08,15,31078.3
2752,13,104,2023-06-21,1,3713.0
2753,33,78,2023-03-14,5,578367.6
2754,1,121,2023-04-14,2,7019.55
2755,7,124,2023-07-19,9,32232.55
2756,6,35,2023-12-26,4,41820.9
2757,28,98,2024-01-23,9,714250.0
2758,5,101,2023-09-27,15,6951.0
2759,8,28,2024-10-17,10,142586.0
2760,48,110,2024-03-13,9,22460.0
2761,6,35,2023-10-05,4,41820.9
2762,36,90,2023-06-21,6,450854.8
2763,17,40,2023-08-06,11,156024.0
2764,5,131,2023-09-22,8,7323.55
2765,31,35,2024-02-29,15,156828.85
2766,40,80,2024-10-25,15,1938358.0
2767,23,70,2023-06-13,11,359014.5
2768,7,62,2024-09-30,9,873998.1
2769,24,144,2023-09-06,9,19927.0
2770,20,139,2024-09-11,13,17596.85
2771,13,89,2023-04-21,15,1121162.45
2772,19,85,2024-03-22,10,385787.0
2773,4,127,2023-09-15,14,21691.0
2774,30,49,2024-05-18,7,88207.5
2775,47,79,2023-04-18,12,793762.0
2776,4,27,2024-06-05,8,125487.4
2777,21,104,2024-08-01,1,3713.0
2778,42,114,2024-10-30,10,7993.0
2779,38,30,2023-09-12,9,290231.0
2780,42,98,2024-08-02,8,634889.0
2781,9,62,2024-06-28,10,1022220.0
2782,35,65,2024-01-08,2,51115.0
2783,42,69,2023-05-25,6,271590.0
2784,14,105,2023-08-16,10,3095.0
2785,43,131,2024-09-01,2,1830.65
2786,31,32,2023-10-14,2,25005.0
2787,28,44,2024-01-08,2,21614.0
2788,6,96,2024-09-12,12,847450.0
2789,40,54,2024-01-21,11,1270038.85
2790,2,135,2023-02-25,1,1645.0
2791,5,50,2024-01-19,4,42848.8
2792,1,81,2024-01-25,13,1508533.5
2793,11,32,2023-11-04,13,154405.4
2794,9,139,2023-04-25,3,4061.25
2795,28,8,2024-06-26,1,4734.8
2796,6,11,2024-08-31,13,471015.0
2797,42,146,2023-08-31,13,6125.6
2798,8,23,2024-07-06,5,55893.0
2799,33,52,2024-03-23,1,13018.8
2800,37,126,2024-08-16,5,12715.75
2801,48,101,2024-08-24,8,3521.65
2802,31,133,2023-08-18,8,14384.9
2803,39,122,2024-08-22,1,1255.9
2804,6,93,2023-12-07,4,401908.0
2805,15,93,2024-04-18,8,803816.0
2806,44,20,2024-02-12,7,205042.3
2807,25,67,2024-01-18,15,1222494.2
2808,2,97,2024-09-07,5,642841.25
2809,12,36,2023-05-29,2,42942.85
2810,45,94,2023-11-13,13,529761.0
2811,8,41,2024-10-31,4,40280.0
2812,31,44,2024-11-11,11,112931.25
2813,46,26,2023-06-26,14,229866.75
2814,8,135,2024-07-03,8,12498.2
2815,27,137,2023-04-22,14,45027.15
2816,2,63,2024-02-27,13,1728477.5
2817,27,40,2023-01-26,12,161697.6
2818,23,30,2023-09-24,4,128991.0
2819,3,12,2024-08-13,4,10905.0
2820,12,1,2023-04-27,13,409063.35
2821,34,128,2024-09-22,2,8835.95
2822,48,133,2023-04-04,1,1893.0
2823,31,40,2024-05-17,10,134748.0
2824,11,78,2024-05-30,9,1041061.3
2825,12,150,2024-06-01,2,3291.0
2826,31,40,2024-10-24,13,175173.35
2827,45,13,2023-02-07,6,44158.85
2828,8,30,2023-08-16,2,64496.0
2829,33,52,2024-06-01,9,123337.0
2830,7,89,2023-07-09,2,149488.2
2831,48,82,2024-11-28,15,774511.0
2832,24,65,2023-07-10,5,127788.0
2833,12,19,2023-07-15,13,213621.0
2834,14,36,2023-09-10,8,171770.45
2835,47,35,2023-12-31,13,143072.0
2836,28,149,2023-04-12,5,5527.1
2837,10,148,2024-02-26,4,19142.0
2838,36,18,2023-12-11,9,239152.0
2839,49,21,2024-05-30,14,122284.0
2840,45,3,2023-01-05,8,72194.0
2841,48,111,2023-02-28,14,56993.35
2842,41,135,2024-01-20,14,23023.0
2843,13,26,2023-11-13,15,259248.0
2844,34,21,2024-10-23,1,8298.25
2845,43,90,2023-10-27,7,553681.0
2846,16,26,2024-03-10,4,65676.35
2847,39,143,2023-07-24,2,8429.35
2848,16,138,2024-04-29,10,39738.5
2849,29,17,2023-02-04,11,154427.0
2850,37,103,2023-01-20,4,7157.0
2851,28,127,2024-11-21,7,10302.75
2852,27,37,2023-06-13,14,84948.0
2853,35,123,2024-10-04,4,11108.0
2854,20,109,2023-02-17,11,6850.0
2855,36,102,2024-11-14,11,9152.0
2856,19,41,2024-05-16,2,21200.0
2857,24,23,2023-06-07,3,33536.0
2858,38,86,2024-04-22,10,935231.0
2859,24,8,2023-08-16,9,42614.15
2860,1,37,2023-02-03,11,63407.75
2861,16,115,2023-01-06,15,12459.0
2862,14,100,2023-07-15,12,1192442.85
2863,43,18,2024-01-07,5,132862.0
2864,27,20,2024-02-05,6,175750.95
2865,19,147,2023-12-01,15,43178.45
2866,45,13,2023-03-17,12,88316.75
2867,46,116,2023-04-10,10,24467.25
2868,42,64,2024-11-06,6,669033.0
2869,4,110,2024-08-31,7,16595.55
2870,26,62,2023-12-12,15,1533330.0
2871,8,107,2024-04-11,13,19674.0
2872,39,37,2023-02-07,9,51878.55
2873,28,49,2024-08-11,10,132642.0
2874,33,75,2024-03-09,14,435819.15
2875,1,52,2023-09-26,15,205562.0
2876,28,52,2024-07-24,1,13704.0
2877,26,29,2023-10-17,7,255572.0
2878,23,20,2023-02-08,8,234334.6
2879,5,115,2024-09-17,8,6312.75
2880,16,122,2023-03-28,15,18845.15
2881,18,133,2023-04-10,11,20820.0
2882,30,12,2024-06-19,4,10359.75
2883,31,65,2023-01-11,14,357808.0
2884,18,82,2024-01-12,13,671243.0
2885,40,83,2024-06-30,5,640318.05
2886,21,147,2024-01-08,6,18180.0
2887,20,61,2023-12-30,9,239559.6
2888,24,122,2023-01-11,8,10051.0
2889,30,80,2024-04-30,12,1473151.7
2890,27,106,2024-01-13,4,17539.0
2891,38,89,2024-09-14,14,1046418.35
2892,1,22,2023-06-12,7,262361.5
2893,49,99,2024-04-28,2,203806.35
2894,3,127,2024-01-15,1,1549.0
2895,19,45,2023-04-26,12,118845.0
2896,35,29,2023-10-27,11,401614.0
2897,17,47,2023-12-20,1,6123.0
2898,45,111,2023-05-03,4,17141.0
2899,10,85,2023-05-14,9,347208.0
2900,38,144,2023-05-10,10,22141.0
2901,19,78,2024-12-11,2,243523.0
2902,14,116,2023-04-01,2,5151.0
2903,22,42,2023-04-08,5,29964.0
2904,12,12,2023-12-15,6,16357.0
2905,6,84,2024-04-05,5,217119.0
2906,14,70,2024-05-16,2,68711.0
2907,13,134,2024-05-18,10,44817.2
2908,41,148,2023-01-17,12,54555.65
2909,16,61,2024-11-09,13,346029.9
2910,5,120,2023-01-13,8,23746.2
2911,6,7,2023-12-24,6,111257.35
2912,17,49,2023-06-29,5,63004.95
2913,36,25,2023-02-09,9,103681.1
2914,26,148,2024-01-02,3,13639.15
2915,24,68,2024-01-29,7,444866.0
2916,33,57,2023-01-29,3,338553.4
2917,34,7,2023-11-05,11,214706.0
2919,42,120,2024-03-26,9,28120.0
2920,19,50,2023-02-01,2,21424.4
2921,26,139,2024-08-24,12,16244.05
2922,41,94,2023-04-03,13,503272.95
2923,3,133,2024-06-09,4,7571.0
2924,8,51,2023-10-30,1,64159.0
2925,7,114,2023-08-23,12,9591.0
2926,14,69,2024-01-24,10,430017.5
2927,35,58,2024-04-30,9,930449.95
2928,20,65,2024-06-13,1,24280.1
2929,45,4,2023-03-02,14,47346.0
2930,48,109,2023-03-07,14,8282.1
2931,13,12,2024-02-10,5,12949.45
2932,9,41,2023-04-24,9,90630.0
2933,26,14,2024-08-18,8,286489.0
2934,7,127,2023-11-08,7,10302.75
2935,34,85,2023-03-03,4,154315.0
2936,32,130,2024-11-11,10,41441.0
2937,41,76,2024-01-30,14,1971036.25
2938,38,60,2024-01-03,14,1522515.0
2939,29,83,2024-01-11,1,128063.8
2940,5,10,2023-11-24,2,64066.0
2941,29,34,2024-11-08,4,18686.5
2942,5,136,2023-09-09,6,11841.0
2943,3,72,2024-06-21,10,996646.0
2944,45,54,2024-11-24,13,1579953.0
2945,4,56,2024-10-12,13,558854.0
2946,23,3,2024-12-03,9,77157.1
2947,18,7,2023-11-24,15,292782.0
2948,38,128,2024-01-30,12,53018.55
2949,41,38,2024-09-10,8,201104.55
2950,34,40,2023-11-10,5,70920.0
2951,15,115,2023-04-02,2,1661.0
2952,26,75,2023-02-08,14,458757.0
2953,45,26,2024-06-30,14,241965.0
2954,6,25,2024-04-29,9,103681.1
2955,20,130,2024-11-13,2,8288.0
2956,42,133,2023-09-18,8,14384.9
2957,8,16,2024-04-08,4,114022.8
2958,48,78,2024-12-17,13,1503755.0
2959,39,22,2023-02-10,6,236717.0
2960,37,143,2024-08-29,1,4214.2
2961,9,63,2024-09-26,3,419873.0
2962,33,148,2024-09-14,10,45463.2
2963,19,53,2023-07-19,1,50991.25
2964,28,56,2024-07-25,8,326714.5
2965,10,36,2024-10-16,13,293818.0
2966,27,74,2024-05-26,7,575614.5
2967,47,3,2024-05-01,14,126339.0
2968,13,81,2023-03-28,1,116040.6
2969,29,108,2023-10-04,10,31783.2
2970,43,101,2024-05-17,2,927.0
2971,17,146,2023-05-12,2,992.0
2972,21,31,2024-12-31,1,8283.0
2973,32,81,2023-01-23,7,855039.0
2974,41,111,2023-02-09,11,47138.0
2975,49,139,2023-12-25,13,18523.0
2976,8,31,2024-06-23,5,41416.0
2977,24,121,2023-01-27,6,22166.0
2978,4,101,2023-11-08,10,4634.0
2979,6,39,2023-12-29,10,281511.6
2980,43,42,2023-12-27,14,83900.0
2981,45,57,2023-07-02,3,338553.4
2982,14,52,2024-01-28,14,182264.15
2983,3,62,2023-01-10,4,408888.0
2984,43,121,2024-05-12,14,49134.0
2985,26,107,2023-01-26,7,10064.3
2986,4,85,2024-06-05,2,73299.15
2987,2,118,2023-11-29,15,64727.0
2988,48,62,2024-04-20,12,1226664.0
2989,18,8,2023-02-15,13,64794.0
2990,12,4,2023-08-23,3,10146.0
2992,19,81,2024-07-19,14,1624575.05
2993,35,59,2024-02-22,12,993694.3
2994,1,137,2023-03-25,9,28945.55
2995,44,16,2024-05-11,3,90018.0
2996,33,16,2023-11-21,15,427585.5
2997,21,9,2024-11-26,8,301761.8
2998,26,85,2024-01-26,15,578680.0
2999,14,119,2023-02-21,13,42326.0
3000,18,32,2024-09-09,4,47509.5
3001,15,149,2024-11-28,15,17454.0
3002,29,23,2024-02-04,10,111786.0
3003,42,73,2024-11-23,7,952014.0
3004,44,139,2023-02-10,4,5700.0
3005,19,71,2023-08-02,1,123665.3
3006,20,122,2024-08-19,2,2645.0
3007,14,111,2023-05-28,7,28497.15
3008,37,143,2023-04-29,10,44364.0
3009,39,1,2024-01-06,5,157332.35
3010,22,29,2024-12-22,2,69369.95
3011,12,58,2023-04-04,3,310150.3
3012,42,83,2023-08-24,5,640318.05
3013,36,146,2024-08-13,4,1884.8
3014,23,8,2023-11-15,5,23674.95
3015,17,68,2024-10-07,11,735868.0
3016,17,91,2024-06-21,15,2023290.0
3017,26,84,2024-06-30,6,260543.0
3018,38,131,2024-06-20,1,915.8
3019,2,121,2024-11-25,4,14038.15
3020,14,61,2023-01-24,10,280186.0
3021,46,39,2024-02-18,12,355594.0
3022,22,139,2023-12-06,4,5415.0
3023,41,57,2024-07-05,5,564255.35
3024,35,1,2023-06-24,13,430593.0
3025,20,74,2024-05-05,6,519351.0
3026,5,99,2024-12-31,15,1528550.0
3027,5,53,2024-09-24,6,305947.5
3028,35,14,2024-08-22,10,358111.0
3029,31,33,2024-02-16,1,6380.2
3030,6,133,2024-09-03,15,28391.0
3031,3,95,2023-07-22,2,132635.2
3032,1,137,2024-05-10,9,28945.55
3033,31,18,2023-06-23,9,227194.4
3034,35,104,2024-04-11,10,35273.5
3035,9,138,2024-05-22,11,43713.3
3036,18,21,2024-09-24,13,113549.0
3037,25,82,2023-03-13,12,619608.0
3038,12,46,2024-06-26,6,28407.85
3039,3,6,2024-04-15,2,23640.0
3040,43,47,2024-10-25,14,85721.0
3041,33,21,2023-01-04,14,116169.8
3042,30,104,2024-01-06,4,14109.4
3043,4,93,2024-05-01,1,100477.0
3044,43,145,2023-03-14,10,43499.0
3045,9,12,2024-11-09,6,15539.15
3046,28,97,2024-04-07,8,1028546.95
3047,19,113,2024-08-02,15,62627.8
3048,37,83,2023-12-14,11,1482843.0
3049,23,97,2024-01-26,3,385704.75
3050,25,125,2023-06-24,14,47629.0
3051,43,101,2023-09-21,1,463.0
3052,9,72,2023-01-31,12,1195976.0
3053,27,3,2024-12-10,15,128594.85
3054,45,65,2024-07-02,13,332250.0
3055,21,94,2024-02-08,6,232279.75
3056,47,116,2023-01-14,10,24467.25
3057,5,19,2024-04-13,11,180756.0
3058,17,79,2024-11-10,6,377036.95
3059,4,29,2024-12-08,13,450902.3
3060,5,60,2023-02-19,8,826508.55
3061,7,148,2024-03-19,13,62212.0
3062,8,43,2023-07-22,3,100026.45
3063,38,138,2023-11-15,4,15895.4
3064,41,49,2024-02-14,5,63004.95
3065,33,52,2023-03-22,5,68520.0
3066,38,69,2023-11-23,4,172007.0
3067,11,139,2023-02-10,12,17099.0
3068,35,10,2024-08-31,8,243450.8
3069,48,90,2024-12-12,15,1186460.0
3070,29,134,2024-03-19,5,23588.0
3071,38,102,2024-09-05,5,3952.0
3072,10,67,2023-08-31,8,686312.0
3073,44,116,2023-08-05,13,31807.9
3074,18,82,2024-09-06,14,722877.0
3075,13,148,2023-03-28,11,52641.0
3076,22,89,2023-07-11,4,298976.4
3077,10,28,2024-10-26,5,67728.35
3078,29,23,2024-12-14,13,145322.0
3079,8,109,2024-04-20,5,2958.3
3080,9,40,2024-05-07,3,40424.4
3081,14,99,2023-04-14,7,713323.65
3082,37,37,2024-11-18,8,48542.0
3083,45,84,2023-10-20,14,607934.0
3084,19,41,2024-04-08,8,80560.0
3085,26,23,2023-03-31,4,44715.0
3086,29,18,2023-05-07,3,79717.0
3087,25,73,2023-11-06,9,1288439.0
3088,22,92,2023-06-12,13,1097347.85
3089,26,8,2024-03-28,12,59810.0
3090,45,121,2023-06-22,2,7019.55
3091,47,58,2023-10-02,10,1088246.0
3092,18,61,2023-06-05,5,133088.35
3093,1,114,2023-07-05,13,10391.0
3094,30,150,2024-05-31,11,17196.9
3095,39,117,2023-10-31,1,4103.0
3096,29,62,2023-05-13,3,291332.7
3097,39,82,2023-11-11,11,539575.3
3098,15,97,2023-11-30,3,385704.75
3099,36,124,2024-03-19,12,45239.0
3100,44,106,2024-07-02,11,48234.0
3101,31,145,2024-08-27,12,49588.1
3102,23,117,2023-02-12,8,32824.0
3103,29,114,2023-11-30,15,11989.0
3104,16,110,2024-06-30,1,2371.2
3105,39,120,2024-09-27,6,18747.0
3106,31,88,2024-06-17,8,386692.0
3107,25,11,2024-09-27,14,481884.65
3108,7,139,2023-07-07,14,18950.6
3109,44,47,2023-06-28,13,75618.1
3110,36,78,2023-10-05,7,809714.45
3111,16,2,2023-03-14,11,153980.0
3112,45,15,2023-01-21,2,55800.0
3113,2,105,2023-06-03,4,1176.1
3114,40,42,2023-08-01,6,35957.0
3115,38,105,2024-11-07,5,1470.6
3116,16,105,2023-12-13,3,929.0
3117,37,5,2024-06-04,11,247341.05
3118,13,27,2023-04-06,7,115580.0
3119,8,6,2023-07-26,2,23640.0
3120,36,52,2023-10-03,8,104151.35
3121,26,132,2024-01-03,3,4689.0
3122,45,123,2023-11-13,4,11108.0
3123,10,33,2023-09-29,7,44659.5
3124,26,89,2024-06-05,6,448464.6
3125,29,121,2024-02-24,11,40637.0
3126,16,13,2023-03-20,1,7359.65
3127,37,131,2023-11-16,7,6407.75
3128,2,118,2024-04-23,9,38836.0
3129,15,81,2024-06-20,8,928328.6
3130,18,140,2023-09-20,13,40750.0
3131,28,130,2023-01-01,13,53873.0
3132,41,133,2023-06-04,15,28391.0
3133,13,126,2024-05-23,11,27975.6
3134,39,139,2023-07-13,4,5415.0
3135,33,6,2024-09-25,14,157208.85
3136,33,16,2024-05-16,9,256551.3
3137,23,90,2024-12-15,5,375712.65
3138,34,24,2023-12-29,8,176564.15
3139,41,18,2023-09-04,5,126218.9
3140,16,85,2024-08-31,5,183249.3
3141,19,100,2024-09-09,4,397480.95
3142,28,39,2024-02-11,9,266695.0
3143,17,8,2024-03-05,11,54826.0
3144,36,109,2024-03-31,1,591.85
3145,46,76,2024-12-18,8,1185586.0
3146,13,107,2023-12-11,9,12939.0
3147,42,113,2023-04-25,5,20876.25
3148,40,13,2024-04-14,1,7359.65
3149,49,68,2024-06-07,5,334486.0
3150,45,48,2023-05-15,3,44209.0
3151,9,58,2023-10-28,10,1033833.7
3152,10,147,2023-07-02,2,6060.0
3153,44,113,2024-04-13,14,61529.0
3154,19,149,2023-04-05,3,3316.45
3155,18,136,2023-09-09,12,22497.9
3156,39,52,2023-02-19,13,178153.0
3157,37,14,2023-06-13,15,537166.0
3158,22,14,2024-04-25,4,136081.8
3159,10,141,2024-09-04,3,13627.75
3160,21,65,2023-01-09,9,218518.05
3161,32,88,2024-11-15,9,435028.0
3162,8,90,2023-05-14,14,1107363.0
3163,34,33,2023-07-03,10,63800.1
3164,42,56,2023-05-08,4,171955.0
3165,6,47,2023-12-29,6,34901.1
3166,11,72,2023-05-22,7,697652.0
3167,9,7,2024-05-08,6,117113.0
3168,14,44,2023-11-21,13,133464.55
3169,41,113,2024-02-25,8,35160.0
3170,20,4,2024-07-02,1,3382.0
3171,26,11,2024-07-08,15,543479.0
3172,26,44,2023-11-30,10,102664.6
3173,12,77,2024-06-11,4,178819.0
3174,23,38,2024-05-04,15,396917.0
3175,6,22,2023-05-05,15,591793.0
3176,39,112,2023-02-15,9,19629.0
3177,24,7,2023-02-22,10,185428.6
3178,45,43,2024-12-02,8,266736.25
3179,14,39,2024-03-27,5,148164.0
3180,49,56,2024-10-16,3,122517.7
3181,11,132,2024-09-18,7,10941.0
3182,42,123,2023-03-27,9,23744.3
3183,31,59,2023-09-26,9,784495.0
3184,29,88,2023-12-31,15,725047.0
3185,44,89,2023-05-30,4,314712.0
3186,6,127,2024-08-24,14,20606.45
3187,12,122,2024-10-14,5,6612.0
3188,7,63,2023-06-05,14,1959407.0
3189,42,4,2023-05-06,1,3212.9
3190,44,98,2024-05-01,1,75392.95
3191,43,87,2023-01-13,2,133720.0
3192,37,65,2023-11-08,15,364197.7
3193,10,33,2023-09-13,11,73873.0
3194,49,78,2024-10-05,13,1582900.0
3195,42,31,2023-03-09,15,118034.65
3196,35,20,2023-03-20,3,92500.0
3197,34,30,2024-04-25,15,459532.1
3198,27,74,2023-05-11,3,246692.2
3199,24,145,2023-10-10,11,47848.0
3200,12,48,2023-08-08,7,103154.0
3201,23,133,2023-08-18,2,3595.75
3202,10,46,2023-02-05,5,23673.05
3203,15,113,2024-12-16,15,62627.8
3204,16,76,2024-09-07,11,1548671.95
3205,23,23,2024-12-19,9,100608.0
3206,39,61,2023-06-11,9,239559.6
3207,16,144,2023-05-26,11,24356.0
3208,2,110,2023-02-25,14,33190.15
3209,20,108,2024-03-27,9,30110.0
3210,13,136,2023-11-22,11,21708.0
3211,4,22,2023-02-22,8,315623.0
3212,12,33,2023-03-24,7,44659.5
3213,18,150,2023-09-07,7,11520.0
3214,32,74,2023-12-21,9,740075.65
3215,43,16,2023-02-04,6,171034.2
3216,33,106,2023-08-10,14,61388.0
3217,18,134,2023-03-16,15,67225.8
3218,4,11,2024-09-13,9,309782.65
3219,5,111,2024-01-28,2,8141.5
3220,48,103,2023-08-27,1,1789.0
3221,47,90,2024-01-14,12,901709.6
3222,24,132,2023-04-26,1,1484.85
3223,4,36,2024-01-23,12,257656.15
3224,32,31,2023-09-04,5,39345.2
3225,13,18,2023-11-04,1,26572.0
3226,19,141,2024-06-07,1,4782.0
3227,27,35,2024-04-21,15,165083.0
3228,31,149,2024-10-20,6,6632.9
3229,14,25,2024-11-06,6,69121.05
3230,44,131,2024-01-22,5,4577.1
3231,27,45,2024-06-24,12,112902.75
3232,26,51,2024-10-18,13,792363.65
3233,35,134,2024-03-11,11,51894.0
3234,6,62,2024-06-17,4,408888.0
3235,12,57,2023-10-05,10,1187906.0
3236,23,103,2024-09-03,6,10735.0
3237,46,1,2023-02-06,13,409063.35
3238,2,58,2024-03-14,15,1632369.0
3239,36,125,2024-12-26,15,51031.0
3240,6,134,2024-09-16,9,40335.1
3241,34,120,2023-04-08,13,38587.1
3242,36,83,2024-12-31,2,269608.0
3243,9,81,2023-08-31,15,1740615.65
3244,29,67,2023-09-28,1,81499.55
3245,42,93,2024-10-06,11,1049984.65
3246,30,120,2024-02-22,14,41555.85
3247,46,136,2023-05-10,12,23682.0
3248,28,33,2024-11-13,1,6380.2
3249,11,14,2024-01-31,6,214866.0
3250,30,109,2024-09-21,3,1774.6
3251,34,128,2023-11-17,9,41856.0
3252,35,129,2023-06-30,5,15514.45
3253,18,94,2024-03-09,13,503272.95
3254,45,71,2024-11-16,13,1692263.0
3255,37,75,2024-07-15,7,229379.0
3256,48,127,2023-01-08,8,12395.0
3257,17,85,2023-11-04,9,347208.0
3258,16,88,2023-07-08,1,48336.0
3259,32,68,2023-02-05,14,889731.05
3260,37,68,2023-05-26,4,267588.0
3261,4,124,2024-01-20,15,56549.0
3262,32,27,2023-09-22,11,181626.0
3263,47,58,2024-02-21,8,870597.0
3264,38,9,2023-05-31,10,377202.25
3265,33,4,2024-05-24,13,43964.0
3266,38,1,2024-06-27,2,66245.0
3267,1,20,2024-07-04,7,205042.3
3268,38,60,2023-11-17,10,1033135.45
3269,44,135,2024-06-08,11,18090.0
3270,45,57,2023-03-05,6,677105.85
3271,32,105,2023-08-04,6,1857.0
3272,36,18,2023-12-19,8,212580.0
3273,9,137,2024-11-11,11,35378.0
3274,31,16,2024-08-21,13,370574.1
3275,44,77,2024-08-10,9,382224.9
3276,31,33,2024-01-27,5,33579.0
3277,27,90,2023-08-17,4,300569.55
3278,41,4,2023-10-02,12,40583.0
3279,24,80,2023-11-16,1,129224.0
3280,4,103,2023-11-17,15,26838.0
3281,6,92,2023-09-16,12,1012936.55
3282,39,42,2024-12-05,9,53936.0
3283,8,73,2024-11-04,1,143160.0
3284,30,69,2024-11-20,15,678975.0
3285,7,35,2023-05-17,2,22011.0
3286,46,81,2023-05-08,10,1160410.75
3287,15,27,2024-08-24,10,156858.3
3288,28,88,2024-07-07,4,183678.7
3289,40,87,2023-02-20,13,869179.0
3290,40,8,2024-08-28,4,18940.15
3291,13,74,2023-03-01,10,865586.0
3292,33,132,2023-03-16,3,4689.0
3293,4,127,2023-06-19,3,4648.0
3294,45,133,2023-04-24,7,12586.55
3295,17,18,2023-07-10,7,186007.0
3296,46,13,2024-06-17,7,51518.5
3297,10,32,2024-10-17,3,35631.65
3298,20,95,2024-03-14,9,596858.4
3299,42,52,2024-03-01,1,13704.0
3300,15,53,2024-08-13,11,590425.0
3301,41,65,2024-05-07,11,267078.25
3302,26,11,2024-05-15,9,326087.0
3303,47,22,2024-03-22,2,78906.0
3304,47,77,2024-01-31,2,89409.0
3305,20,141,2023-07-09,7,33473.0
3306,46,99,2024-09-27,9,965400.0
3307,7,79,2024-01-24,14,926056.0
3308,35,96,2024-12-07,10,706208.0
3309,31,54,2024-03-12,7,808206.8
3310,41,34,2024-12-08,6,28029.75
3311,10,30,2023-08-15,13,398260.9
3312,21,83,2023-09-03,12,1536764.65
3313,15,86,2023-01-24,13,1155010.95
3314,40,105,2023-10-16,11,3405.0
3315,2,100,2023-08-21,15,1569004.0
3316,46,139,2024-03-21,5,7124.0
3317,6,83,2024-12-06,4,512255.2
3318,20,27,2024-02-23,5,82557.0
3319,47,89,2023-10-13,11,822186.05
3320,11,58,2024-12-01,13,1343984.0
3321,10,91,2023-08-23,4,539544.0
3322,29,6,2023-10-29,15,168437.85
3323,3,140,2023-08-10,10,31346.0
3324,15,16,2024-12-06,1,30006.0
3325,37,36,2023-03-09,11,248615.0
3326,12,96,2023-05-02,7,469628.7
3327,18,134,2023-09-01,9,42458.0
3328,43,69,2023-06-26,2,90530.0
3329,38,59,2023-07-29,6,496847.15
3330,19,142,2023-05-15,14,10991.5
3331,5,133,2024-12-09,14,26498.0
3332,2,47,2023-10-08,15,87251.8
3333,20,123,2023-05-02,5,13190.75
3334,45,108,2023-11-30,4,13382.0
3335,2,77,2023-01-12,12,536456.0
3336,25,137,2024-12-30,2,6432.45
3337,46,79,2024-01-29,12,793762.0
3338,43,3,2024-04-17,13,111448.3
3339,3,124,2023-11-13,11,39395.55
3340,3,107,2024-03-16,2,2875.65
3341,16,34,2024-09-12,11,51388.35
3342,48,41,2023-04-01,13,137800.0
3343,12,103,2023-03-16,11,18696.95
3344,41,141,2023-12-22,10,47818.0
3345,43,78,2023-03-06,13,1503755.0
3346,6,12,2023-10-09,2,5179.4
3347,13,20,2023-10-09,9,263625.95
3348,11,118,2023-01-05,7,30206.0
3349,1,109,2023-07-13,7,4359.0
3350,8,120,2023-08-01,11,34369.0
3351,3,33,2023-03-28,12,80589.0
3352,7,125,2024-02-23,6,19391.4
3353,49,101,2024-07-26,9,3962.45
3354,16,129,2023-05-23,7,21719.85
3355,28,15,2024-04-28,14,371067.15
3356,15,3,2024-06-17,13,111448.3
3357,42,40,2024-03-19,8,113472.0
3358,13,61,2023-09-03,10,266176.7
3359,34,116,2023-10-29,5,12878.0
3360,13,82,2024-09-18,10,516340.0
3361,37,65,2023-10-24,14,357808.0
3362,37,48,2024-01-06,11,162100.0
3363,9,112,2024-12-13,7,14503.65
3364,13,71,2023-01-31,1,123665.3
3365,15,35,2024-11-19,13,143072.0
3366,49,60,2023-11-15,1,103313.45
3367,39,61,2023-06-04,2,56037.0
3368,12,120,2023-04-21,2,6249.0
3369,7,2,2024-04-13,14,186175.3
3370,20,82,2024-03-04,4,206536.0
3371,29,27,2024-04-19,1,16511.0
3372,39,41,2024-02-01,7,74200.0
3373,5,149,2024-01-25,8,9309.0
3374,5,83,2024-07-04,2,256127.6
3375,5,8,2024-05-05,14,69778.0
3376,48,1,2024-02-05,13,430593.0
3377,15,24,2023-05-30,1,23232.0
3378,26,149,2024-04-04,14,15476.45
3379,49,62,2024-12-27,3,291332.7
3380,38,132,2024-09-10,7,10941.0
3381,37,36,2024-11-27,3,67804.0
3382,20,83,2023-09-30,14,1792891.3
3383,48,23,2024-02-23,7,78250.0
3384,48,124,2024-12-27,8,30159.0
3385,9,146,2023-04-21,3,1413.6
3386,45,137,2024-05-16,2,6771.0
3387,34,106,2023-01-30,4,16662.05
3388,15,127,2023-11-22,4,6197.0
3389,49,37,2024-07-27,8,48542.0
3390,24,130,2023-12-13,11,43305.75
3391,13,93,2024-10-11,12,1205724.0
3392,49,68,2023-01-31,7,468280.0
3393,7,51,2024-10-02,13,792363.65
3394,27,116,2023-03-25,2,5151.0
3395,33,10,2023-09-22,7,224231.0
3396,3,134,2024-04-26,15,70764.0
3397,27,8,2024-06-03,2,9469.6
3398,19,126,2024-03-06,4,10172.6
3399,1,140,2024-06-02,15,44668.05
3400,44,20,2023-11-03,1,30833.0
3401,10,30,2023-09-25,5,153177.05
3402,23,125,2023-01-24,12,38783.75
3403,19,135,2023-08-25,13,21379.0
3404,28,127,2024-10-07,10,14719.3
3405,18,46,2024-01-25,13,64789.0
3406,28,19,2024-10-28,4,65729.0
3407,42,129,2024-02-15,4,12411.75
3408,30,52,2023-11-06,8,109633.0
3409,41,39,2023-12-02,6,168907.15
3410,29,74,2023-09-01,1,82231.05
3411,20,69,2023-10-16,2,86003.5
3412,32,145,2024-05-06,7,30449.0
3413,44,122,2023-06-10,11,14547.0
3414,40,138,2023-07-22,8,33464.0
3415,48,46,2023-07-23,12,56814.75
3416,15,6,2023-02-25,10,112291.9
3417,11,1,2023-10-31,6,198735.0
3418,3,146,2024-09-11,2,992.0
3419,45,85,2023-08-27,15,549746.0
3420,32,117,2023-05-10,1,4103.0
3421,4,149,2023-07-25,2,2327.0
3422,29,142,2024-02-25,5,4132.0
3423,39,131,2023-05-02,15,14454.0
3424,5,78,2024-10-12,9,1095854.0
3426,41,111,2023-10-12,5,21426.0
3427,29,112,2023-04-17,3,6543.0
3428,10,138,2024-10-29,10,39738.5
3429,31,15,2023-05-06,7,195298.0
3430,20,141,2023-01-14,13,62163.0
3431,28,119,2023-07-02,14,45581.0
3432,28,12,2024-12-10,7,18128.85
3433,41,26,2023-04-06,9,155549.0
3434,30,41,2023-09-13,6,63600.0
3435,30,130,2024-07-30,14,55116.15
3436,36,75,2024-10-12,2,65537.0
3437,33,137,2023-11-28,3,10156.0
3438,23,105,2023-03-16,4,1176.1
3439,16,150,2023-10-15,11,17196.9
3440,48,139,2023-03-08,14,19948.0
3441,24,87,2023-07-22,12,762203.05
3442,5,45,2024-11-21,13,128748.0
3443,42,68,2024-03-19,10,668971.0
3444,24,60,2023-07-06,14,1522515.0
3445,49,94,2023-08-15,14,570512.0
3446,5,6,2023-09-09,13,145979.85
3447,37,11,2023-08-22,4,144928.0
3448,27,142,2024-09-19,6,4958.0
3449,22,131,2024-12-24,8,7709.0
3450,8,15,2023-10-02,6,159029.05
3451,29,104,2024-01-19,5,18565.0
3452,24,73,2023-03-09,8,1088015.05
3453,13,39,2023-05-28,14,414860.0
3454,31,40,2024-12-14,15,212761.0
3455,4,15,2023-03-27,4,111599.0
3456,45,138,2023-04-07,10,39738.5
3457,24,50,2023-06-04,3,32136.6
3458,19,49,2023-07-29,7,92850.0
3459,33,124,2023-04-14,3,11310.0
3460,42,26,2023-01-16,2,32837.7
3461,44,65,2024-03-15,14,357808.0
3462,22,74,2023-05-27,13,1068997.95
3463,41,79,2023-02-24,5,314197.3
3464,35,141,2024-11-02,11,52600.0
3465,20,130,2024-10-11,5,20720.0
3466,9,109,2023-08-15,6,3736.0
3467,47,58,2023-02-05,1,108825.0
3468,6,137,2023-10-07,10,33855.0
3469,15,22,2024-06-11,13,512887.0
3470,35,27,2023-07-25,15,247672.0
3471,36,91,2023-02-23,13,1753518.0
3472,23,70,2024-07-16,13,424289.95
3473,32,81,2024-11-17,7,855039.0
3474,2,103,2024-02-01,11,19681.0
3475,25,69,2023-09-29,12,543180.0
3476,34,95,2023-11-15,15,994764.95
3477,18,46,2023-01-02,2,9469.6
3478,27,29,2023-01-19,7,255572.0
3479,6,38,2024-11-17,15,377071.15
3480,30,56,2024-03-19,9,386899.0
3481,6,38,2024-12-29,14,370456.0
3482,14,63,2024-01-08,4,559831.0
3483,4,37,2023-11-30,5,30339.0
3484,27,101,2023-01-29,13,6024.0
3485,32,139,2023-04-30,5,6767.8
3486,33,110,2023-04-21,2,4991.0
3487,44,106,2023-02-13,15,65773.0
3488,30,11,2023-04-29,8,275362.25
3489,13,128,2024-11-13,7,30927.25
3490,18,90,2023-10-09,14,1051994.85
3491,24,6,2023-01-17,3,33687.95
3492,30,113,2023-10-31,14,61529.0
3493,33,65,2023-09-08,7,178904.0
3494,4,20,2023-08-25,12,370001.0
3495,27,126,2023-04-28,9,24094.0
3496,46,140,2024-04-15,7,20844.9
3497,8,132,2024-02-03,1,1484.85
3498,21,49,2024-09-05,13,163813.25
3499,6,106,2024-05-31,9,39464.0
3500,28,73,2024-05-31,2,286320.0
3501,25,59,2023-05-20,7,579654.85
3502,14,2,2024-10-26,2,27996.0
3503,22,55,2024-07-05,1,104487.65
3504,47,149,2023-09-14,12,13963.0
3505,26,115,2024-05-19,12,9967.0
3506,49,13,2024-07-28,12,88316.75
3507,16,141,2023-05-02,9,40884.2
3508,41,49,2023-12-16,4,50404.15
3509,10,33,2024-06-04,7,44659.5
3510,24,123,2023-03-01,8,22217.0
3511,35,128,2024-07-24,14,61854.5
3512,45,10,2023-08-05,2,64066.0
3513,35,52,2024-09-04,5,65094.0
3514,34,13,2023-11-24,6,46483.0
3515,42,99,2023-01-05,6,643600.0
3516,11,5,2024-08-02,9,202369.95
3517,10,18,2024-10-10,8,212580.0
3518,20,150,2023-05-09,15,24685.0
3519,33,50,2023-09-27,8,85697.6
3520,47,19,2024-10-22,6,93664.3
3521,3,85,2024-09-17,9,347208.0
3522,48,4,2024-08-31,7,23673.0
3523,24,48,2023-11-10,9,125995.65
3524,46,88,2024-02-21,12,580038.0
3525,32,133,2023-02-01,6,11356.0
3526,44,54,2023-09-04,5,577290.3
3527,4,40,2023-07-05,11,156024.0
3528,6,122,2024-04-28,8,10051.0
3529,38,148,2023-03-12,4,18184.9
3530,4,73,2023-11-30,1,136002.0
3531,12,95,2024-05-02,2,139616.0
3532,47,67,2024-02-07,4,343156.0
3533,38,42,2024-03-08,12,68318.3
3534,44,30,2023-11-27,5,153177.05
3535,3,81,2024-11-05,10,1221485.0
3536,3,81,2024-03-30,3,348122.75
3537,17,118,2024-03-11,6,24596.45
3538,26,120,2023-11-19,5,15622.0
3539,36,77,2024-02-23,13,552102.95
3540,9,111,2024-04-09,11,47138.0
3541,15,31,2023-09-11,14,115964.0
3542,29,77,2023-01-08,1,42469.75
3543,10,63,2024-02-27,5,699788.0
3544,27,7,2024-01-09,3,58556.0
3545,19,26,2024-02-07,10,164190.4
3546,1,41,2024-02-26,10,106000.0
3547,28,80,2024-01-10,8,982101.45
3548,36,26,2023-01-31,7,114932.9
3549,10,53,2023-01-01,13,662886.25
3550,6,116,2023-11-10,8,19573.8
3551,18,17,2023-07-12,4,56155.0
3552,18,17,2024-04-11,15,200052.9
3553,18,32,2023-08-17,9,106895.9
3554,19,37,2023-01-18,8,46114.9
3555,4,69,2023-07-26,1,43001.75
3556,37,43,2023-02-21,12,400103.9
3557,35,134,2023-08-05,15,70764.0
3558,6,9,2023-02-18,3,119116.0
3559,11,8,2024-09-30,1,4984.0
3560,5,78,2023-08-02,11,1339377.0
3561,48,127,2024-11-08,15,23240.0
3562,30,141,2024-01-29,6,27256.45
3563,7,29,2024-08-26,1,36510.0
3564,37,117,2023-07-07,10,41030.0
3565,35,106,2024-01-01,4,17539.0
3566,49,125,2024-04-28,14,47629.0
3567,18,78,2023-09-30,13,1503755.0
3568,37,25,2023-05-21,8,97012.0
3569,38,74,2024-10-25,8,692468.0
3570,24,15,2023-07-21,9,238543.1
3571,33,17,2023-11-05,9,120031.55
3572,2,112,2024-08-21,11,23990.0
3573,3,103,2023-09-24,11,19681.0
3574,14,139,2024-07-31,7,9974.0
3575,14,150,2024-04-06,2,3126.45
3576,28,6,2023-11-04,2,22458.0
3577,14,9,2023-01-02,8,317644.0
3578,19,84,2024-05-23,7,288768.65
3579,42,54,2023-10-27,13,1579953.0
3580,22,13,2023-12-27,3,23241.0
3581,39,113,2024-09-29,5,21975.0
3582,32,61,2023-04-25,6,159706.4
3583,28,47,2024-08-06,12,73476.0
3584,41,117,2023-11-10,5,19489.25
3585,35,67,2023-04-25,12,1029469.0
3586,12,118,2024-01-21,15,61490.65
3587,21,133,2024-11-19,9,17034.0
3588,22,128,2023-04-24,2,9301.0
3589,37,40,2024-07-21,8,113472.0
3590,32,131,2024-05-25,3,2891.0
3591,6,31,2024-02-06,14,110165.8
3592,19,94,2024-04-22,13,503272.95
3593,22,68,2024-04-10,7,444866.0
3594,17,89,2023-08-02,4,314712.0
3595,26,101,2023-06-10,3,1320.5
3596,7,70,2023-10-11,5,163188.15
3597,10,145,2024-05-24,14,57853.1
3598,38,82,2023-11-11,8,413072.0
3599,49,96,2023-11-12,1,70621.0
3600,34,62,2024-09-23,6,613332.0
3601,14,1,2023-01-29,12,377596.5
3602,47,91,2024-05-12,15,1922125.5
3603,34,31,2024-05-12,12,94427.15
3604,40,74,2023-11-29,7,605910.0
3605,14,24,2024-03-19,8,185857.0
3606,11,128,2024-03-06,11,48600.1
3607,2,12,2024-03-17,3,8179.0
3608,3,26,2023-07-04,9,155549.0
3609,21,38,2023-05-21,9,238150.0
3610,33,127,2023-10-09,5,7747.0
3611,24,48,2023-05-24,5,69997.9
3612,34,12,2023-05-26,1,2589.7
3613,31,148,2024-08-20,7,31824.05
3614,21,115,2024-11-14,9,7475.0
3615,31,74,2023-11-29,12,986767.85
3616,17,62,2024-04-13,15,1456663.5
3617,39,4,2024-06-06,3,10146.0
3618,34,111,2024-04-26,4,16283.95
3619,42,78,2023-07-04,4,487046.0
3620,6,6,2023-07-01,9,106382.0
3621,15,147,2023-04-08,1,3030.0
3622,28,14,2024-04-19,6,214866.0
3623,10,85,2024-10-30,10,366497.65
3624,9,145,2023-05-29,1,4132.5
3625,18,141,2024-05-10,6,28691.0
3626,1,12,2023-07-09,14,38167.0
3627,3,94,2024-07-16,6,244505.0
3628,14,36,2024-12-13,12,271217.0
3629,12,29,2023-10-02,3,109531.0
3630,16,30,2024-10-03,13,398260.9
3631,44,8,2024-10-26,1,4734.8
3632,36,98,2023-07-31,3,238083.0
3633,27,58,2024-12-18,13,1343984.0
3634,35,36,2024-12-06,15,339021.0
3635,46,61,2023-04-13,13,364242.0
3636,21,46,2023-02-17,6,29903.0
3637,26,57,2024-10-21,8,950325.0
3638,24,15,2023-01-26,6,159029.05
3639,20,114,2024-05-12,6,4556.2
3640,33,5,2024-03-18,4,89942.2
3641,15,113,2023-01-09,11,45927.75
3642,14,121,2024-05-11,4,14777.0
3643,39,149,2023-11-09,7,8145.0
3644,22,134,2023-10-29,8,37741.0
3645,38,136,2023-04-02,8,14998.6
3646,23,145,2024-01-08,6,26099.0
3647,25,50,2024-06-13,6,64273.2
3648,28,63,2024-12-12,11,1539534.0
3649,42,42,2024-02-06,5,29964.0
3650,22,86,2023-07-09,5,467616.0
3651,32,44,2023-04-13,6,64841.0
3653,23,43,2024-11-22,2,70194.0
3654,36,56,2023-06-16,6,257933.0
3655,24,64,2024-12-11,4,446022.0
3656,20,29,2023-12-23,14,485587.75
3657,37,6,2023-10-28,14,157208.85
3658,29,95,2024-11-05,8,558464.0
3659,46,27,2024-12-01,4,62743.7
3660,25,140,2023-09-11,4,11911.1
3661,2,61,2024-03-28,7,196130.0
3662,37,89,2024-01-29,8,629424.0
3664,35,99,2023-11-12,3,321800.0
3665,36,127,2024-06-09,14,21691.0
3666,47,64,2024-04-23,1,105930.7
3667,18,33,2024-11-26,11,70179.35
3668,38,116,2024-02-14,15,38633.0
3669,24,3,2024-10-29,2,18048.0
3670,28,148,2023-05-28,14,63648.1
3671,7,20,2024-06-27,1,29291.35
3672,20,54,2024-04-02,15,1823022.0
3673,21,140,2023-01-25,14,41689.8
3674,27,22,2023-09-23,8,315623.0
3675,25,122,2024-05-19,14,18515.0
3676,47,36,2024-06-30,4,85885.7
3677,7,66,2024-12-08,15,179145.3
3678,25,71,2023-10-31,12,1562089.0
3679,5,4,2023-08-03,1,3212.9
3680,40,6,2023-06-29,13,153663.0
3681,20,82,2024-03-26,7,343366.1
3682,10,92,2023-04-14,8,675291.35
3683,12,48,2023-07-28,11,162100.0
3684,44,24,2023-03-20,7,154493.75
3685,25,6,2024-08-11,15,177303.0
3686,16,97,2023-03-25,15,1928524.7
3687,44,104,2024-08-28,3,10582.05
3688,48,115,2024-08-09,11,9136.0
3689,6,135,2023-02-18,8,12498.2
3690,4,139,2024-03-16,14,18950.6
3691,45,67,2024-06-19,1,85789.0
3692,14,138,2023-12-03,3,12549.0
3693,7,110,2023-09-14,7,16595.55
3694,28,118,2023-09-17,14,60412.0
3695,38,6,2024-09-17,1,11820.0
3696,41,127,2024-10-13,3,4415.6
3698,22,67,2024-02-07,14,1201047.0
3699,40,46,2023-11-15,6,28407.85
3700,20,2,2023-08-30,8,106385.75
3701,27,77,2023-05-17,5,223523.0
3702,4,124,2023-10-19,15,53721.55
3703,4,58,2024-01-30,4,435298.0
3704,49,9,2023-07-15,1,37720.7
3705,2,98,2024-11-03,5,396806.0
3706,16,79,2023-04-24,6,377036.95
3707,25,119,2024-10-07,6,19535.0
3708,10,68,2024-09-12,14,936559.0
3709,8,132,2023-08-17,4,6252.0
3710,4,136,2023-10-08,6,11841.0
3711,19,123,2024-12-10,6,15828.9
3712,29,54,2023-10-30,2,243070.0
3713,1,119,2023-03-01,1,3256.0
3714,22,99,2024-07-24,9,965400.0
3715,49,10,2023-03-24,1,32033.0
3716,16,84,2024-07-22,4,173696.0
3717,34,89,2024-09-06,7,523208.7
3718,41,17,2023-10-18,2,26674.1
3719,4,137,2023-08-08,7,22513.1
3720,13,80,2024-10-07,2,245525.6
3721,20,149,2023-02-02,8,9309.0
3722,12,119,2024-12-27,11,34023.3
3723,7,25,2024-12-30,1,12126.0
3724,29,99,2024-02-11,5,509516.35
3725,41,74,2023-02-11,11,904536.8
3726,5,45,2024-05-03,7,69326.0
3727,1,145,2023-03-11,12,52198.0
3728,19,114,2023-03-24,8,6074.3
3729,27,59,2024-03-30,6,496847.15
3730,33,104,2024-09-21,9,33417.0
3731,39,52,2024-10-06,11,143207.75
3732,15,97,2023-12-15,13,1671388.2
3733,41,87,2024-09-25,3,190551.0
3734,47,128,2024-10-26,6,27904.0
3735,41,17,2023-11-08,9,126349.0
3736,21,111,2024-05-28,10,40709.4
3737,23,91,2024-03-14,1,128141.7
3738,36,103,2024-03-14,10,17892.0
3739,4,47,2024-05-23,2,12246.0
3740,37,86,2024-08-07,14,1243857.8
3741,43,88,2024-12-01,15,725047.0
3742,7,149,2023-02-08,11,12800.0
3743,12,64,2024-10-18,1,105930.7
3744,36,90,2023-11-30,9,676282.2
3745,22,93,2024-07-06,11,1105247.0
3746,27,99,2023-02-14,2,214533.0
3747,3,42,2024-09-11,4,23971.0
3748,1,6,2024-04-26,1,11229.0
3749,12,117,2024-04-03,4,15591.4
3750,3,143,2024-05-27,8,33716.45
3751,34,4,2024-10-11,5,16063.55
3752,6,45,2024-09-16,14,131719.4
3753,15,58,2023-02-28,10,1033833.7
3754,25,34,2023-03-30,13,60731.6
3755,10,119,2024-04-10,8,24744.65
3756,27,13,2024-08-03,13,100712.0
3757,33,61,2024-09-02,14,392261.0
3758,14,113,2024-04-03,3,12525.75
3759,26,106,2024-03-25,13,57003.0
3760,10,147,2024-11-06,1,2878.5
3761,21,27,2024-10-15,6,99069.0
3762,49,66,2024-06-11,7,83600.95
3763,27,112,2024-02-16,5,10905.0
3764,39,103,2023-12-05,7,12524.0
3765,26,70,2023-04-18,7,228463.6
3766,32,64,2023-05-15,9,953372.5
3767,31,45,2024-01-29,6,56450.9
3768,22,86,2024-01-21,4,355388.35
3769,2,91,2024-02-19,1,128141.7
3770,22,82,2024-06-04,5,245261.5
3771,27,70,2024-02-08,13,424289.95
3772,46,130,2023-09-22,9,37297.0
3773,8,48,2023-04-21,15,209992.75
3774,4,41,2023-11-12,14,148400.0
3775,42,63,2023-08-29,6,839746.0
3776,37,57,2024-06-17,12,1354212.65
3777,5,146,2024-01-24,14,6944.0
3778,4,13,2023-01-30,15,110395.7
3779,35,128,2024-05-11,5,22091.3
3780,47,126,2024-01-23,5,13385.0
3781,21,76,2024-06-17,2,296396.0
3782,34,61,2023-11-20,8,224149.0
3783,26,103,2024-05-12,4,7157.0
3784,37,127,2023-05-07,8,11775.25
3785,24,99,2023-10-01,2,203806.35
3786,34,5,2023-12-14,1,22485.55
3787,35,77,2023-03-27,13,581161.0
3788,49,10,2024-04-20,13,416430.0
3789,39,21,2023-09-03,10,82978.7
3790,2,2,2023-03-29,5,69991.0
3791,38,115,2023-06-21,10,8306.0
3792,40,14,2023-05-14,8,272164.55
3793,22,4,2023-02-01,2,6425.8
3794,14,64,2023-12-30,5,529651.6
3795,43,40,2024-12-20,9,127656.0
3796,38,92,2023-12-22,7,590880.05
3797,2,52,2024-11-13,13,169245.35
3798,2,122,2024-09-11,8,10051.0
3799,13,21,2024-09-23,11,91276.0
3800,4,45,2023-01-17,13,128748.0
3801,30,122,2024-08-21,9,11306.9
3802,39,9,2023-08-16,4,158822.0
3803,34,106,2024-04-19,12,52618.0
3804,40,61,2024-12-05,9,239559.6
3805,37,89,2024-02-23,2,157356.0
3806,14,54,2023-03-04,14,1616412.65
3807,21,30,2024-07-23,4,128991.0
3808,4,34,2024-03-12,7,32701.85
3809,6,125,2024-05-13,8,25856.15
3810,15,72,2024-11-05,10,996646.0
3811,34,10,2024-04-16,11,334744.85
3812,34,64,2023-03-08,6,635581.35
3813,37,14,2024-01-02,11,393922.0
3814,17,6,2024-07-04,5,56145.95
3815,7,142,2023-11-21,8,6280.45
3816,34,88,2023-12-01,4,183678.7
3817,18,33,2024-06-14,11,70179.35
3818,14,66,2024-11-25,2,23885.85
3819,26,56,2023-04-17,13,558854.0
3820,40,15,2023-11-22,10,265048.1
3821,1,32,2023-02-06,1,12502.0
3822,11,77,2023-03-31,5,212346.85
3823,15,14,2023-07-31,9,306185.0
3824,41,86,2024-10-01,5,444235.2
3825,22,17,2024-04-28,7,93357.45
3826,24,51,2023-07-09,8,487608.4
3827,37,92,2023-05-17,8,710833.0
3828,38,52,2024-07-03,2,26037.6
3829,2,142,2023-02-11,12,9917.0
3830,28,18,2024-09-13,7,186007.0
3831,49,129,2023-04-07,13,40337.95
3832,9,133,2024-04-12,10,18927.0
3833,21,48,2024-08-11,13,181994.35
3834,6,45,2024-04-24,5,49519.0
3835,41,13,2023-04-04,15,116206.0
3836,18,98,2023-01-13,12,952334.0
3837,12,66,2023-12-07,6,75430.0
3838,29,40,2023-05-02,8,113472.0
3839,39,59,2023-08-27,12,993694.3
3840,4,134,2024-01-28,3,14153.0
3841,33,134,2023-08-06,8,37741.0
3842,31,17,2023-03-16,5,70194.0
3843,35,92,2024-02-06,15,1266171.4
3844,33,148,2023-12-22,10,47856.0
3845,35,143,2024-01-03,9,37931.6
3846,3,54,2023-04-21,4,486139.0
3847,49,53,2024-08-08,10,536750.0
3848,9,132,2024-12-30,8,11878.8
3849,26,52,2023-11-07,7,95929.0
3850,5,124,2023-10-26,13,46558.55
3851,34,119,2023-09-14,7,21651.45
3852,21,129,2024-09-17,15,46543.35
3853,31,112,2023-02-15,7,14503.65
3854,13,15,2023-09-27,11,306897.0
3855,23,46,2023-09-07,9,42611.3
3856,28,71,2024-03-11,15,1854980.45
3857,40,122,2024-11-18,3,3967.0
3858,41,133,2023-12-08,6,11356.0
3859,45,34,2023-09-09,14,68845.0
3860,14,9,2024-01-09,10,377202.25
3861,9,89,2024-07-07,10,786780.0
3862,20,105,2023-03-11,12,3714.0
3863,7,71,2023-10-14,9,1112988.65
3864,43,23,2023-01-08,9,95577.6
3865,12,100,2023-07-13,1,99370.0
3866,28,150,2024-04-17,15,24685.0
3867,30,62,2024-03-24,3,306666.0
3868,20,118,2024-09-23,12,49191.95
3869,37,97,2023-08-20,14,1894691.0
3870,17,40,2024-08-24,4,53899.2
3871,47,58,2024-11-26,9,930449.95
3872,8,96,2024-08-13,10,670897.6
3873,42,36,2023-12-11,3,67804.0
3874,37,93,2023-05-31,1,95453.15
3875,10,11,2024-09-17,15,516305.05
3876,6,97,2023-02-21,13,1759356.0
3877,46,105,2023-12-27,13,4024.0
3878,36,116,2024-09-03,5,12234.1
3879,36,33,2023-06-02,14,94021.0
3880,29,77,2023-11-23,14,625865.0
3881,22,17,2024-03-21,14,186715.85
3882,24,129,2023-02-17,15,48993.0
3883,33,30,2024-04-19,6,193487.0
3884,19,7,2024-03-12,1,19519.0
3885,31,106,2023-02-03,8,33325.05
3886,30,16,2023-05-13,11,330066.0
3887,1,85,2023-01-07,6,231472.0
3888,30,117,2024-02-04,9,35080.65
3889,31,69,2023-08-20,1,45265.0
3890,26,84,2024-07-08,4,173696.0
3891,9,40,2024-05-21,9,127656.0
3892,17,29,2024-04-07,15,547655.0
3893,11,134,2023-04-12,9,42458.0
3894,31,11,2023-06-20,7,253623.0
3895,29,49,2024-10-24,4,50404.15
3896,30,104,2024-01-30,2,7054.7
3897,26,36,2024-08-09,10,226014.0
3898,42,133,2023-01-27,8,15142.0
3899,3,114,2023-06-07,3,2278.1
3900,13,35,2023-12-23,4,44022.0
3901,28,70,2024-06-11,5,171777.0
3902,43,18,2024-10-05,15,398587.0
3903,9,45,2023-12-18,15,148556.0
3904,43,109,2023-03-05,11,6850.0
3905,30,58,2024-03-05,1,103383.75
3906,31,110,2023-11-23,15,37433.0
3907,48,133,2024-06-13,10,18927.0
3908,44,115,2024-09-05,15,11836.05
3909,17,130,2023-09-19,10,41441.0
3911,39,76,2023-08-07,15,2222973.0
3912,23,13,2023-02-16,11,80957.1
3913,30,69,2024-01-09,8,344014.0
3914,38,16,2024-06-16,13,390078.0
3915,10,106,2023-08-27,4,16662.05
3916,44,4,2023-10-04,12,40583.0
3917,43,84,2024-02-10,9,371274.25
3918,8,20,2024-12-17,3,87875.0
3919,7,73,2023-09-09,7,1002120.0
3920,2,14,2023-02-10,10,358111.0
3921,20,133,2024-03-11,10,18927.0
3922,33,89,2023-11-26,5,373720.5
3923,33,34,2024-03-18,3,14753.0
3924,35,24,2024-09-14,7,162625.0
3925,48,43,2024-10-22,10,350969.0
3926,17,80,2023-06-15,15,1938358.0
3927,1,60,2023-11-17,6,652507.0
3928,7,71,2024-11-17,7,911218.0
3929,12,58,2023-04-08,8,870597.0
3930,2,132,2024-12-13,13,19303.05
3931,33,117,2023-04-02,2,7795.7
3932,34,125,2023-01-02,9,29088.05
3933,20,31,2023-06-30,3,23606.55
3934,13,143,2024-03-15,8,35491.0
3935,5,111,2023-10-11,3,12856.0
3936,44,106,2023-09-02,1,4385.0
3937,36,146,2023-06-20,9,4464.0
3938,23,144,2023-07-02,9,18930.65
3939,24,33,2024-03-03,15,95700.15
3940,9,16,2024-12-08,8,228045.6
3941,21,28,2023-11-04,14,199620.0
3942,7,17,2023-06-07,13,173378.8
3943,22,57,2024-04-07,1,118791.0
3944,21,84,2024-05-13,10,434239.0
3945,27,72,2023-06-25,10,946813.7
3946,25,9,2024-07-31,6,226321.35
3947,45,83,2023-11-29,15,2022058.0
3948,14,121,2023-11-14,7,24567.0
3949,9,93,2024-08-15,13,1240890.95
3950,17,109,2024-10-10,7,4359.0
3951,34,103,2024-10-24,10,16997.4
3952,15,37,2024-05-05,14,80700.6
3953,21,36,2024-02-28,9,193242.35
3954,37,73,2024-01-20,8,1145279.0
3955,47,89,2023-02-04,11,865459.0
3956,41,29,2023-07-07,6,208108.9
3957,45,105,2024-03-18,4,1176.1
3958,5,71,2023-11-08,12,1562089.0
3959,32,102,2023-02-09,14,11065.6
3960,48,123,2024-06-03,1,2638.15
3961,14,28,2023-10-08,11,149001.8
3962,23,107,2024-10-27,6,8626.0
3963,49,92,2023-08-26,11,977395.0
3964,24,37,2023-06-11,9,51878.55
3965,22,21,2023-12-10,14,122284.0
3966,4,97,2023-11-30,6,771409.5
3968,24,123,2024-09-06,11,30548.0
3969,12,112,2023-12-23,4,8724.0
3970,22,2,2024-08-18,6,79789.55
3971,41,76,2023-08-11,9,1333784.0
3972,15,95,2023-03-06,10,698080.0
3973,32,6,2024-08-20,11,123520.9
3974,38,58,2024-10-21,6,620300.6
3975,49,79,2023-06-22,15,992203.0
3976,5,140,2023-03-12,14,43884.0
3977,36,78,2023-12-30,14,1619428.9
3978,41,76,2023-02-03,13,1830248.15
3979,11,148,2023-01-07,9,43070.0
3980,29,52,2023-08-16,4,52075.2
3981,26,31,2024-01-30,6,47214.05
3982,36,42,2024-04-13,8,47943.0
3983,42,14,2023-12-23,8,286489.0
3984,1,75,2024-02-16,3,93389.75
3985,14,146,2023-03-13,2,942.4
3986,8,44,2024-11-02,14,151296.0
3987,6,14,2024-07-27,7,238144.1
3988,28,91,2024-02-13,15,2023290.0
3989,46,108,2023-06-10,7,22248.05
3991,26,102,2024-09-27,1,790.4
3992,24,9,2024-09-01,5,188601.6
3993,23,118,2023-11-22,10,40993.45
3994,3,144,2024-06-26,11,24356.0
3995,40,99,2024-03-26,9,965400.0
3996,16,141,2023-07-02,5,22713.55
3997,19,3,2024-03-24,1,8572.8
3998,30,138,2024-11-14,15,59608.7
3999,3,148,2023-03-22,8,36369.8
4000,6,63,2023-12-14,9,1259619.0
4001,22,34,2024-10-18,14,65402.75
4002,11,71,2024-08-23,15,1854980.45
4003,13,29,2023-09-04,12,438124.0
4004,25,61,2023-08-08,14,372647.95
4005,6,122,2024-05-20,14,18515.0
4006,35,91,2023-01-13,9,1153275.3
4007,30,48,2023-11-30,5,73682.0
4008,47,94,2024-07-13,1,40751.0
4009,7,150,2024-09-02,13,21394.0
4010,16,63,2023-03-01,13,1728477.5
4011,6,89,2024-06-11,1,74744.1
4012,46,123,2023-01-19,5,13885.0
4013,38,128,2023-04-11,8,35345.7
4014,28,26,2023-12-17,11,180609.25
4015,16,121,2023-04-14,13,48026.0
4016,47,40,2023-08-30,7,99288.0
4017,17,51,2023-03-02,15,962385.0
4018,35,12,2023-05-27,10,27262.0
4019,6,48,2024-07-25,1,14736.0
4020,38,137,2024-05-25,5,16080.65
4021,42,29,2024-09-24,8,277478.85
4022,47,1,2024-02-20,7,231858.0
4023,40,52,2023-05-31,9,117170.15
4024,2,92,2023-03-02,12,1012936.55
4025,44,127,2024-04-20,11,16190.85
4026,42,62,2024-08-25,3,291332.7
4027,24,28,2024-12-31,9,121910.65
4028,25,111,2024-03-10,1,4070.75
4029,47,15,2024-01-29,2,55800.0
4030,41,107,2023-08-27,5,7188.65
4031,44,95,2024-06-08,11,729493.6
4032,35,108,2023-07-18,2,6691.0
4033,26,104,2023-02-03,5,17636.75
4034,5,86,2023-02-01,8,710775.75
4035,15,51,2023-07-23,11,670461.55
4036,23,8,2024-06-16,8,39873.0
4037,33,40,2024-09-19,14,188648.15
4038,18,57,2024-12-21,6,677105.85
4039,17,127,2023-09-12,7,10845.0
4040,37,72,2023-05-04,13,1230858.0
4041,18,62,2023-04-25,3,306666.0
4042,41,4,2023-09-09,7,22489.35
4043,32,68,2023-04-18,7,444866.0
4044,2,125,2023-04-30,14,47629.0
4045,22,102,2024-05-15,14,11065.6
4046,3,119,2024-10-27,11,35814.0
4047,24,107,2023-08-07,6,9080.0
4048,26,34,2024-05-10,2,9343.25
4049,43,69,2023-09-16,5,226325.0
4050,8,125,2024-02-20,12,38783.75
4051,23,53,2023-06-12,7,375725.0
4052,22,89,2024-12-14,7,523208.7
4053,9,33,2024-08-23,1,6716.0
4054,13,33,2023-03-22,2,13432.0
4055,47,130,2023-09-20,15,62161.0
4056,25,103,2024-12-11,15,25496.1
4057,28,88,2024-07-02,9,435028.0
4058,41,93,2023-06-20,12,1205724.0
4059,49,30,2023-06-21,1,32248.0
4060,48,67,2023-05-31,3,244498.65
4061,19,48,2023-01-26,5,69997.9
4062,28,135,2024-02-24,14,21871.85
4063,20,102,2024-04-15,6,4742.4
4064,2,105,2024-10-05,9,2646.7
4065,21,54,2024-03-17,11,1336883.0
4066,42,52,2024-07-04,6,82225.0
4067,30,109,2024-04-12,4,2366.45
4068,21,137,2023-11-19,12,38594.7
4069,12,142,2023-09-24,9,7066.1
4070,5,79,2023-03-06,14,879753.2
4071,28,84,2023-01-03,13,564510.0
4072,45,77,2024-12-11,13,581161.0
4073,28,33,2024-10-02,2,13432.0
4074,12,93,2023-05-03,4,401908.0
4075,32,134,2023-12-08,1,4718.0
4076,47,76,2023-11-30,13,1926577.0
4077,31,29,2024-06-22,3,104054.45
4078,29,20,2024-08-24,3,92500.0
4079,25,95,2023-09-10,7,488656.0
4080,23,80,2023-01-24,11,1350388.9
4081,2,133,2023-08-01,10,17980.65
4082,31,130,2024-02-26,14,58017.0
4083,45,35,2024-02-04,9,94097.5
4084,32,60,2024-06-18,10,1033135.45
4085,45,106,2024-02-20,13,57003.0
4086,14,35,2024-05-21,12,132066.0
4087,9,47,2023-09-02,5,30615.0
4088,29,38,2024-10-15,13,326795.25
4089,16,88,2024-12-02,10,459196.75
4090,15,52,2024-01-17,11,143207.75
4091,26,100,2024-12-20,4,397480.95
4092,42,134,2023-07-19,8,37741.0
4093,36,117,2024-03-22,12,46774.2
4094,21,74,2023-10-29,3,259676.0
4095,34,129,2023-08-11,14,45727.0
4096,4,10,2023-06-29,8,243450.8
4097,12,59,2023-07-12,4,348665.0
4098,16,95,2023-06-27,7,488656.0
4099,9,98,2023-02-18,5,396806.0
4100,35,74,2024-08-29,9,779027.0
4101,17,42,2023-10-03,10,56931.6
4102,35,54,2023-10-30,1,121535.0
4103,27,51,2023-02-12,9,548559.45
4104,45,45,2023-10-14,1,9904.0
4105,9,15,2023-10-19,5,139499.0
4106,1,71,2023-07-24,1,130174.0
4107,49,101,2023-05-09,14,6488.0
4108,25,61,2023-01-20,9,239559.6
4109,48,114,2023-02-06,13,10391.0
4110,31,52,2023-12-28,1,13018.8
4112,47,29,2024-07-01,7,255572.0
4113,2,72,2024-08-22,15,1494970.0
4114,45,50,2024-05-20,3,33828.0
4115,28,62,2024-01-04,12,1165330.8
4116,34,65,2024-05-31,13,332250.0
4117,47,26,2024-06-29,11,180609.25
4118,29,130,2023-10-15,7,29009.0
4119,3,103,2023-08-22,10,17892.0
4120,6,130,2024-05-23,6,24865.0
4121,46,33,2023-01-07,8,51039.7
4122,20,118,2024-05-16,11,47466.0
4123,11,127,2023-04-29,6,8831.2
4124,44,101,2024-08-06,3,1390.0
4125,43,146,2023-05-23,8,3769.6
4126,36,85,2023-10-24,1,36650.05
4127,44,73,2024-11-24,3,429480.0
4128,15,119,2024-10-14,12,37116.5
4129,35,91,2023-05-13,4,512566.8
4130,41,73,2024-11-30,6,816012.0
4131,36,114,2024-03-14,12,9591.0
4132,20,40,2024-01-25,12,161697.6
4133,36,18,2024-03-14,10,252437.8
4135,19,9,2024-08-03,14,555877.0
4136,30,99,2023-07-15,1,101903.65
4137,27,92,2024-09-09,1,88854.0
4138,19,108,2023-12-06,15,50183.0
4139,16,148,2023-06-17,5,23928.0
4140,23,75,2024-11-29,3,98305.0
4141,36,141,2023-07-25,14,63597.75
4142,45,114,2024-11-28,13,9871.45
4143,2,141,2024-01-09,11,52600.0
4144,40,4,2023-06-20,2,6425.8
4145,32,76,2024-05-21,12,1778379.0
4146,13,144,2023-05-26,1,2214.0
4147,43,136,2024-05-16,3,5624.0
4148,28,69,2024-08-23,8,362120.0
4149,35,131,2023-12-15,8,7323.55
4150,3,33,2023-02-01,1,6716.0
4151,13,56,2023-05-27,3,122517.7
4152,46,11,2024-04-09,9,309782.65
4153,5,104,2024-05-09,7,24691.45
4154,24,58,2023-03-20,13,1414720.0
4155,12,80,2024-08-03,5,646119.0
4156,30,40,2023-10-06,10,141840.0
4157,31,130,2023-06-28,9,35432.15
4158,32,49,2023-02-08,11,145907.0
4159,31,87,2023-04-06,15,952753.1
4160,34,139,2023-06-26,1,1425.0
4161,33,114,2024-12-04,3,2278.1
4162,11,92,2024-10-18,6,533125.0
4163,22,110,2023-05-09,14,33190.15
4164,27,35,2024-04-07,11,121061.0
4165,16,91,2024-10-31,10,1281417.0
4166,15,19,2023-03-19,6,98594.0
4167,26,82,2023-02-10,5,245261.5
4168,2,136,2023-04-25,15,29602.0
4169,7,23,2024-03-06,8,89429.0
4170,34,97,2024-10-06,9,1218016.0
4171,25,146,2023-10-13,13,6125.6
4172,44,35,2023-11-16,6,66033.0
4173,48,37,2024-01-16,4,24271.0
4174,14,23,2024-04-14,7,74337.5
4175,19,139,2023-09-30,12,17099.0
4176,14,138,2023-12-01,11,43713.3
4177,40,82,2023-02-20,8,413072.0
4178,49,22,2024-05-18,9,337322.2
4179,14,117,2023-08-16,15,61545.0
4180,19,58,2023-04-18,4,435298.0
4181,15,115,2023-02-22,6,4734.8
4182,35,99,2023-11-14,15,1609000.0
4183,46,46,2024-09-16,12,59805.0
4184,44,125,2023-08-04,5,16159.5
4185,33,110,2024-11-11,9,21337.0
4186,49,97,2024-06-25,12,1542819.95
4187,13,121,2023-04-07,4,14777.0
4188,11,77,2024-08-28,3,134114.0
4189,9,2,2023-04-14,3,41994.0
4190,32,94,2023-04-15,9,348420.1
4191,46,28,2024-03-29,3,42776.0
4192,5,25,2023-07-20,10,121265.0
4193,26,62,2023-04-23,13,1262441.7
4194,38,72,2023-02-13,11,1041495.45
4195,24,137,2024-10-12,12,40626.0
4196,46,86,2024-02-21,9,799622.6
4197,47,124,2024-11-05,10,35814.05
4198,4,90,2023-12-06,5,395487.0
4199,47,33,2023-01-11,4,26863.0
4200,12,77,2024-10-29,5,223523.0
4201,36,103,2024-10-05,4,7157.0
4202,25,20,2023-03-17,12,370001.0
4203,10,104,2024-11-10,1,3527.35
4204,4,143,2023-04-04,5,21072.9
4205,46,83,2023-01-14,13,1664827.5
4206,16,88,2024-08-03,3,137758.55
4207,5,88,2024-10-14,5,241682.0
4208,10,140,2023-04-07,11,34480.0
4209,22,60,2023-09-21,2,217502.0
4210,16,63,2023-07-02,6,839746.0
4211,26,44,2024-02-08,12,123197.9
4212,9,96,2023-01-01,6,402538.75
4213,45,107,2023-08-03,7,10064.3
4214,20,108,2023-11-15,11,36801.0
4215,4,133,2024-12-18,7,12586.55
4216,45,116,2024-10-19,5,12878.0
4217,45,116,2023-02-11,6,15453.0
4218,9,103,2023-12-12,13,22096.05
4219,44,34,2024-06-05,7,32701.85
4220,43,97,2024-02-19,6,771409.5
4221,29,101,2023-10-08,10,4634.0
4222,46,100,2024-01-26,4,397480.95
4223,35,104,2024-12-26,2,7426.0
4224,32,15,2024-03-17,11,306897.0
4225,14,118,2023-12-20,4,16397.0
4226,45,49,2023-05-01,7,92850.0
4227,36,111,2024-11-20,1,4285.0
4228,29,111,2024-01-20,7,29997.0
4229,34,56,2024-07-22,1,42989.0
4230,43,142,2024-08-07,10,8264.0
4231,4,38,2024-01-29,2,50275.9
4232,40,129,2023-03-25,10,31028.9
4233,9,65,2023-12-25,13,315637.5
4234,9,132,2024-10-09,12,17818.2
4235,43,26,2023-11-24,12,207398.0
4236,21,109,2024-09-20,2,1182.75
4237,39,125,2024-08-24,11,37423.0
4238,7,112,2024-11-13,1,2071.95
4239,25,15,2024-11-04,3,83699.0
4240,37,113,2024-09-12,2,8790.0
4241,40,126,2023-10-25,15,40156.0
4243,13,84,2024-11-10,2,82505.6
4244,13,102,2023-02-24,7,5824.0
4245,20,99,2024-11-28,11,1120936.35
4246,28,4,2024-02-29,9,28915.15
4247,38,2,2023-11-08,10,132982.9
4248,2,46,2024-07-22,13,64789.0
4249,21,144,2024-02-07,10,22141.0
4250,49,110,2023-05-25,3,7112.65
4251,21,44,2024-11-15,6,64841.0
4252,33,32,2024-07-07,8,95019.0
4253,25,42,2024-05-16,6,35957.0
4254,16,11,2024-06-17,5,181160.0
4255,2,39,2023-05-11,12,355594.0
4256,3,130,2024-07-17,12,47242.55
4257,18,5,2023-09-06,3,71007.0
4258,36,11,2023-08-10,10,344203.05
4259,2,150,2024-02-07,9,14811.0
4260,7,26,2024-12-22,2,32837.7
4261,6,50,2023-06-06,5,53561.0
4262,18,31,2023-03-11,15,118034.65
4263,1,74,2023-05-31,15,1233459.1
4264,49,33,2023-12-27,1,6380.2
4265,9,32,2023-09-01,6,71264.25
4266,39,136,2023-03-23,7,13123.3
4267,40,82,2024-01-01,4,206536.0
4268,18,71,2023-05-20,4,494661.2
4269,45,83,2024-04-26,11,1482843.0
4270,1,80,2024-05-18,8,982101.45
4271,6,58,2024-02-27,9,930449.95
4272,32,37,2023-05-05,12,72813.0
4273,25,9,2024-02-07,12,452642.7
4274,31,122,2024-11-02,15,19837.0
4275,46,54,2024-09-23,13,1500955.35
4276,3,21,2024-12-13,2,17469.0
4277,7,20,2024-11-22,6,185001.0
4278,14,51,2023-12-07,10,641590.0
4279,41,129,2024-06-20,15,46543.35
4280,3,112,2024-06-24,9,18647.55
4281,5,143,2024-08-08,8,33716.45
4282,28,87,2023-04-21,6,381101.05
4283,42,96,2024-07-25,15,1006347.35
4284,46,60,2023-07-23,1,103313.45
4285,48,119,2024-02-21,13,40209.7
4286,33,18,2023-01-02,7,176706.65
4287,34,50,2023-03-13,2,22552.0
4288,40,3,2023-10-25,8,72194.0
4289,1,144,2023-06-02,5,10517.45
4290,40,79,2023-11-06,13,816913.55
4291,32,8,2024-04-04,9,42614.15
4292,10,136,2023-06-17,13,24373.2
4293,9,79,2023-03-28,10,661468.0
4294,7,44,2023-01-01,5,51332.3
4295,11,56,2023-10-12,6,257933.0
4296,32,55,2024-01-29,15,1567317.6
4297,19,136,2023-04-06,12,23682.0
4298,47,3,2023-05-17,15,128594.85
4299,4,72,2023-08-26,7,662769.4
4300,16,45,2023-08-12,8,75268.5
4301,1,93,2024-06-18,2,200954.0
4302,17,5,2024-08-12,8,189352.0
4303,7,147,2024-01-04,3,8635.5
4304,15,138,2023-07-12,14,55634.85
4305,10,56,2023-11-06,1,40839.55
4306,19,11,2024-06-10,12,413043.85
4307,44,22,2023-09-21,11,433981.0
4308,4,128,2024-07-02,9,41856.0
4309,13,93,2024-03-30,11,1105247.0
4310,28,9,2023-06-19,12,476466.0
4311,35,20,2024-01-31,4,117167.3
4312,19,51,2024-03-28,14,898226.0
4313,44,48,2024-11-25,4,58945.0
4314,25,119,2023-04-20,11,35814.0
4315,36,13,2024-11-13,15,110395.7
4316,48,126,2023-02-05,3,7629.45
4317,34,96,2024-11-29,8,564967.0
4318,18,52,2024-12-24,5,65094.0
4319,1,123,2023-12-25,1,2638.15
4320,40,3,2023-01-18,6,54145.0
4321,18,49,2023-03-26,11,145907.0
4322,43,94,2024-01-11,14,541986.4
4323,39,70,2023-10-06,1,32637.25
4324,26,106,2023-12-16,1,4385.0
4325,32,120,2023-10-29,3,9373.0
4326,2,126,2023-04-04,8,21416.0
4327,24,12,2024-02-19,7,18128.85
4328,10,106,2023-02-21,4,16662.05
4329,17,78,2024-01-08,1,121762.0
4330,22,103,2024-10-05,11,19681.0
4331,11,31,2023-01-12,5,39345.2
4332,31,48,2023-06-28,13,181994.35
4333,6,100,2024-02-12,7,695591.9
4334,24,13,2024-12-10,15,110395.7
4335,29,142,2024-08-02,11,9091.0
4336,4,12,2024-01-16,13,33668.0
4337,9,98,2024-11-29,13,980110.25
4338,42,18,2023-01-13,15,378657.65
4339,35,23,2024-05-09,5,55893.0
4340,28,82,2024-02-29,6,309804.0
4341,29,141,2023-08-04,8,36341.3
4342,19,28,2024-10-20,6,81273.45
4343,36,149,2024-07-11,13,14370.65
4344,45,109,2023-11-21,2,1245.0
4345,47,42,2023-05-31,13,77907.0
4346,5,19,2023-04-20,13,213621.0
4347,44,145,2024-09-25,13,53720.6
4348,8,1,2023-09-14,2,62932.75
4349,26,136,2024-06-15,3,5624.0
4350,32,140,2023-10-18,11,34480.0
4351,49,49,2024-04-11,8,106114.0
4352,39,111,2023-11-09,6,25711.0
4353,21,128,2023-02-24,2,9301.0
4354,44,97,2023-11-26,3,406005.0
4355,12,8,2024-03-18,15,74762.0
4356,26,74,2024-04-20,12,986767.85
4357,8,18,2023-05-29,3,75731.15
4358,46,73,2024-12-24,12,1717919.0
4359,7,58,2023-07-12,2,206766.55
4360,19,92,2023-10-08,3,266562.0
4361,11,48,2023-04-02,14,206309.0
4362,30,127,2023-12-27,2,2944.05
4363,28,40,2024-05-02,12,161697.6
4364,7,3,2024-08-26,11,94302.7
4365,44,40,2024-08-19,4,53899.2
4366,5,14,2023-11-25,13,465544.0
4367,5,31,2023-07-04,1,7868.85
4368,43,58,2023-04-16,10,1088246.0
4369,47,84,2024-12-28,2,86848.0
4370,48,12,2023-11-07,8,20718.55
4371,4,47,2024-11-13,5,30615.0
4372,13,83,2023-08-15,12,1617647.0
4373,46,34,2024-03-16,4,18686.5
4374,28,38,2023-06-29,8,201104.55
4375,25,10,2024-12-16,11,352363.0
4376,38,72,2024-07-15,3,284044.3
4377,22,119,2024-02-08,5,16279.0
4378,20,62,2024-01-20,3,306666.0
4379,22,71,2024-11-03,9,1171567.0
4380,17,21,2023-06-11,12,104815.0
4381,38,106,2024-01-20,1,4165.75
4382,26,127,2024-12-22,8,12395.0
4383,49,118,2023-11-01,13,56096.0
4384,49,4,2024-03-26,5,16909.0
4385,8,53,2023-03-23,15,805125.0
4386,32,88,2024-12-17,6,275518.05
4387,42,148,2023-08-25,2,9571.0
4388,48,79,2024-05-17,11,727615.0
4389,2,82,2023-09-24,6,294313.8
4390,16,77,2024-01-11,6,254816.6
4391,8,80,2024-08-27,10,1227626.1
4392,23,20,2023-06-22,13,380793.25
4393,13,86,2024-10-03,12,1066164.1
4394,49,73,2024-05-30,2,286320.0
4395,27,128,2024-04-01,3,13952.0
4396,46,71,2024-04-06,2,260348.0
4397,8,43,2023-08-28,9,300078.4
4398,40,108,2024-10-20,4,13382.0
4399,46,29,2023-01-11,1,34684.5
4400,10,103,2024-11-14,10,16997.4
4401,3,67,2023-03-20,13,1115258.0
4402,10,89,2024-06-27,4,314712.0
4403,3,75,2023-03-08,10,311299.8
4404,40,130,2024-11-29,9,35432.15
4405,20,147,2023-11-20,15,43178.45
4406,11,104,2023-03-06,12,44556.0
4407,30,7,2024-03-29,10,185428.6
4408,13,36,2024-03-25,12,257656.15
4409,25,88,2024-09-30,6,290019.0
4410,22,73,2024-07-18,1,143160.0
4411,35,49,2024-08-19,12,151212.45
4412,33,36,2023-04-19,3,64413.8
4413,2,22,2023-11-16,9,337322.2
4414,18,114,2024-11-07,6,4796.0
4415,49,56,2023-04-03,6,245036.35
4416,26,54,2023-12-20,9,1093813.0
4417,23,40,2023-02-15,14,198577.0
4418,9,91,2024-11-16,13,1665842.1
4419,23,6,2024-06-20,11,123520.9
4420,43,52,2024-05-08,14,182264.15
4421,42,61,2023-03-07,15,399265.05
4422,48,35,2023-05-27,5,52276.6
4423,30,73,2024-04-15,6,858960.0
4424,37,43,2023-07-02,2,70194.0
4425,34,67,2024-10-21,9,733495.95
4426,16,60,2024-09-13,14,1522515.0
4427,39,130,2023-05-16,2,8288.0
4428,26,87,2023-11-08,2,133720.0
4429,3,82,2024-01-05,1,49052.3
4430,24,138,2023-03-24,7,27816.95
4431,7,108,2023-04-30,8,25425.8
4432,31,104,2024-12-17,7,24691.45
4433,27,103,2023-01-19,2,3399.1
4434,19,103,2024-10-20,2,3578.0
4435,1,42,2023-03-27,12,68318.3
4436,15,32,2023-10-24,14,175034.0
4437,2,49,2024-08-05,9,119378.0
4438,12,58,2023-12-19,1,108825.0
4439,43,134,2024-11-27,6,28306.0
4440,38,103,2024-07-11,2,3399.1
4441,9,43,2023-06-06,8,266736.25
4442,23,109,2023-03-19,7,4141.05
4443,26,138,2023-04-22,11,43713.3
4444,28,145,2023-10-18,9,39149.0
4445,42,115,2024-04-23,4,3155.9
4446,4,95,2023-06-28,10,663176.0
4447,33,43,2024-12-23,1,33342.15
4448,19,47,2024-04-16,9,52351.65
4449,15,10,2023-02-09,5,160165.0
4450,43,91,2023-08-09,4,539544.0
4451,45,41,2024-07-14,14,148400.0
4452,15,92,2024-11-28,3,266562.0
4453,22,118,2024-09-08,5,21576.0
4454,25,140,2024-07-13,12,35734.25
4455,48,84,2023-05-12,3,123758.4
4456,21,142,2024-04-12,9,7066.1
4457,5,118,2023-10-02,9,38836.0
4458,17,19,2023-12-28,2,32865.0
4459,21,149,2024-03-30,12,13963.0
4460,33,101,2024-04-11,4,1854.0
4461,11,95,2024-04-14,15,994764.95
4462,29,133,2023-09-16,6,11356.0
4463,21,56,2024-06-30,12,515865.0
4464,38,130,2023-08-26,9,35432.15
4465,39,74,2023-12-19,9,779027.0
4466,20,56,2024-12-03,3,128966.0
4467,19,63,2023-12-12,9,1259619.0
4468,38,84,2023-02-05,15,651358.0
4469,46,4,2023-06-17,2,6764.0
4470,21,27,2024-02-28,6,94115.55
4471,18,149,2023-10-13,14,16291.0
4472,31,107,2024-08-31,11,15814.65
4473,14,47,2023-07-25,7,40717.95
4474,7,113,2023-12-11,7,29226.75
4475,18,113,2024-01-28,6,25051.5
4476,17,108,2024-06-13,10,31783.2
4477,22,114,2023-06-02,11,8792.0
4478,32,46,2023-05-01,6,29903.0
4479,23,79,2023-08-10,3,188518.95
4480,7,142,2023-04-10,4,3306.0
4481,10,17,2023-09-22,11,154427.0
4482,1,81,2023-02-18,9,1099336.0
4483,2,108,2024-12-16,9,30110.0
4485,21,134,2024-11-12,8,35853.95
4486,49,61,2023-09-06,10,266176.7
4487,13,16,2024-12-10,9,270054.0
4488,36,126,2023-06-01,7,17802.05
4489,28,33,2023-11-27,4,26863.0
4490,15,52,2024-09-27,15,205562.0
4491,14,60,2024-09-03,5,543755.0
4492,2,34,2023-04-23,15,73763.0
4493,49,44,2023-07-26,8,86455.0
4494,26,108,2023-02-17,15,50183.0
4495,43,85,2023-05-15,12,462944.0
4496,1,117,2023-06-23,11,45133.0
4497,15,88,2023-10-05,5,241682.0
4498,21,4,2023-01-12,15,50728.0
4499,18,112,2023-07-18,15,31078.3
4500,20,145,2023-02-12,10,41324.05
4501,13,100,2024-09-11,12,1192442.85
4502,42,67,2024-06-05,13,1115258.0
4503,26,34,2024-09-30,12,56059.5
4504,44,54,2024-06-22,8,972279.0
4505,35,119,2023-05-07,7,22791.0
4506,26,23,2023-08-02,3,33536.0
4507,30,138,2023-04-17,2,8366.0
4508,33,71,2023-04-19,15,1952611.0
4509,7,84,2023-07-23,6,247515.85
4510,6,142,2023-09-09,8,6611.0
4511,21,146,2023-09-11,7,3472.0
4512,24,60,2024-02-02,5,516567.25
4513,31,142,2024-08-20,13,10205.85
4514,8,102,2024-10-09,14,11065.6
4515,26,116,2023-04-26,6,14680.35
4516,21,26,2024-11-13,13,224681.0
4517,24,64,2024-10-29,14,1483024.1
4518,25,59,2024-09-23,6,496847.15
4519,15,67,2024-12-19,11,943680.0
4520,17,102,2023-08-12,15,11856.0
4521,12,37,2024-12-22,4,24271.0
4522,33,116,2023-11-01,14,34254.15
4523,31,75,2024-10-05,13,404689.55
4524,7,1,2024-06-07,2,62932.75
4525,20,140,2024-10-06,8,25077.0
4526,4,45,2023-05-14,9,89133.0
4527,4,106,2024-02-01,12,49987.1
4528,13,60,2023-11-25,2,217502.0
4529,8,144,2024-11-28,10,22141.0
4530,37,9,2023-02-13,14,555877.0
4531,4,118,2024-09-19,6,25891.0
4532,43,67,2023-04-06,1,81499.55
4533,19,39,2024-10-06,4,112604.45
4534,37,150,2024-09-11,6,9380.3
4535,6,67,2023-09-04,8,686312.0
4536,27,70,2023-07-13,15,489564.45
4537,4,147,2023-05-15,12,34542.95
4538,36,39,2024-12-22,12,337814.3
4539,48,88,2024-10-20,1,45919.2
4540,6,18,2023-08-15,8,201951.0
4541,39,72,2024-05-26,13,1295640.0
4542,33,6,2024-11-11,8,94562.0
4543,28,59,2024-09-26,14,1159309.7
4544,6,51,2024-05-10,3,182853.15
4545,33,129,2023-11-21,1,3102.7
4546,39,49,2023-01-26,4,53057.0
4547,2,46,2023-12-31,11,54821.0
4548,23,125,2023-11-28,14,47629.0
4549,44,102,2024-02-12,5,3952.0
4550,37,7,2023-02-19,9,166885.55
4551,18,37,2023-02-09,11,63407.75
4552,12,116,2024-11-08,9,22021.0
4553,29,42,2024-09-08,11,65921.0
4554,28,59,2023-05-03,7,579654.85
4555,38,87,2023-06-20,12,762203.05
4556,4,26,2023-06-19,13,224681.0
4557,29,54,2024-07-29,6,692748.55
4558,37,17,2024-06-22,9,126349.0
4559,29,129,2023-07-06,15,48993.0
4560,48,122,2024-11-29,12,15870.0
4561,22,58,2023-12-01,7,723683.4
4562,19,37,2024-02-11,14,80700.6
4563,13,22,2023-01-28,15,591793.0
4564,41,81,2023-03-08,11,1343633.0
4565,32,95,2023-09-02,3,209424.0
4566,33,110,2024-12-18,11,26078.45
4567,37,21,2024-07-22,5,41489.35
4568,18,21,2023-02-28,12,104815.0
4569,18,78,2024-07-11,11,1272408.15
4570,18,30,2023-04-29,10,322479.0
4571,26,108,2024-11-06,10,31783.2
4572,27,69,2023-10-01,7,316855.0
4573,27,49,2023-08-28,5,63004.95
4574,29,28,2023-03-23,14,199620.0
4575,33,74,2023-07-28,11,904536.8
4576,38,129,2024-01-29,4,12411.75
4577,22,80,2024-05-05,12,1550686.0
4578,39,82,2024-07-16,6,294313.8
4579,18,140,2023-02-27,13,40750.0
4580,8,137,2024-03-05,4,12864.9
4581,27,13,2023-01-14,10,77471.0
4582,39,47,2023-02-16,13,79598.0
4583,14,148,2024-01-27,13,62212.0
4584,18,140,2024-12-30,8,23823.15
4585,20,75,2023-05-19,12,393221.0
4586,34,6,2023-06-08,12,134750.85
4587,44,125,2023-12-07,4,13608.0
4588,4,150,2023-03-31,7,10944.0
4589,36,110,2023-12-28,11,26078.45
4590,44,21,2023-08-01,9,78611.0
4591,31,54,2023-07-14,11,1270038.85
4592,45,139,2023-09-25,13,18523.0
4593,35,22,2023-06-30,5,197264.0
4594,9,82,2024-04-10,8,392418.4
4595,27,28,2024-02-03,5,71293.0
4596,20,124,2023-01-05,8,28651.05
4597,16,128,2023-09-27,12,55809.0
4598,23,38,2024-02-09,11,276519.35
4599,24,147,2023-06-17,9,25907.45
4600,9,131,2024-12-30,3,2746.45
4601,36,52,2023-04-24,11,150745.0
4602,47,131,2024-09-30,13,12527.0
4603,45,98,2024-08-25,1,75392.95
4604,42,50,2023-04-24,5,56380.0
4605,36,85,2023-08-08,8,308630.0
4606,39,119,2023-01-22,4,12371.85
4607,17,2,2024-07-15,14,195974.0
4608,49,22,2023-09-28,12,449762.3
4609,11,26,2023-06-30,3,49257.5
4610,25,46,2024-07-23,10,49838.0
4611,39,127,2023-09-19,6,8831.2
4612,45,52,2023-08-30,7,95929.0
4613,21,55,2023-12-13,1,109987.0
4614,5,52,2023-03-14,10,137041.0
4615,17,91,2024-07-02,10,1348860.0
4616,33,96,2024-05-18,6,402538.75
4617,33,107,2024-06-05,1,1437.35
4618,27,92,2024-01-12,10,888541.0
4619,29,101,2023-11-01,13,5722.8
4620,24,29,2023-10-30,11,381533.3
4621,32,49,2023-02-14,6,79586.0
4622,15,141,2023-09-16,12,57382.0
4623,13,52,2023-09-04,13,178153.0
4624,20,28,2023-02-07,4,57034.0
4625,13,84,2024-01-16,6,260543.0
4626,40,14,2024-08-03,2,71622.0
4627,19,4,2023-12-08,1,3212.9
4628,12,93,2024-02-13,6,572718.9
4629,5,147,2024-11-03,15,45451.0
4630,10,20,2024-08-04,3,87875.0
4631,46,67,2023-04-11,3,257367.0
4632,23,29,2023-05-02,3,109531.0
4633,21,25,2023-03-31,4,48506.0
4634,41,120,2023-10-21,9,26714.0
4635,22,122,2023-01-24,8,10580.0
4636,45,111,2024-08-10,7,28497.15
4637,35,128,2023-12-25,7,32555.0
4638,8,60,2024-05-23,4,413253.8
4639,6,33,2024-08-20,2,13432.0
4640,24,93,2023-09-16,1,95453.15
4641,16,128,2024-11-19,7,30927.25
4642,33,127,2023-11-11,7,10845.0
4643,14,129,2024-04-29,6,18617.15
4644,29,123,2023-09-21,3,8331.0
4645,31,16,2023-03-15,11,330066.0
4646,12,70,2024-05-13,5,163188.15
4647,3,70,2024-02-08,1,34355.0
4648,38,11,2023-02-05,5,172102.0
4649,20,67,2024-05-05,2,171578.0
4650,46,139,2024-07-03,7,9475.3
4651,22,71,2024-08-17,14,1822437.0
4652,15,122,2023-07-15,3,3768.65
4653,43,80,2023-10-19,4,491050.25
4654,21,96,2023-09-04,10,706208.0
4655,29,73,2023-09-26,1,143160.0
4656,44,25,2023-06-08,7,80640.75
4657,9,25,2023-10-01,14,161281.5
4658,34,21,2024-10-30,4,33191.1
4659,24,40,2023-11-14,4,56736.0
4660,19,30,2024-04-11,14,451470.0
4661,18,46,2023-03-30,3,14203.45
4662,25,20,2023-07-27,12,351500.95
4663,26,90,2024-06-10,12,901709.6
4664,30,127,2024-08-13,2,2944.05
4665,48,69,2023-04-06,14,633710.0
4666,14,91,2024-07-28,5,640708.5
4667,25,23,2024-08-18,10,111786.0
4668,42,67,2024-12-26,10,814995.5
4669,17,41,2024-02-22,13,137800.0
4670,16,1,2023-08-30,15,496838.0
4671,42,114,2024-03-25,9,6834.3
4672,2,126,2024-06-01,6,15258.9
4673,38,148,2024-03-10,9,43070.0
4674,6,49,2024-10-30,6,75606.7
4675,48,56,2023-02-05,4,171955.0
4676,30,1,2023-08-22,10,331225.0
4677,42,51,2024-05-29,13,792363.65
4678,18,39,2023-06-28,14,414860.0
4679,22,147,2023-09-15,9,27271.0
4680,25,63,2024-04-24,6,839746.0
4681,44,97,2024-04-21,8,1028546.95
4682,45,1,2023-09-07,12,377596.5
4683,9,147,2024-09-11,8,23028.95
4684,12,44,2024-05-18,12,123197.9
4685,29,149,2023-10-22,9,9949.35
4686,49,45,2024-03-12,11,103493.95
4687,19,150,2023-01-26,7,11520.0
4688,29,121,2023-06-11,5,17547.45
4689,30,113,2024-08-03,4,16701.0
4690,37,28,2024-12-06,2,27091.15
4691,10,32,2023-07-05,4,47509.5
4692,44,71,2024-06-28,1,123665.3
4693,6,124,2024-04-03,6,22620.0
4694,4,50,2023-05-15,9,96409.8
4695,7,20,2024-03-01,4,123334.0
4696,10,117,2023-09-01,6,23387.1
4697,7,26,2023-09-07,6,98514.05
4698,25,29,2024-03-02,1,34684.5
4699,22,46,2024-11-03,12,56814.75
4700,17,94,2023-04-18,14,541986.4
4702,4,47,2024-11-30,13,79598.0
4703,9,36,2024-10-10,2,42942.85
4704,28,40,2024-08-08,2,28368.0
4705,39,60,2023-08-09,4,413253.8
4706,3,91,2023-10-01,9,1213974.0
4707,45,61,2024-06-16,1,26618.05
4708,3,69,2024-10-07,8,344014.0
4709,8,112,2024-09-24,15,32714.0
4710,29,128,2023-04-09,4,17672.85
4711,41,54,2023-05-09,5,607674.0
4712,28,78,2023-02-02,2,231346.85
4713,22,16,2024-02-02,13,370574.1
4714,47,31,2024-05-19,14,115964.0
4715,3,70,2023-05-11,3,103066.0
4716,38,90,2023-01-17,14,1107363.0
4717,19,61,2024-04-06,15,420279.0
4718,32,110,2024-08-16,5,11854.1
4719,9,100,2024-11-08,4,418401.0
4720,43,109,2023-02-16,8,4732.9
4721,15,123,2023-12-30,7,18467.05
4722,44,45,2024-08-02,10,94085.15
4724,23,116,2024-09-19,8,20604.0
4725,42,61,2023-03-04,2,56037.0
4726,27,14,2024-07-08,8,272164.55
4727,25,3,2023-11-10,7,60010.55
4728,33,110,2023-03-03,8,19964.0
4729,40,2,2023-07-12,13,181976.0
4730,13,35,2023-07-01,8,83641.8
4731,2,133,2023-11-21,11,20820.0
4732,7,7,2023-09-12,5,97594.0
4733,30,130,2023-04-17,15,62161.0
4734,36,57,2024-04-04,4,451403.9
4735,41,136,2023-09-25,14,26247.55
4736,43,19,2024-02-16,4,62442.55
4737,23,97,2023-12-15,13,1759356.0
4738,49,132,2024-02-01,5,7424.25
4739,23,144,2023-08-26,11,24356.0
4740,48,3,2023-06-10,4,34292.15
4741,3,118,2024-12-11,11,47466.0
4742,27,98,2024-06-13,11,872972.0
4743,13,142,2024-08-17,13,10205.85
4744,16,117,2023-06-09,4,16412.0
4745,47,64,2024-05-23,4,423720.9
4746,45,31,2024-08-13,11,91114.0
4747,14,27,2023-11-03,10,165114.0
4748,48,16,2024-08-05,11,330066.0
4749,29,101,2024-09-29,5,2201.15
4750,20,23,2024-10-19,5,53098.35
4751,37,66,2024-09-12,9,107487.75
4752,24,52,2023-09-12,5,68520.0
4753,37,51,2024-12-05,9,577431.0
4754,36,21,2023-09-14,4,34938.0
4755,1,145,2024-01-20,7,30449.0
4756,36,121,2024-07-10,7,24567.0
4757,13,31,2023-08-02,8,66265.0
4758,3,88,2024-08-24,8,386692.0
4759,23,65,2023-11-18,10,242798.15
4760,34,25,2023-09-21,8,92161.4
4761,12,21,2024-07-23,9,74680.45
4762,41,123,2024-05-20,6,16662.0
4763,10,144,2024-01-22,9,19927.0
4764,45,48,2023-03-27,9,125995.65
4765,1,44,2024-04-25,5,54034.0
4766,30,119,2023-11-04,1,3256.0
4767,21,77,2023-09-07,12,536456.0
4768,6,56,2024-02-19,4,163357.25
4769,28,35,2023-09-05,2,20910.45
4770,28,124,2023-01-02,4,14326.0
4771,4,10,2023-10-18,1,32033.0
4772,2,21,2023-06-26,9,78611.0
4773,20,52,2024-12-17,8,104151.35
4774,25,1,2024-10-19,1,31466.85
4775,6,55,2024-03-01,15,1649808.0
4776,26,119,2024-02-22,2,6186.4
4777,29,135,2023-10-24,15,24668.0
4779,49,104,2023-02-08,4,14852.0
4780,11,62,2024-10-22,7,715554.0
4781,15,106,2023-10-26,8,35079.0
4782,26,134,2023-11-16,4,17926.5
4783,28,101,2023-08-11,13,5722.8
4784,14,9,2023-03-06,2,79411.0
4785,2,49,2024-11-01,11,145907.0
4787,48,18,2023-01-08,15,398587.0
4788,2,129,2024-12-30,15,48993.0
4789,27,106,2023-09-22,1,4165.75
4790,21,145,2023-04-28,12,52198.0
4791,39,141,2024-03-03,9,40884.2
4792,33,82,2023-05-17,2,103268.0
4793,22,42,2023-05-06,7,39852.5
4794,20,72,2023-12-29,4,378726.05
4795,26,116,2024-03-06,3,7727.0
4796,8,62,2023-04-25,6,613332.0
4797,29,14,2024-07-20,14,501355.0
4798,8,50,2023-03-29,9,96409.8
4799,49,76,2023-12-05,10,1481982.0
4800,33,17,2024-04-02,6,84233.0
4801,28,64,2024-02-21,9,1003550.0
4802,37,125,2023-04-11,14,45247.55
4803,24,31,2024-03-06,11,91114.0
4804,31,63,2024-03-01,14,1959407.0
4805,3,78,2024-04-09,9,1041061.3
4806,16,103,2023-02-18,7,12524.0
4807,3,108,2024-08-08,9,30110.0
4808,46,126,2024-04-06,2,5354.0
4809,41,144,2023-08-24,11,23138.2
4810,2,143,2024-06-08,9,39928.0
4811,41,19,2023-10-12,9,147891.0
4812,44,143,2023-07-08,5,22182.0
4813,44,85,2023-12-07,15,549746.0
4814,37,147,2024-06-30,7,21211.0
4815,7,131,2023-10-07,1,964.0
4816,22,114,2023-06-27,2,1599.0
4817,20,69,2023-07-18,4,172007.0
4819,28,109,2024-03-26,3,1774.6
4820,2,21,2024-02-04,10,82978.7
4821,11,134,2024-07-20,7,33023.0
4822,26,50,2023-11-03,14,149970.8
4823,30,42,2024-09-28,8,45545.85
4824,22,1,2023-09-29,8,251731.0
4825,35,51,2024-08-31,15,914265.75
4826,20,102,2024-09-01,3,2496.0
4827,34,98,2024-06-17,1,79361.0
4828,9,131,2024-11-28,15,13731.3
4829,1,84,2023-07-25,6,247515.85
4831,18,31,2024-03-20,2,15737.7
4832,38,28,2023-11-08,10,142586.0
4833,32,93,2023-10-01,4,381812.6
4834,10,149,2024-04-11,5,5527.1
4835,49,60,2024-07-22,14,1446389.25
4836,15,26,2024-12-29,14,229866.75
4837,18,106,2023-02-10,14,61388.0
4838,2,139,2023-06-06,12,16244.05
4839,10,86,2023-10-08,7,621928.9
4840,5,101,2024-12-14,7,3081.8
4841,1,122,2023-04-28,8,10580.0
4842,49,38,2024-05-05,10,251380.45
4843,18,25,2024-10-11,5,60632.0
4844,22,5,2023-11-01,12,284028.0
4845,29,47,2024-11-26,6,36738.0
4846,40,19,2024-09-13,6,93664.3
4847,17,15,2024-10-02,9,238543.1
4848,39,53,2024-09-23,11,560903.75
4849,35,93,2024-12-21,12,1145437.8
4850,22,25,2024-05-31,5,57600.4
4851,20,70,2023-06-19,10,326376.3
4852,24,92,2024-10-18,5,444270.0
4853,38,28,2023-06-10,7,99810.0
4854,26,20,2023-10-25,14,431668.0
4855,9,12,2024-11-20,8,21809.0
4856,10,113,2024-11-02,7,29226.75
4857,17,14,2024-01-26,1,34020.45
4858,47,39,2023-11-30,14,414860.0
4859,46,136,2023-09-06,12,22497.9
4860,44,74,2024-03-19,13,1068997.95
4861,38,105,2023-12-05,2,588.05
4862,14,85,2024-02-01,6,219898.4
4863,37,92,2024-03-25,2,177708.0
4864,10,143,2023-12-16,2,8873.0
4865,12,80,2024-11-22,4,491050.25
4866,37,86,2023-08-10,9,841708.0
4867,30,18,2024-11-26,6,151463.25
4868,34,104,2023-08-05,9,33417.0
4869,27,143,2023-06-04,6,26619.0
4870,33,41,2023-05-16,14,148400.0
4871,2,95,2023-05-28,6,397905.6
4872,24,108,2023-02-25,11,34960.95
4873,39,18,2024-06-21,13,345442.0
4874,6,5,2023-01-04,1,23669.0
4875,28,53,2024-10-12,13,697775.0
4876,4,53,2024-12-18,3,161025.0
4877,26,146,2024-04-14,14,6944.0
4878,29,7,2023-06-28,5,97594.0
4879,42,48,2023-01-09,12,167994.2
4880,47,105,2023-12-30,4,1176.1
4881,20,36,2023-04-09,10,214713.3
4882,8,5,2023-03-25,13,292312.15
4883,17,133,2024-10-03,15,28391.0
4884,17,16,2023-07-07,7,210042.0
4885,3,87,2024-06-24,13,869179.0
4886,12,22,2024-01-25,9,337322.2
4887,10,95,2023-08-08,15,994764.95
4888,19,110,2023-04-03,8,18965.8
4889,23,10,2024-05-04,7,224231.0
4890,32,135,2023-07-11,15,23434.6
4891,1,19,2024-09-16,11,180756.0
4892,8,13,2023-11-19,8,58878.15
4893,6,120,2024-05-05,2,5936.55
4894,25,80,2024-11-27,7,859338.65
4895,23,98,2023-08-03,13,1031695.0
4896,43,57,2023-10-17,7,831534.0
4897,26,85,2024-09-09,8,293198.5
4898,28,66,2023-12-18,4,50287.0
4899,33,24,2023-05-24,8,185857.0
4900,38,55,2024-05-30,8,835903.1
4901,4,112,2024-03-27,9,18647.55
4902,1,95,2024-02-22,1,69808.0
4903,11,56,2024-11-15,14,571750.85
4904,42,103,2024-03-29,1,1699.55
4906,27,24,2023-03-16,7,154493.75
4907,36,93,2024-02-22,15,1431797.25
4908,6,71,2023-07-09,3,370995.9
4909,5,146,2024-09-11,4,1884.8
4910,4,125,2023-03-09,13,42015.65
4911,8,8,2024-01-15,11,54826.0
4912,7,143,2024-12-20,14,59004.5
4913,29,81,2023-07-24,8,928328.6
4914,48,144,2024-11-16,6,13285.0
4915,1,4,2024-12-02,5,16909.0
4916,19,27,2024-04-21,7,115580.0
4917,48,76,2023-07-03,10,1407882.9
4918,23,5,2023-07-09,13,292312.15
4919,3,64,2023-01-28,12,1271163.65
4920,19,105,2023-01-12,12,3714.0
4921,28,138,2023-10-23,9,35764.65
4922,25,126,2023-06-24,1,2677.0
4923,23,14,2023-12-07,3,102061.35
4924,14,123,2024-04-01,12,33325.0
4925,28,144,2024-11-07,7,15499.0
4926,14,105,2024-07-19,12,3714.0
4927,21,88,2024-05-24,4,183678.7
4928,40,81,2024-06-01,9,1044369.2
4929,8,73,2023-05-01,11,1496021.05
4930,2,106,2024-04-26,10,41656.55
4931,40,27,2023-07-19,3,49534.0
4932,34,102,2024-03-17,11,9152.0
4933,45,51,2024-02-15,12,731412.6
4934,23,103,2024-07-16,11,18696.95
4935,18,31,2024-12-06,9,74548.0
4936,16,133,2024-08-16,1,1893.0
4937,12,63,2024-08-16,7,930718.8
4938,19,87,2023-01-18,1,63517.0
4939,5,113,2023-05-05,9,37577.25
4941,45,72,2024-05-31,14,1395305.0
4942,21,80,2023-09-04,12,1550686.0
4943,41,139,2023-04-02,3,4275.0
4944,14,79,2023-05-12,5,314197.3
4945,47,127,2023-02-14,14,20606.45
4946,9,59,2023-06-13,15,1307492.0
4947,18,51,2023-11-06,10,609510.5
4948,5,71,2024-03-19,12,1562089.0
4949,3,94,2023-12-29,2,77426.9
4950,35,47,2023-11-20,10,61230.0
4951,15,74,2024-03-20,4,346234.0
4952,23,80,2024-07-07,6,775343.0
4953,43,125,2023-06-23,3,10206.0
4954,45,42,2024-07-29,1,5693.35
4955,33,65,2024-04-23,13,315637.5
4956,4,137,2024-12-30,6,20313.0
4957,31,7,2023-08-26,8,148342.5
4958,19,130,2024-01-02,9,35432.15
4959,28,115,2024-06-13,5,4153.0
4960,22,108,2023-07-19,12,40147.0
4961,4,143,2023-09-10,10,42145.8
4962,2,28,2024-04-03,7,99810.0
4963,2,122,2024-05-21,5,6612.0
4964,32,87,2024-08-08,4,267440.0
4965,13,59,2023-01-24,4,348665.0
4966,29,142,2023-08-07,6,4958.0
4967,29,69,2024-05-21,8,344014.0
4968,49,80,2023-03-15,14,1809134.0
4969,24,125,2023-01-04,5,17010.0
4970,48,101,2023-08-12,15,6603.45
4971,14,141,2023-12-24,14,63597.75
4972,21,74,2023-05-18,1,86559.0
4973,25,36,2023-10-19,14,300598.05
4974,45,85,2024-02-24,10,385787.0
4975,28,89,2024-03-26,1,78678.0
4976,30,25,2024-11-16,13,149761.8
4977,15,100,2023-06-04,15,1569004.0
4978,4,94,2023-01-16,11,425846.05
4979,33,5,2023-06-24,4,94676.0
4980,7,134,2023-06-10,14,66047.0
4981,48,14,2024-12-01,15,537166.0
4982,26,124,2023-02-25,11,39395.55
4983,44,81,2024-08-04,11,1343633.0
4984,24,36,2024-05-07,8,180811.0
4985,46,16,2024-01-28,8,228045.6
4986,27,147,2024-02-25,4,11514.0
4987,16,50,2023-05-13,6,64273.2
4988,45,134,2023-02-28,8,37741.0
4989,24,57,2023-12-05,14,1579914.6
4990,27,2,2024-08-18,2,26596.2
4991,16,74,2024-11-21,3,246692.2
4992,43,104,2024-10-16,1,3527.35
4993,45,86,2024-07-16,5,444235.2
4994,38,131,2023-03-31,7,6745.0
4995,47,108,2023-07-10,15,47673.85
4996,24,29,2023-01-02,9,328593.0
4997,23,133,2023-01-01,1,1893.0
4998,7,112,2023-06-13,1,2181.0
4999,35,58,2023-11-27,1,108825.0
5000,27,130,2023-04-17,15,59052.95
5001,10,41,2024-07-09,11,110770.0
5002,7,93,2024-04-30,12,1145437.8
5003,47,122,2024-12-03,3,3967.0
5005,8,138,2023-04-25,8,31790.8
5006,30,7,2023-05-21,11,203970.7
5007,20,11,2024-04-20,8,289855.0
5008,21,122,2024-11-08,14,17589.25
5009,20,47,2024-07-03,11,67353.0
5010,8,27,2023-05-07,5,82557.0
5011,13,26,2024-03-04,1,16418.85
5012,7,105,2024-10-08,3,882.55
5013,25,51,2024-08-24,9,577431.0
5014,19,138,2024-08-23,6,25098.0
5015,49,133,2024-02-14,15,28391.0
5016,38,48,2024-08-03,11,162100.0
5017,47,11,2023-12-29,4,137681.6
5018,32,33,2024-05-28,1,6380.2
5019,41,109,2024-12-20,8,4982.0
5020,42,14,2024-08-31,1,35811.0
5021,16,107,2024-06-05,13,18690.3
5022,28,19,2024-11-30,8,131459.0
5023,25,126,2024-03-13,4,10172.6
5024,21,21,2024-06-09,15,124467.1
5025,12,65,2024-07-21,4,97119.45
5026,3,113,2023-01-04,4,16701.0
5027,15,42,2024-02-24,15,89893.0
5028,23,103,2024-12-06,4,6799.15
5029,23,110,2024-02-18,14,34937.0
5030,2,123,2024-10-31,13,36102.0
5031,24,55,2023-07-22,13,1358342.3
5032,48,88,2024-09-04,9,435028.0
5033,47,131,2024-10-11,11,10599.0
5034,27,129,2023-11-14,14,45727.0
5035,2,2,2024-08-31,14,186175.3
5036,36,119,2023-04-12,2,6186.4
5037,13,67,2024-12-18,2,162999.1
5038,33,93,2024-06-25,7,668172.05
5039,37,127,2023-05-02,8,12395.0
5040,19,102,2024-02-11,1,832.0
5041,41,42,2023-06-06,1,5693.35
5042,9,82,2023-06-17,5,245261.5
5043,39,45,2023-07-03,12,112902.75
5044,39,35,2023-01-09,8,88044.0
5045,45,28,2023-09-18,9,121910.65
5046,7,111,2024-11-01,2,8141.5
5047,9,27,2023-07-05,1,16511.0
5048,36,122,2023-09-02,3,3768.65
5049,42,88,2023-08-08,4,183678.7
5050,8,98,2023-11-02,14,1111056.0
5051,16,35,2023-04-23,4,41820.9
5052,30,112,2024-03-26,8,16575.6
5053,7,126,2023-08-02,4,10172.6
5054,33,74,2023-04-04,14,1151229.0
5055,20,52,2024-07-16,3,41112.0
5056,13,118,2023-09-16,11,45092.7
5057,37,5,2024-06-29,7,165683.0
5058,23,115,2024-01-10,13,10798.0
5059,12,61,2023-05-29,5,133088.35
5060,39,33,2023-01-14,6,40295.0
5061,45,141,2023-12-24,15,71727.0
5062,27,133,2023-02-07,3,5394.1
5064,18,60,2024-05-19,3,326253.0
5065,37,94,2023-12-16,9,348420.1
5066,24,105,2024-11-04,5,1470.6
5067,15,106,2023-11-06,1,4385.0
5068,9,76,2023-07-07,14,2074775.0
5069,27,23,2024-10-17,10,111786.0
5070,42,65,2023-10-15,5,127788.0
5071,22,125,2023-05-16,8,25856.15
5072,9,71,2024-02-06,11,1431915.0
5073,21,136,2024-06-27,12,23682.0
5074,5,85,2024-06-15,2,77157.0
5075,25,60,2023-07-12,15,1631266.0
5076,7,93,2024-06-23,3,301431.0
5077,30,102,2023-02-18,3,2496.0
5078,30,9,2024-12-05,6,238233.0
5079,1,41,2024-12-10,8,84800.0
5080,16,124,2024-04-22,2,7163.0
5081,36,82,2023-07-20,5,258170.0
5082,1,144,2023-01-09,6,12620.75
5083,6,34,2024-06-09,3,14753.0
5084,20,25,2023-09-15,2,24253.0
5085,8,84,2024-06-17,12,521087.0
5086,39,105,2024-03-21,8,2476.0
5087,20,21,2024-08-21,12,104815.0
5088,22,70,2023-04-09,10,326376.3
5089,30,82,2023-02-28,2,98104.6
5090,48,140,2024-09-28,14,43884.0
5091,15,28,2024-09-23,10,135456.7
5092,21,29,2023-03-05,2,73021.0
5093,18,15,2023-11-01,1,26505.0
5094,40,127,2024-05-11,10,15494.0
5095,6,137,2024-11-17,4,12864.9
5096,43,123,2023-03-04,7,18467.05
5097,35,93,2024-11-07,8,803816.0
5098,43,142,2023-12-05,8,6611.0
5099,15,129,2023-01-09,8,24823.5
5100,43,135,2024-12-05,3,4934.0
5101,20,120,2023-05-27,13,38587.1
5102,17,82,2023-11-09,6,294313.8
5103,41,70,2023-01-26,2,68711.0
5104,18,43,2024-10-08,12,421162.0
5105,4,5,2023-10-28,9,202369.95
5106,23,66,2023-06-30,7,83600.95
5107,39,81,2024-07-30,2,244297.0
5108,21,55,2024-08-09,4,417951.55
5109,38,93,2024-06-28,4,401908.0
5110,18,71,2023-04-09,8,989322.4
5111,29,47,2023-07-24,4,23267.4
5112,12,76,2023-11-14,11,1630181.0
5113,32,116,2024-11-14,3,7727.0
5114,22,8,2024-02-04,4,19937.0
5115,18,140,2023-06-13,12,37615.0
5117,35,126,2024-06-05,11,29448.0
5118,11,130,2023-12-23,8,31495.35
5119,24,76,2024-07-30,13,1830248.15
5120,3,15,2023-01-29,12,318057.15
5121,27,61,2023-02-01,11,308205.0
5122,32,145,2023-08-29,15,61985.6
5123,47,66,2023-11-22,1,11943.4
5124,39,72,2024-11-23,15,1494970.0
5125,46,65,2024-09-26,8,194238.9
5126,30,73,2024-04-27,14,2004239.0
5127,37,8,2024-07-16,9,42614.15
5128,18,139,2023-03-08,8,11399.0
5129,28,72,2024-11-05,11,1096311.0
5130,20,97,2023-11-17,13,1759356.0
5131,2,19,2023-08-01,8,124886.05
5132,48,25,2023-08-13,5,60632.0
5133,28,60,2024-08-08,10,1087511.0
5134,48,69,2024-03-04,9,407385.0
5135,26,98,2023-01-05,4,317445.0
5136,44,79,2024-01-31,7,439876.6
5137,37,81,2024-03-12,5,580204.9
5138,28,81,2024-02-18,14,1624575.05
5139,22,112,2023-09-15,12,24862.45
5140,22,89,2023-09-05,1,78678.0
5141,34,97,2024-02-04,1,135335.0
5142,6,51,2024-09-26,2,128318.0
5143,21,55,2024-09-21,11,1209859.0
5144,11,146,2023-02-21,7,3472.0
5145,28,40,2024-05-19,13,175173.35
5146,11,59,2024-06-15,2,174332.0
5147,18,94,2023-04-23,11,448259.0
5148,42,67,2023-04-28,7,600523.0
5149,35,69,2024-10-03,5,215008.75
5150,11,66,2024-12-11,3,37715.0
5151,41,138,2023-04-07,6,25098.0
5152,21,147,2023-11-17,15,45451.0
5153,32,13,2023-09-03,8,58878.15
5154,49,5,2023-11-29,10,224855.5
5155,24,86,2023-01-05,9,799622.6
5156,7,80,2024-05-22,8,1033791.0
5157,21,147,2024-08-13,3,9090.0
5158,28,62,2024-01-02,3,306666.0
5159,20,76,2024-05-12,10,1407882.9
5160,8,14,2023-03-11,6,214866.0
5161,12,50,2023-12-29,10,112760.0
5162,34,134,2023-07-26,9,40335.1
5163,8,22,2024-05-03,10,394529.0
5164,40,77,2023-01-21,2,89409.0
5165,45,128,2024-01-02,15,69761.0
5166,16,39,2023-12-21,9,266695.0
5167,10,65,2024-10-27,2,48559.25
5168,20,125,2024-07-09,9,30619.0
5169,45,53,2023-09-23,5,268375.0
5170,27,27,2023-02-09,1,16511.0
5171,34,38,2024-07-09,7,185228.0
5172,13,139,2024-06-01,11,15674.0
5173,16,133,2023-10-24,4,7571.0
5174,23,127,2024-12-08,11,17043.0
5175,36,113,2024-12-02,2,8350.5
5176,28,111,2024-01-22,7,28497.15
5177,45,55,2023-07-09,11,1209859.0
5178,22,9,2023-05-18,6,238233.0
5179,21,110,2024-06-11,11,26078.45
5180,42,113,2023-07-25,4,17580.0
5181,43,6,2023-06-16,11,123520.9
5182,12,85,2023-04-13,3,109949.2
5183,28,33,2023-04-10,11,73873.0
5184,2,56,2024-02-10,7,300921.0
5185,47,13,2023-07-15,1,7747.0
5186,46,106,2023-11-30,15,62484.35
5187,3,71,2024-03-05,14,1822437.0
5188,44,142,2023-05-07,8,6611.0
5189,29,84,2024-05-12,2,82505.6
5190,46,82,2023-07-16,2,103268.0
5191,25,112,2024-01-27,10,21810.0
5192,11,54,2024-08-02,13,1579953.0
5193,29,51,2024-04-11,11,705749.0
5194,9,127,2024-09-01,15,23240.0
5195,30,80,2024-08-11,13,1595914.5
5196,47,74,2024-02-01,5,432793.0
5197,42,91,2024-12-29,9,1153275.3
5198,1,6,2023-12-09,1,11229.0
5199,17,131,2023-12-03,10,9154.2
5200,36,139,2024-07-14,3,4275.0
5201,12,30,2024-02-13,14,428896.5
5202,8,43,2023-09-19,15,500130.35
5203,19,141,2024-09-01,4,18170.65
5204,40,54,2023-11-15,14,1701487.0
5205,43,62,2023-05-18,7,679776.3
5206,41,115,2023-07-16,3,2367.4
5207,4,20,2024-06-14,1,30833.0
5208,20,88,2024-11-08,13,596955.3
5209,17,31,2024-10-12,10,78689.45
5210,41,55,2024-02-15,5,522439.2
5211,32,72,2023-07-09,7,697652.0
5212,29,119,2023-08-07,2,6186.4
5213,47,66,2024-09-15,5,62858.0
5214,1,134,2024-04-18,4,18870.0
5215,21,65,2023-01-03,4,102231.0
5216,40,95,2023-02-03,1,66317.6
5217,31,101,2023-03-28,14,6163.6
5218,23,51,2024-04-05,13,792363.65
5219,28,45,2024-10-23,4,37634.25
5220,17,120,2023-07-09,11,32650.55
5221,7,93,2024-09-17,9,904293.0
5222,23,93,2024-03-23,8,763625.2
5223,18,147,2024-11-14,4,11514.0
5224,10,38,2023-07-11,12,301657.3
5225,42,103,2023-06-22,8,14314.0
5226,35,52,2024-03-08,5,65094.0
5227,25,132,2024-04-09,9,14067.0
5228,27,106,2023-01-21,11,45822.3
5229,27,2,2023-07-11,2,26596.2
5230,23,110,2024-03-12,14,33190.15
5231,28,72,2023-07-20,4,378726.05
5232,34,17,2023-08-29,3,42116.0
5233,20,35,2024-07-14,6,62731.35
5234,2,114,2024-02-06,6,4796.0
5235,26,31,2024-10-15,10,82831.0
5236,20,1,2023-03-24,8,251731.0
5237,41,45,2024-07-04,5,47043.05
5238,29,97,2024-10-27,15,2030026.0
5239,21,48,2023-02-01,14,206309.0
5240,19,58,2024-07-22,2,217649.0
5241,9,116,2023-06-26,12,30906.0
5242,39,109,2023-11-07,7,4359.0
5243,15,27,2023-11-14,3,47057.3
5244,2,111,2024-11-28,14,59993.0
5245,48,145,2023-05-01,13,53720.6
5246,41,28,2023-03-10,14,189639.0
5247,26,60,2024-03-15,14,1522515.0
5248,6,74,2024-10-27,3,259676.0
5249,2,32,2024-09-04,11,130650.65
5250,5,70,2023-09-23,9,293739.05
5251,12,2,2023-05-18,5,66491.45
5252,11,90,2023-07-24,3,237292.0
5253,46,112,2023-07-25,2,4143.9
5254,15,59,2023-12-11,14,1220326.0
5255,46,63,2024-10-29,10,1399577.0
5256,19,78,2023-01-01,12,1461139.0
5257,12,96,2023-02-04,12,805077.5
5258,35,145,2024-09-12,7,30449.0
5259,25,86,2023-06-12,10,888469.45
5260,12,73,2024-06-12,3,429480.0
5261,8,73,2023-09-14,12,1717919.0
5262,10,127,2023-09-03,4,6197.0
5263,7,103,2023-08-23,10,16997.4
5264,6,131,2023-08-25,11,10599.0
5265,2,85,2023-03-23,15,578680.0
5266,26,66,2024-02-11,3,35829.25
5267,16,36,2024-05-06,15,322069.95
5268,46,112,2024-10-11,15,32714.0
5269,25,60,2024-09-15,5,543755.0
5270,45,52,2024-05-22,7,91132.55
5271,44,137,2023-12-30,13,41810.45
5272,9,149,2023-04-02,15,17454.0
5273,33,121,2024-06-14,10,35095.85
5274,26,130,2023-12-15,13,51179.35
5275,16,25,2023-09-21,1,12126.0
5276,35,119,2024-12-04,10,32558.0
5277,20,28,2023-04-23,7,94819.5
5278,20,79,2023-05-13,1,66147.0
5279,28,72,2023-02-08,5,498323.0
5280,49,130,2024-10-06,10,41441.0
5281,7,18,2024-03-23,11,292297.0
5282,29,102,2024-08-04,4,3161.6
5283,39,118,2024-03-24,7,28695.7
5284,14,132,2023-04-21,10,15630.0
5285,47,21,2023-05-10,2,16595.55
5286,40,127,2024-02-14,9,13246.8
5287,13,78,2024-12-23,6,694040.55
5288,38,133,2023-10-31,9,16182.3
5289,18,131,2024-10-04,1,964.0
5290,47,55,2023-06-16,8,835903.1
5291,1,50,2024-11-07,3,32136.6
5292,19,110,2024-02-21,9,21337.0
5293,9,50,2024-07-18,14,157864.0
5294,1,11,2023-05-15,3,103261.2
5295,24,140,2024-03-18,13,40750.0
5296,44,115,2023-07-24,13,10798.0
5297,4,14,2024-10-26,8,286489.0
5298,21,66,2024-02-01,3,35829.25
5299,38,118,2023-05-11,10,40993.45
5300,33,55,2024-03-18,4,439949.0
5301,21,64,2024-04-24,12,1271163.65
5302,13,134,2023-05-03,5,23588.0
5303,6,106,2023-09-17,2,8770.0
5304,8,75,2023-01-21,12,373559.95
5305,41,71,2023-10-29,7,865657.1
5306,46,83,2024-09-10,10,1348039.0
5307,39,102,2024-11-27,5,4160.0
5308,20,83,2024-11-18,9,1213235.0
5309,27,99,2024-09-06,9,917130.0
5310,46,31,2023-05-09,4,33132.0
5311,19,55,2023-06-17,15,1649808.0
5312,25,119,2023-12-24,14,45581.0
5313,29,89,2024-09-26,15,1121162.45
5314,30,114,2023-05-20,3,2398.0
5315,23,135,2023-04-08,6,9373.65
5316,29,96,2024-04-16,3,201269.85
5317,11,61,2024-03-15,1,26618.05
5318,34,5,2024-01-31,1,23669.0
5319,4,43,2024-10-26,14,491356.0
5320,4,136,2024-06-09,5,9868.0
5321,12,129,2023-04-24,2,6532.0
5322,36,58,2023-05-21,11,1197070.0
5323,47,105,2023-05-23,5,1470.6
5324,22,149,2024-01-12,9,9949.35
5325,35,68,2023-11-20,6,381313.85
5326,18,112,2023-03-29,13,28352.0
5327,28,76,2024-09-27,12,1778379.0
5328,7,51,2023-06-30,8,487608.4
5329,20,1,2023-05-17,15,471996.1
5330,49,145,2023-05-28,6,26099.0
5331,17,79,2023-09-16,14,926056.0
5332,19,61,2023-03-26,13,364242.0
5333,24,79,2023-12-05,7,439876.6
5334,27,65,2023-05-24,12,291357.4
5335,24,40,2023-09-09,10,141840.0
5336,42,25,2024-06-06,2,23040.35
5337,19,12,2023-07-21,15,40893.0
5338,10,2,2024-06-04,14,195974.0
5339,12,53,2024-10-11,12,611895.0
5340,22,20,2024-01-01,4,123334.0
5341,8,56,2024-08-22,5,214944.0
5342,27,50,2024-12-15,8,85697.6
5345,25,73,2023-05-22,9,1288439.0
5346,2,31,2023-03-12,7,55082.9
5347,25,53,2023-02-23,15,764868.75
5348,46,91,2024-11-11,10,1348860.0
5349,43,98,2024-06-11,8,603144.55
5350,38,123,2024-09-04,8,21106.15
5351,31,41,2024-08-30,10,100700.0
5352,25,135,2023-02-22,14,23023.0
5353,1,43,2023-04-28,7,233394.1
5354,19,21,2023-04-02,3,24893.8
5355,36,14,2023-05-04,5,179055.0
5356,40,132,2024-08-11,9,13363.65
5357,15,75,2024-08-31,11,342429.4
5358,44,119,2024-12-11,4,12371.85
5359,49,139,2023-10-13,7,9974.0
5360,47,20,2023-06-08,14,431668.0
5361,37,130,2023-12-03,13,51179.35
5362,23,101,2023-12-26,15,6603.45
5363,5,76,2023-05-21,7,1037388.0
5364,11,75,2024-11-02,7,217910.05
5365,1,135,2024-08-06,5,8223.0
5366,37,80,2023-03-17,3,368288.4
5367,39,37,2024-05-06,9,54609.0
5368,37,115,2023-12-29,8,6645.0
5369,44,46,2024-04-14,8,37876.5
5370,18,16,2024-09-07,5,150030.0
5371,42,29,2024-12-01,7,255572.0
5372,2,116,2023-12-28,14,36057.0
5373,43,86,2023-12-28,5,444235.2
5374,42,90,2023-03-05,1,75142.15
5375,15,105,2024-11-24,15,4643.0
5376,46,122,2024-06-22,5,6281.4
5377,4,67,2023-08-08,3,244498.65
5378,35,55,2023-11-01,14,1539821.0
5379,35,53,2024-07-10,1,53675.0
5380,39,36,2023-01-13,4,85885.7
5381,41,23,2024-10-18,3,31859.2
5382,11,12,2023-11-08,14,36258.65
5383,40,44,2024-07-30,9,92398.9
5384,1,42,2024-08-10,8,47943.0
5385,20,124,2023-07-11,2,7163.0
5386,48,147,2024-06-14,1,2878.5
5387,38,55,2023-03-07,5,549936.0
5388,41,150,2023-11-29,8,12506.75
5389,49,150,2024-01-19,11,18102.0
5390,25,98,2023-10-19,8,634889.0
5391,48,102,2024-07-17,14,11065.6
5392,5,63,2023-01-30,15,1994396.75
5393,42,65,2023-04-18,7,178904.0
5394,17,103,2024-07-19,3,5099.6
5395,28,10,2023-09-01,15,480496.0
5396,12,41,2024-05-15,2,20140.0
5397,10,132,2024-12-26,2,3126.0
5398,20,110,2023-03-28,11,26078.45
5399,37,138,2023-11-05,13,51661.0
5400,19,106,2024-04-07,2,8331.5
5401,18,30,2023-02-15,10,306355.05
5402,47,26,2024-11-17,2,32837.7
5403,16,137,2024-08-15,13,41810.45
5404,11,15,2023-10-20,2,55800.0
5405,38,101,2024-11-24,10,4402.3
5406,46,77,2024-03-30,15,670570.0
5407,42,10,2023-12-28,7,224231.0
5408,49,67,2023-03-16,12,977995.55
5409,49,60,2024-12-07,5,516567.25
5410,14,97,2024-08-15,12,1542819.95
5411,32,109,2023-09-17,9,5604.0
5412,38,74,2023-11-14,2,164461.15
5413,16,1,2023-01-29,9,283197.85
5414,32,51,2023-10-30,15,962385.0
5415,31,79,2023-05-08,6,377036.95
5416,19,104,2024-04-21,3,11139.0
5417,24,90,2023-11-20,8,601140.05
5418,29,24,2023-06-27,1,23232.0
5419,1,122,2023-10-28,8,10580.0
5420,47,102,2023-06-30,3,2371.2
5421,32,76,2023-12-02,8,1185586.0
5422,34,3,2024-04-03,14,126339.0
5423,43,105,2024-09-08,12,3714.0
5424,35,112,2023-09-12,10,21810.0
5425,47,118,2024-07-01,10,43151.0
5426,43,137,2024-07-07,5,16927.0
5427,10,137,2024-05-30,12,40626.0
5428,14,147,2024-09-03,2,6060.0
5429,37,67,2023-06-14,7,570496.85
5430,19,138,2024-08-26,4,16732.0
5431,24,149,2023-02-17,13,15127.0
5432,41,114,2023-02-11,5,3996.0
5433,6,148,2024-11-01,14,63648.1
5434,10,18,2023-07-01,4,100975.5
5435,39,107,2024-03-30,9,13620.0
5436,21,133,2023-10-04,1,1798.35
5437,12,81,2023-08-23,13,1587930.0
5438,23,129,2024-01-22,12,37235.25
5439,48,46,2024-03-28,3,14951.0
5440,37,133,2023-10-28,11,20820.0
5441,48,57,2024-05-17,9,1069115.0
5442,30,65,2024-06-21,11,281135.0
5443,21,116,2024-12-11,2,5151.0
5444,27,22,2024-02-02,1,39453.0
5445,32,47,2024-10-22,11,67353.0
5446,39,142,2024-10-11,7,5495.75
5447,41,75,2024-08-20,6,186779.5
5448,28,113,2024-12-12,1,4175.25
5449,13,135,2023-07-08,6,9867.0
5450,26,85,2024-11-02,5,183249.3
5451,7,27,2024-12-31,9,141172.85
5452,23,68,2024-05-21,10,635522.45
5453,3,53,2023-04-12,12,611895.0
5454,14,20,2024-12-25,12,370001.0
5455,12,132,2024-02-06,2,3126.0
5456,31,69,2023-03-17,8,344014.0
5457,13,74,2024-03-23,3,246692.2
5458,3,112,2023-09-09,9,18647.55
5459,19,111,2024-06-11,10,40709.4
5460,1,11,2024-08-11,6,217391.0
5461,14,36,2024-10-10,4,85885.7
5462,33,123,2024-03-15,13,36102.0
5463,18,141,2023-02-19,11,52600.0
5464,30,137,2024-03-13,14,45027.15
5465,17,106,2024-12-05,12,52618.0
5466,41,26,2023-01-27,10,172832.0
5467,45,50,2023-06-22,13,146588.0
5468,25,118,2023-08-06,9,38836.0
5469,49,109,2023-05-29,8,4732.9
5470,45,6,2023-06-22,14,157208.85
5471,27,61,2023-07-29,15,399265.05
5472,22,146,2024-09-30,3,1413.6
5473,7,67,2024-09-13,13,1115258.0
5474,37,46,2023-09-20,10,47346.1
5475,23,17,2023-11-01,7,98271.0
5476,41,6,2023-04-26,13,153663.0
5477,29,93,2023-01-05,13,1240890.95
5478,7,114,2024-10-02,7,5315.25
5479,44,130,2023-08-06,10,39368.95
5480,39,131,2024-01-29,2,1927.0
5481,11,39,2024-06-03,3,88898.0
5482,19,122,2023-11-21,1,1322.0
5483,18,67,2024-02-20,9,733495.95
5484,12,99,2023-05-10,3,321800.0
5485,2,76,2024-03-06,3,422365.25
5486,24,6,2023-03-19,7,82741.0
5487,44,128,2023-10-13,15,66272.95
5488,25,67,2024-05-13,6,488997.3
5489,38,16,2024-11-25,4,120024.0
5490,3,25,2023-10-03,9,109138.0
5491,43,115,2023-12-24,12,9967.0
5492,38,47,2024-10-28,3,18369.0
5493,15,125,2023-08-07,11,35551.85
5494,15,100,2024-09-01,12,1192442.85
5495,39,143,2024-06-14,7,31055.0
5496,41,144,2024-09-26,10,21033.95
5497,18,98,2023-05-12,10,753930.45
5498,7,55,2024-09-03,11,1209859.0
5499,2,5,2024-06-22,9,202369.95
5500,4,20,2024-04-04,1,30833.0
5501,29,149,2023-09-17,11,12160.0
5502,3,13,2024-01-05,14,103036.05
5503,23,35,2023-10-06,13,143072.0
5504,23,140,2023-05-05,9,26800.45
5505,6,129,2023-12-14,13,40337.95
5506,37,141,2024-11-03,4,19127.0
5507,45,122,2024-07-17,8,10580.0
5508,49,146,2023-10-27,15,7068.0
5509,12,126,2023-02-24,6,15258.9
5510,31,35,2024-10-04,4,44022.0
5511,38,55,2023-12-12,1,109987.0
5512,29,5,2023-06-09,8,179884.4
5513,47,135,2024-04-11,6,9867.0
5514,45,33,2023-04-04,5,31900.05
5515,29,1,2023-12-14,12,397470.0
5516,20,68,2023-12-22,15,1003457.0
5517,38,9,2024-05-15,6,226321.35
5519,4,30,2024-07-10,9,290231.0
5520,8,145,2024-06-29,5,21749.0
5521,46,134,2024-04-11,8,37741.0
5522,25,115,2024-06-20,5,4153.0
5523,12,36,2024-07-11,15,339021.0
5524,40,144,2024-05-05,15,33212.0
5525,23,17,2024-03-02,15,210582.0
5526,33,28,2023-12-22,3,42776.0
5527,43,18,2024-03-06,6,151463.25
5528,20,121,2024-05-05,2,7389.0
5529,12,19,2023-05-23,12,187328.6
5530,29,37,2024-09-24,9,51878.55
5531,26,117,2024-04-22,8,32824.0
5532,7,84,2024-10-10,7,303967.0
5533,30,120,2024-01-08,3,9373.0
5534,16,139,2023-07-04,7,9974.0
5535,2,99,2024-09-14,12,1222840.0
5536,16,128,2024-11-18,8,37206.0
5537,3,116,2023-05-06,11,28331.0
5538,38,122,2024-04-12,10,12563.75
5539,45,13,2024-11-12,1,7747.0
5540,45,11,2023-02-25,12,434783.0
5541,20,135,2023-12-25,11,18090.0
5542,47,97,2024-10-29,9,1157115.2
5543,40,1,2023-03-02,2,62932.75
5544,18,133,2023-10-03,4,7192.45
5545,4,23,2024-07-01,7,74337.5
5546,25,7,2024-07-30,7,129799.45
5547,33,13,2023-04-25,8,61977.0
5548,40,41,2023-06-12,1,10070.0
5549,18,20,2024-04-28,10,308334.0
5550,32,12,2023-07-02,10,27262.0
5551,39,80,2024-07-15,15,1938358.0
5552,32,148,2023-06-20,13,59101.4
5553,16,103,2024-05-02,4,7157.0
5554,5,49,2023-09-06,15,198964.0
5555,47,120,2023-12-02,6,18747.0
5556,49,112,2023-08-19,8,16575.6
5557,15,87,2023-04-08,8,534879.0
5558,3,84,2023-08-19,12,521087.0
5559,25,90,2023-09-04,7,553681.0
5560,28,75,2024-03-06,3,93389.75
5561,8,122,2023-07-27,2,2645.0
5562,34,75,2023-09-18,13,404689.55
5563,37,114,2024-02-14,11,8352.4
5564,3,143,2023-07-02,3,13309.0
5565,49,15,2023-12-23,12,318057.15
5566,11,17,2023-01-09,15,210582.0
5567,45,33,2024-02-24,7,44659.5
5568,8,147,2024-04-25,6,18180.0
5569,20,106,2024-11-12,2,8331.5
5570,25,78,2024-12-16,6,730569.0
5571,3,142,2023-09-20,11,9091.0
5572,44,56,2024-07-03,2,85978.0
5573,46,128,2023-09-12,13,60459.0
5574,5,46,2024-06-05,4,19935.0
5575,13,146,2023-04-18,9,4240.8
5576,37,120,2024-01-23,15,46867.0
5577,27,44,2023-02-11,4,41065.65
5578,29,9,2023-12-21,5,188601.6
5579,13,146,2023-12-11,3,1488.0
5580,46,140,2024-10-22,14,41689.8
5581,12,109,2023-10-09,4,2491.0
5582,46,96,2024-03-20,12,805077.5
5583,42,62,2024-11-19,3,291332.7
5584,42,86,2024-09-07,7,621928.9
5585,34,86,2024-05-12,5,444235.2
5586,4,142,2023-07-28,15,12396.0
5587,38,94,2023-10-04,2,81502.0
5588,45,70,2023-03-23,13,446621.0
5589,49,97,2023-04-17,4,514273.0
5590,31,48,2024-04-08,10,139995.8
5591,12,141,2023-04-28,11,49970.0
5592,2,10,2024-03-16,1,32033.0
5593,27,65,2023-01-18,12,291357.4
5594,8,81,2024-08-29,15,1832227.0
5595,14,58,2023-09-30,12,1305895.0
5596,3,109,2024-04-08,15,9340.0
5597,49,125,2023-06-10,10,32319.95
5598,46,50,2024-09-23,6,67656.0
5599,36,29,2023-07-02,5,173424.4
5600,30,148,2024-07-16,3,13639.15
5601,12,98,2023-02-22,14,1055503.2
5602,30,130,2023-03-07,3,12432.0
5603,36,144,2024-03-23,8,16827.35
5604,49,24,2023-10-26,7,162625.0
5605,23,32,2024-04-21,9,106895.9
5606,12,131,2024-01-10,4,3854.0
5607,2,145,2024-03-17,3,12397.5
5608,48,108,2023-05-30,8,25425.8
5609,37,131,2023-07-09,10,9154.2
5610,44,140,2024-05-31,2,5955.55
5611,31,110,2023-05-24,3,7112.65
5612,38,68,2024-11-17,11,735868.0
5613,12,46,2024-04-24,14,66284.35
5614,31,93,2024-03-10,2,190906.3
5615,35,32,2024-01-31,7,87517.0
5616,15,124,2023-08-07,1,3770.0
5617,21,127,2024-08-09,1,1549.0
5618,28,54,2023-05-31,1,115458.25
5619,6,74,2024-09-06,6,519351.0
5620,32,105,2023-06-07,12,3528.3
5621,6,31,2023-07-06,13,107680.0
5622,40,140,2024-12-01,5,15673.0
5623,37,70,2024-08-07,4,130550.9
5624,36,28,2024-12-10,15,213878.0
5625,25,72,2024-10-26,6,568088.6
5626,38,57,2023-11-07,2,237581.0
5627,34,9,2024-12-02,7,264041.1
5629,5,9,2023-02-22,10,397055.0
5630,6,6,2023-11-08,4,47281.0
5631,36,91,2023-12-30,3,384425.1
5632,49,119,2023-02-05,1,3093.2
5633,44,73,2024-01-20,6,858960.0
5634,36,86,2024-06-07,9,841708.0
5635,20,141,2023-10-03,11,49970.0
5636,27,6,2023-04-23,9,101062.9
5637,36,2,2023-05-06,2,26596.2
5638,46,66,2023-02-25,4,50287.0
5639,18,85,2023-09-14,10,385787.0
5640,35,120,2024-03-11,15,44523.65
5641,37,73,2024-05-03,14,1904027.05
5642,28,69,2024-07-11,11,473019.25
5643,39,17,2024-11-29,5,70194.0
5644,17,87,2024-05-09,11,698686.05
5645,17,130,2023-08-31,11,45585.0
5646,9,131,2023-10-15,13,11900.65
5647,30,80,2024-01-21,5,646119.0
5648,15,40,2024-11-14,8,107798.4
5649,20,128,2023-01-31,7,32555.0
5650,32,39,2024-12-31,1,28151.35
5651,37,125,2023-09-25,3,9695.7
5652,38,115,2023-02-26,15,11836.05
5653,9,98,2023-08-29,10,793611.0
5654,5,20,2024-05-06,5,146458.65
5655,9,99,2023-06-09,14,1501733.0
5656,43,78,2024-12-20,1,121762.0
5657,31,147,2023-05-13,9,25907.45
5658,3,128,2024-05-29,1,4651.0
5659,30,81,2023-12-16,2,244297.0
5660,4,28,2023-09-28,4,54182.3
5661,39,38,2024-02-27,5,132306.0
5662,43,74,2024-10-30,12,986767.85
5663,7,18,2024-04-21,3,79717.0
5664,1,23,2023-03-24,6,63718.4
5665,47,94,2024-08-16,1,38713.45
5666,36,116,2024-06-04,11,28331.0
5667,42,26,2023-07-05,2,32837.7
5668,9,25,2023-04-16,7,84885.0
5669,45,80,2023-08-25,14,1809134.0
5670,28,26,2023-08-04,9,147771.55
5671,34,21,2023-08-22,2,17469.0
5672,12,50,2024-05-05,13,139258.6
5673,23,112,2023-03-13,9,18647.55
5674,3,111,2024-09-21,6,24425.45
5675,29,62,2024-07-18,3,306666.0
5676,10,36,2024-11-21,8,180811.0
5677,14,2,2023-06-06,15,199473.4
5678,32,146,2023-05-29,5,2356.0
5679,44,148,2023-09-11,15,68193.85
5680,41,38,2023-05-27,1,26461.0
5681,1,1,2024-11-06,8,251731.0
5682,47,134,2023-09-26,9,42458.0
5683,45,40,2023-04-16,10,141840.0
5684,36,143,2024-10-05,12,50575.15
5685,16,32,2023-11-02,8,95019.0
5686,17,87,2023-02-06,2,133720.0
5687,13,107,2023-07-04,7,10594.0
5688,33,49,2023-05-08,2,25201.6
5689,11,136,2024-04-05,9,17762.0
5690,40,101,2024-04-23,10,4634.0
5691,38,34,2023-11-28,7,32701.85
5692,9,47,2023-03-28,13,79598.0
5693,49,69,2024-10-28,5,215008.75
5694,12,7,2024-08-02,10,185428.6
5695,1,91,2023-02-28,7,944202.0
5696,28,85,2023-11-16,3,109949.2
5697,49,44,2023-10-09,15,153997.85
5699,44,138,2024-04-18,4,15895.4
5700,20,33,2023-01-22,5,33579.0
5701,48,54,2023-11-04,15,1731870.9
5702,47,36,2023-12-26,11,236184.25
5703,8,127,2023-05-17,1,1471.55
5704,22,51,2023-05-22,6,384954.0
5705,10,144,2024-01-13,3,6309.9
5706,29,79,2023-12-01,7,439876.6
5707,44,118,2024-06-29,11,47466.0
5708,28,79,2024-03-16,9,565555.9
5709,30,135,2024-08-11,5,7811.85
5710,18,42,2023-09-29,7,41950.0
5711,6,20,2024-04-02,6,185001.0
5712,13,78,2023-09-17,8,974092.0
5713,46,27,2023-09-25,2,33023.0
5714,48,106,2024-04-30,5,21924.0
5715,13,67,2023-07-10,4,325998.2
5716,43,5,2024-10-08,7,157398.85
5717,36,149,2023-07-17,11,12160.0
5718,13,47,2023-02-23,14,81434.95
5719,22,120,2024-12-08,10,29682.75
5720,6,38,2024-09-19,11,276519.35
5721,8,66,2023-01-17,6,71658.5
5722,36,78,2023-03-10,13,1582900.0
5723,18,63,2023-03-22,6,839746.0
5724,11,28,2023-10-10,14,199620.0
5725,40,46,2023-11-28,10,47346.1
5726,10,140,2024-05-30,14,41689.8
5727,41,126,2023-08-28,9,22889.3
5728,5,10,2024-09-19,10,304313.5
5729,34,135,2023-07-16,2,3124.55
5730,29,121,2023-07-27,6,22166.0
5731,22,17,2024-01-22,13,173378.8
5732,32,33,2024-04-23,13,87305.0
5733,10,103,2023-03-23,7,11897.8
5734,22,101,2024-11-22,7,3244.0
5735,37,25,2023-05-12,13,149761.8
5736,15,100,2024-07-17,14,1391182.85
5737,29,126,2024-11-05,2,5086.3
5738,13,148,2024-08-20,1,4786.0
5739,49,108,2024-04-01,6,20073.0
5740,7,146,2024-11-27,12,5952.0
5741,46,79,2023-12-23,12,754073.9
5742,26,135,2023-05-26,14,23023.0
5743,16,61,2023-11-08,6,168112.0
5744,12,29,2024-08-24,2,73021.0
5745,33,51,2024-07-19,15,962385.0
5746,13,131,2023-01-22,1,915.8
5747,48,116,2024-04-10,1,2576.0
5748,17,70,2023-09-04,15,489564.45
5749,34,40,2024-08-25,3,40424.4
5750,48,122,2023-09-02,8,10580.0
5751,49,116,2024-08-06,7,17127.55
5752,29,122,2023-07-07,9,11902.0
5753,21,113,2024-06-25,7,30765.0
5754,14,52,2024-09-13,10,137041.0
5755,14,16,2024-03-11,9,256551.3
5756,31,96,2023-08-02,3,211863.0
5757,26,30,2023-01-26,10,306355.05
5758,40,105,2023-02-26,15,4643.0
5759,2,26,2024-11-20,15,246285.6
5760,33,84,2024-07-27,3,123758.4
5761,24,86,2023-02-06,11,977316.3
5762,18,15,2024-11-08,13,344562.15
5763,20,22,2023-09-04,4,157811.0
5764,23,133,2023-10-14,13,24605.0
5765,10,124,2024-11-19,12,45239.0
5766,4,48,2024-03-05,11,162100.0
5767,15,145,2024-04-24,10,43499.0
5768,49,111,2023-07-20,4,16283.95
5769,36,52,2023-11-25,14,191857.0
5770,16,92,2024-10-08,13,1097347.85
5771,20,14,2023-09-20,15,537166.0
5772,10,73,2023-06-03,14,1904027.05
5773,32,97,2024-02-28,8,1028546.95
5774,32,13,2024-11-18,9,69724.0
5775,16,39,2023-03-01,8,237063.0
5776,23,31,2023-07-09,14,110165.8
5777,21,77,2023-07-12,3,127408.3
5778,18,107,2023-04-18,8,11501.65
5779,6,118,2023-01-23,2,8198.5
5780,33,148,2023-05-19,6,28713.0
5781,47,54,2024-11-27,12,1458418.0
5782,31,109,2023-02-26,13,7690.25
5783,27,97,2024-08-06,1,135335.0
5784,4,128,2023-03-20,1,4418.45
5785,6,65,2024-05-12,11,267078.25
5786,13,25,2024-11-19,9,109138.0
5787,10,102,2023-06-09,15,12480.0
5788,28,115,2024-07-02,12,9468.65
5789,40,123,2023-05-05,9,24994.0
5790,30,21,2024-07-01,7,58084.9
5791,20,14,2023-04-01,14,476287.25
5792,11,121,2024-06-17,9,33248.0
5793,24,76,2023-04-21,5,740991.0
5794,25,38,2024-03-10,6,150828.65
5795,12,51,2023-10-03,2,128318.0
5796,4,4,2023-09-25,4,12851.6
5797,25,129,2023-01-21,14,45727.0
5798,9,82,2023-04-18,3,147156.9
5799,4,11,2024-12-03,6,217391.0
5800,28,90,2024-12-14,11,870071.0
5801,19,144,2023-06-10,6,13285.0
5802,10,142,2023-04-06,5,3925.4
5803,48,127,2024-12-02,3,4648.0
5804,1,64,2023-03-31,4,423720.9
5805,26,149,2023-06-20,13,14370.65
5806,27,58,2024-05-23,8,870597.0
5807,7,53,2023-08-19,10,536750.0
5808,23,57,2023-08-15,3,338553.4
5809,15,112,2024-12-10,4,8287.8
5810,44,67,2023-10-13,10,814995.5
5811,3,56,2024-06-22,5,214944.0
5812,4,49,2023-11-29,7,88207.5
5813,8,122,2024-12-23,1,1255.9
5814,35,94,2023-03-10,5,193566.3
5815,19,53,2024-03-18,15,764868.75
5816,41,5,2023-05-10,8,189352.0
5817,44,58,2024-02-12,4,435298.0
5818,23,50,2023-11-09,5,56380.0
5819,27,6,2024-09-11,3,35461.0
5820,48,103,2023-07-25,2,3399.1
5821,1,107,2024-10-05,12,18161.0
5822,9,59,2024-10-11,9,745270.25
5823,37,106,2024-11-28,2,8770.0
5824,17,27,2023-04-22,9,141172.85
5825,15,84,2024-10-04,5,206263.05
5826,33,4,2023-11-18,8,27055.0
5827,28,86,2024-03-29,7,621928.9
5828,15,146,2024-05-01,12,5654.4
5829,12,36,2024-03-28,9,203413.0
5830,18,131,2023-04-25,10,9636.0
5831,17,51,2023-09-08,8,513272.0
5832,7,2,2024-04-28,15,199473.4
5833,16,45,2024-08-18,13,122310.6
5834,45,72,2023-02-23,10,996646.0
5835,15,23,2024-03-07,3,33536.0
5836,5,99,2024-09-09,13,1324743.65
5837,40,7,2023-10-30,12,222513.75
5838,45,49,2023-12-10,8,106114.0
5839,24,135,2023-03-16,11,17185.5
5840,12,53,2024-11-07,7,356938.75
5841,15,104,2023-04-09,10,35273.5
5842,24,125,2024-05-26,4,12927.6
5843,17,138,2023-10-06,10,39738.5
5844,41,33,2024-12-27,15,95700.15
5845,30,101,2024-03-27,15,6951.0
5846,6,93,2023-07-11,7,703339.0
5847,17,94,2024-08-06,2,81502.0
5848,7,11,2023-02-16,5,172102.0
5849,15,3,2024-11-12,4,34292.15
5850,39,26,2023-04-08,1,17283.0
5851,23,28,2024-07-20,15,203184.1
5852,6,1,2023-01-16,2,62932.75
5853,14,135,2023-11-20,13,21379.0
5854,5,73,2024-11-16,11,1496021.05
5855,19,50,2024-08-02,5,53561.0
5856,37,46,2024-01-19,13,64789.0
5857,15,139,2023-09-21,13,18523.0
5858,9,17,2024-04-22,2,26674.1
5859,36,85,2024-07-23,13,501523.0
5860,16,44,2023-03-04,3,32421.0
5861,45,131,2023-02-21,14,12815.5
5862,6,132,2023-05-14,14,21882.0
5863,29,4,2023-12-11,14,44978.7
5864,28,129,2023-09-19,15,48993.0
5865,28,37,2024-03-27,13,74936.0
5866,23,31,2024-09-22,8,62951.75
5867,4,76,2024-11-04,1,148198.0
5869,19,142,2024-05-19,6,4710.1
5870,42,127,2024-07-27,5,7359.65
5871,22,86,2024-08-28,2,177693.7
5872,5,7,2023-10-21,5,92714.3
5873,9,71,2024-03-01,9,1112988.65
5874,19,49,2023-12-17,5,63004.95
5875,14,114,2024-08-01,3,2278.1
5876,7,40,2024-01-15,2,28368.0
5877,21,96,2024-07-02,9,603808.6
5878,22,129,2023-12-14,8,26130.0
5879,31,117,2023-09-25,13,53339.0
5880,14,28,2024-06-15,6,81273.45
5881,9,32,2023-07-12,11,137527.0
5882,12,137,2024-03-06,15,50782.0
5883,15,103,2024-06-25,10,16997.4
5884,16,100,2024-11-30,4,397480.95
5885,9,123,2023-12-10,3,7914.45
5886,4,19,2024-08-26,1,15610.4
5887,31,68,2024-08-24,7,444866.0
5888,44,44,2024-12-28,10,108068.0
5889,34,142,2023-03-10,11,9091.0
5890,43,42,2024-12-05,6,34159.15
5891,13,147,2024-10-13,13,37421.45
5892,15,25,2024-01-16,9,103681.1
5893,15,113,2024-10-27,7,30765.0
5894,17,91,2024-08-29,14,1793983.8
5895,18,132,2023-08-02,5,7815.0
5896,35,131,2023-03-01,8,7709.0
5897,42,34,2024-09-06,11,54093.0
5898,49,21,2023-06-04,3,26204.0
5899,8,69,2023-09-25,7,316855.0
5900,26,31,2024-01-01,8,66265.0
5902,43,116,2023-05-19,2,4893.45
5903,36,67,2023-12-13,12,1029469.0
5904,39,141,2024-08-07,2,9564.0
5905,34,85,2024-01-11,8,293198.5
5906,3,85,2023-06-28,9,329847.6
5907,7,29,2023-05-10,10,346847.85
5908,43,140,2023-11-22,13,38712.5
5909,7,103,2023-02-02,10,17892.0
5910,13,22,2024-02-26,5,187400.8
5911,35,138,2024-01-16,12,47687.15
5912,42,136,2023-03-14,15,28121.9
5913,8,31,2024-04-16,6,47214.05
5914,36,98,2024-03-21,8,603144.55
5915,18,130,2023-05-12,1,4144.0
5916,43,56,2023-11-07,8,343910.0
5917,26,108,2024-08-19,3,9535.15
5918,40,96,2023-05-18,3,211863.0
5919,36,50,2023-10-31,11,117834.2
5920,29,45,2024-08-25,5,47043.05
5921,25,71,2024-04-20,10,1236653.95
5922,28,118,2024-04-25,2,8198.5
5923,12,72,2024-08-07,6,568088.6
5924,33,45,2023-12-24,2,19807.0
5925,4,50,2024-10-05,9,101484.0
5926,6,45,2024-06-13,11,108941.0
5927,7,24,2024-01-19,6,139393.0
5928,27,94,2023-09-09,2,81502.0
5929,28,13,2024-07-20,6,44158.85
5930,42,19,2023-06-30,5,78053.9
5931,17,144,2023-11-16,11,24356.0
5932,34,82,2024-05-16,11,567974.0
5933,13,67,2024-11-11,12,1029469.0
5934,22,11,2023-02-26,11,378623.45
5935,15,59,2023-01-17,11,910886.6
5936,14,93,2024-02-08,14,1336344.1
5937,39,148,2023-11-03,1,4786.0
5938,37,81,2023-04-01,11,1276451.35
5939,35,92,2023-03-02,10,888541.0
5940,7,47,2023-04-09,2,12246.0
5941,35,48,2024-04-03,6,83997.1
5942,15,121,2023-06-04,11,40637.0
5943,32,17,2024-05-25,5,70194.0
5944,18,22,2023-04-20,9,355076.0
5945,12,135,2024-04-16,10,16445.0
5946,42,56,2023-05-16,10,408393.6
5947,40,56,2023-02-03,12,515865.0
5948,9,90,2024-08-14,1,75142.15
5949,37,85,2023-10-25,5,183249.3
5950,42,20,2023-08-11,12,370001.0
5951,7,50,2024-08-15,14,149970.8
5952,8,72,2024-06-08,9,896982.0
5953,37,72,2023-01-18,7,662769.4
5954,15,148,2023-05-17,1,4546.7
5955,1,82,2024-07-11,14,686733.15
5956,40,111,2023-11-15,15,64278.0
5957,2,129,2024-06-22,4,13065.0
5958,31,27,2023-06-20,5,78429.15
5959,17,38,2023-09-10,12,317534.0
5960,30,75,2023-06-13,7,229379.0
5961,6,81,2023-10-17,8,977188.0
5962,46,27,2023-11-21,15,247672.0
5963,49,7,2024-09-19,7,136631.0
5964,24,10,2023-08-10,5,160165.0
5965,33,79,2024-11-06,4,264587.0
5966,32,74,2023-05-18,13,1125261.0
5967,49,94,2023-08-30,2,81502.0
5968,33,87,2024-12-14,12,762203.05
5969,9,70,2024-09-01,9,309199.0
5970,16,90,2023-06-30,13,976851.75
5971,45,85,2024-04-23,1,36650.05
5972,39,53,2023-10-12,9,483075.0
5973,40,129,2024-03-06,11,34131.6
5974,36,69,2024-09-02,11,473019.25
5975,13,112,2023-04-29,5,10359.75
5976,8,62,2024-04-28,5,485554.5
5977,27,108,2024-06-05,15,47673.85
5978,20,143,2023-07-09,3,13309.0
5979,22,10,2024-05-05,8,256264.0
5980,14,132,2023-06-28,3,4454.55
5981,42,6,2023-11-26,2,23640.0
5982,39,85,2024-02-09,12,439796.8
5983,33,72,2024-10-22,4,378726.05
5984,5,139,2023-08-06,6,8121.55
5985,45,110,2023-04-21,6,14224.35
5986,38,42,2024-07-02,14,79705.0
5987,24,34,2024-11-06,10,49175.0
5988,48,2,2024-07-28,8,106385.75
5989,6,139,2024-03-11,8,10829.05
5990,23,138,2024-10-10,4,15895.4
5992,42,36,2023-04-11,3,67804.0
5993,9,73,2024-01-09,5,715800.0
5994,38,30,2024-05-16,12,367625.3
5995,34,58,2023-07-16,5,544123.0
5996,44,32,2024-11-21,11,130650.65
5997,17,30,2023-04-30,4,128991.0
5998,36,115,2024-02-09,9,7475.0
5999,15,70,2023-11-25,4,137422.0
6000,5,49,2024-03-17,2,25201.6
6001,15,6,2023-09-26,13,145979.85
6002,13,79,2024-09-17,1,66147.0
6003,44,73,2023-02-11,13,1861079.0
6004,8,103,2024-05-24,12,21470.0
6005,22,149,2023-10-02,12,13264.85
6006,45,4,2024-02-10,6,19276.45
6007,26,6,2023-09-03,11,123520.9
6008,12,107,2024-03-27,10,14377.3
6009,36,89,2024-05-05,9,708102.0
6010,27,136,2023-06-06,1,1875.3
6011,19,72,2023-10-17,12,1195976.0
6012,27,44,2024-05-19,4,41065.65
6013,19,13,2024-06-23,3,22078.95
6014,26,142,2023-01-05,10,8264.0
6015,9,134,2023-08-24,3,14153.0
6016,18,117,2023-03-03,13,53339.0
6017,45,48,2023-12-26,6,83997.1
6018,16,85,2023-07-14,15,578680.0
6019,26,72,2024-05-15,7,697652.0
6020,7,79,2023-10-29,11,691234.25
6021,46,135,2024-03-31,10,16445.0
6022,22,119,2023-10-04,2,6512.0
6023,27,47,2024-01-28,11,67353.0
6024,33,103,2023-10-20,1,1789.0
6025,48,143,2023-01-11,4,16858.7
6026,7,77,2024-12-08,13,552102.95
6027,23,129,2023-10-27,15,46543.35
6028,34,39,2024-10-15,4,118531.0
6029,34,104,2024-03-31,10,37130.0
6030,25,18,2023-01-26,13,345442.0
6031,42,78,2024-10-24,13,1503755.0
6032,21,25,2024-04-01,14,161281.5
6033,5,78,2024-03-02,2,231346.85
6034,27,122,2023-05-07,3,3768.65
6035,46,67,2024-10-23,5,407497.75
6036,29,136,2024-12-11,4,7499.3
6037,39,71,2024-11-23,10,1236653.95
6038,6,71,2024-07-24,11,1360319.25
6039,32,118,2024-08-19,6,24596.45
6040,16,69,2023-02-09,1,43001.75
6041,35,46,2023-05-20,4,18938.25
6042,30,113,2023-03-04,13,57134.0
6043,35,80,2023-08-10,10,1227626.1
6044,15,148,2023-12-24,9,40916.5
6045,14,132,2024-08-11,8,12504.0
6046,16,94,2023-05-23,12,489010.0
6047,31,58,2024-08-09,4,435298.0
6049,15,43,2024-10-27,10,333420.55
6050,35,5,2024-10-31,1,23669.0
6051,19,86,2023-06-08,5,467616.0
6052,25,31,2023-01-13,11,91114.0
6053,2,24,2024-01-28,2,46464.0
6054,37,140,2024-12-29,10,31346.0
6055,25,148,2024-11-13,1,4546.7
6056,1,65,2024-07-06,10,255577.0
6057,36,3,2024-11-24,13,111448.3
6058,9,108,2023-04-19,13,43492.0
6059,30,82,2023-02-24,7,343366.1
6060,25,39,2024-11-02,6,177797.0
6061,43,133,2023-04-19,2,3595.75
6062,48,94,2023-09-17,12,489010.0
6063,24,104,2024-12-29,9,31746.15
6064,29,47,2024-12-02,15,87251.8
6065,17,85,2024-10-31,13,501523.0
6066,38,139,2023-08-15,12,16244.05
6067,27,4,2023-06-20,8,25702.25
6068,5,62,2023-11-25,4,388443.6
6069,43,134,2023-06-29,15,70764.0
6070,17,144,2024-04-07,6,12620.75
6071,48,54,2024-10-13,15,1823022.0
6072,45,87,2023-10-05,11,698686.05
6073,1,28,2023-03-30,13,176092.95
6074,42,114,2023-06-21,9,6834.3
6075,42,29,2023-09-30,5,182552.0
6076,9,148,2024-06-27,12,54555.65
6077,19,66,2023-06-24,13,155259.45
6078,33,142,2024-03-12,9,7066.1
6079,6,147,2024-11-19,12,34542.95
6080,34,104,2024-03-13,1,3713.0
6081,3,4,2023-04-25,4,12851.6
6082,25,8,2024-04-07,11,52084.7
6083,33,11,2024-06-19,12,413043.85
6084,20,95,2023-10-13,14,977313.0
6085,30,136,2024-01-12,15,28121.9
6086,8,44,2023-11-09,11,118875.0
6087,39,83,2023-12-12,5,640318.05
6088,38,145,2024-11-21,9,39149.0
6089,15,79,2023-05-27,10,661468.0
6090,48,107,2024-01-11,3,4540.0
6092,40,37,2024-01-23,15,91016.0
6093,6,64,2023-01-02,10,1115056.0
6094,30,76,2024-01-30,3,444595.0
6095,6,100,2023-02-28,11,1093072.85
6096,19,121,2023-03-28,10,36943.0
6097,39,11,2024-10-11,15,543479.0
6098,44,119,2024-10-29,14,45581.0
6099,10,59,2024-03-15,5,435831.0
6100,10,69,2024-03-13,11,497915.0
6101,9,49,2024-05-01,10,126009.9
6102,4,137,2023-07-03,3,9648.2
6103,31,142,2024-11-06,11,9091.0
6104,39,63,2023-07-15,2,279915.0
6105,24,130,2023-09-30,6,24865.0
6106,14,35,2024-02-18,10,104552.25
6108,34,13,2024-05-31,14,103036.05
6109,2,12,2024-02-13,14,38167.0
6110,20,125,2024-01-18,6,20412.0
6111,28,101,2023-07-08,12,5282.95
6112,43,92,2024-02-17,9,759702.65
6113,48,45,2024-04-02,10,94085.15
6114,41,19,2024-09-23,2,31221.75
6115,23,10,2024-10-31,14,426039.85
6116,8,113,2023-12-10,6,25051.5
6117,18,104,2023-09-05,10,35273.5
6118,23,97,2024-06-10,5,676675.0
6119,16,116,2023-08-09,13,33482.0
6120,27,22,2023-11-01,3,118359.0
6121,13,56,2023-11-30,8,326714.5
6122,26,22,2023-10-15,5,187400.8
6123,20,92,2024-10-02,6,506468.75
6124,40,88,2023-09-29,3,145009.0
6125,11,1,2024-04-28,1,31466.85
6126,43,54,2023-08-24,9,1039122.35
6127,34,44,2024-04-12,9,97262.0
6128,17,70,2023-07-25,12,391651.75
6129,46,105,2024-06-05,15,4643.0
6130,49,57,2024-11-29,1,112851.45
6131,49,29,2023-10-31,13,474634.0
6132,32,125,2023-07-28,12,40825.0
6133,14,101,2024-12-15,13,6024.0
6134,6,111,2023-04-15,14,59993.0
6135,39,6,2024-04-17,3,35461.0
6136,48,65,2024-10-19,4,97119.45
6137,21,124,2023-11-28,11,39395.55
6138,20,12,2023-06-24,7,18128.85
6139,11,86,2023-01-29,7,621928.9
6140,38,74,2024-05-24,10,822306.7
6141,1,56,2024-12-31,2,81679.1
6142,44,13,2023-01-11,10,73597.45
6143,32,98,2023-11-09,9,714250.0
6144,14,18,2024-11-24,15,398587.0
6145,46,52,2024-10-19,11,143207.75
6146,36,80,2024-11-20,14,1809134.0
6147,23,72,2023-09-21,6,568088.6
6148,42,69,2023-05-21,11,497915.0
6149,1,64,2023-07-18,8,847441.8
6150,11,147,2024-06-14,14,42421.0
6151,25,105,2024-05-17,7,2167.0
6152,41,15,2024-12-26,7,195298.0
6153,25,98,2023-11-10,11,829323.4
6154,28,25,2024-04-06,3,36379.0
6155,33,26,2024-12-06,14,241965.0
6156,33,109,2023-01-13,6,3549.2
6157,11,70,2023-01-26,4,137422.0
6158,40,12,2023-06-13,6,16357.0
6160,18,86,2023-05-08,2,187046.0
6161,11,28,2024-08-25,1,14259.0
6162,42,119,2024-02-20,9,29302.0
6163,39,10,2024-11-16,10,320330.0
6164,4,68,2023-01-21,15,1003457.0
6165,25,54,2023-12-11,11,1336883.0
6166,11,29,2024-06-05,7,242793.4
6167,15,108,2024-09-11,7,22248.05
6168,3,132,2023-06-10,13,20319.0
6169,47,30,2024-08-09,10,306355.05
6170,23,56,2024-07-24,4,163357.25
6171,23,150,2023-06-05,1,1646.0
6172,37,75,2023-10-17,5,163842.0
6173,49,45,2023-11-01,4,39615.0
6175,36,50,2023-01-02,13,146588.0
6176,48,132,2023-09-17,6,8909.1
6177,24,59,2024-06-18,10,871661.0
6178,47,98,2023-08-03,15,1190417.0
6179,9,127,2024-09-03,3,4415.6
6180,42,53,2023-07-27,12,644100.0
6181,31,11,2024-08-10,12,434783.0
6182,9,45,2024-11-20,7,65859.7
6183,10,69,2024-04-10,9,407385.0
6184,13,11,2024-01-02,4,137681.6
6185,10,39,2024-08-13,2,56302.7
6186,38,58,2024-02-20,12,1240600.25
6187,46,47,2024-10-16,4,24492.0
6188,34,133,2023-10-29,10,18927.0
6189,30,147,2023-08-08,11,31664.45
6190,21,37,2023-06-21,7,40350.3
6191,16,105,2023-02-15,8,2476.0
6192,36,66,2024-08-05,6,75430.0
6193,27,22,2023-02-05,9,337322.2
6194,37,143,2023-05-27,11,48801.0
6195,1,44,2024-12-17,9,92398.9
6196,47,52,2024-04-10,15,195283.9
6197,3,15,2023-07-25,2,53010.0
6198,5,73,2023-06-04,10,1360019.05
6199,24,76,2024-01-14,3,422365.25
6200,38,28,2023-10-14,2,27091.15
6201,35,71,2024-07-28,15,1854980.45
6202,14,93,2024-07-23,10,954531.5
6203,43,130,2023-06-11,2,7873.6
6204,27,56,2024-07-06,8,326714.5
6205,41,81,2023-02-26,11,1276451.35
6206,36,117,2024-01-26,9,35080.65
6207,30,120,2023-08-01,5,15622.0
6208,34,21,2024-04-19,1,8735.0
6209,12,81,2024-06-13,8,928328.6
6210,2,84,2024-04-23,2,86848.0
6211,6,48,2023-01-13,7,97996.3
6212,47,51,2023-08-01,14,853314.7
6213,25,81,2023-07-16,7,812287.05
6214,11,115,2023-03-04,9,7475.0
6215,23,145,2024-10-15,4,16529.05
6216,18,18,2024-11-27,3,79717.0
6217,12,76,2024-11-05,5,703941.45
6218,41,33,2024-07-05,12,80589.0
6219,39,128,2024-01-24,12,53018.55
6220,7,103,2024-01-10,11,18696.95
6221,43,82,2023-09-01,14,686733.15
6222,12,38,2023-10-21,10,251380.45
6223,8,23,2023-01-20,15,167679.0
6224,12,119,2024-08-31,4,12371.85
6225,30,87,2023-09-16,12,762203.05
6226,25,147,2023-06-26,15,43178.45
6227,27,70,2023-04-10,15,515331.0
6228,26,9,2023-09-18,11,436760.0
6229,14,1,2024-10-07,4,125865.5
6230,41,122,2024-01-21,4,5025.5
6231,8,124,2023-01-11,2,7163.0
6232,10,77,2024-10-18,3,134114.0
6233,3,119,2024-06-13,12,39070.0
6234,38,34,2024-09-23,1,4918.0
6235,16,41,2024-08-12,15,159000.0
6236,33,7,2024-06-05,3,58556.0
6237,26,22,2024-01-24,11,433981.0
6238,16,69,2023-11-19,2,90530.0
6239,44,141,2024-11-17,7,33473.0
6240,44,114,2024-02-07,1,759.05
6241,2,130,2024-05-10,15,62161.0
6242,46,29,2024-07-07,4,146041.0
6243,28,117,2024-01-10,15,61545.0
6244,38,99,2024-06-25,3,305710.0
6245,6,45,2024-02-19,10,99037.0
6246,49,95,2024-06-12,3,209424.0
6247,45,24,2024-02-26,5,116161.0
6248,5,115,2023-09-16,3,2367.4
6249,26,95,2024-02-02,4,279232.0
6250,8,149,2023-08-07,4,4421.3
6251,10,2,2023-03-02,8,106385.75
6252,3,40,2023-09-09,12,170208.0
6253,20,150,2023-04-14,10,16457.0
6254,31,33,2023-04-22,1,6380.2
6255,14,144,2024-03-04,10,22141.0
6256,34,120,2024-08-01,11,32650.55
6257,5,37,2024-05-20,14,80700.6
6258,16,14,2024-12-25,5,179055.0
6259,35,55,2023-11-04,2,208975.3
6260,48,138,2024-04-24,6,23843.1
6261,20,2,2024-09-26,10,139982.0
6262,48,139,2024-12-17,13,18523.0
6263,8,63,2024-06-04,6,797758.7
6264,4,98,2023-12-04,12,904717.3
6265,45,126,2024-04-13,6,16062.0
6266,8,94,2023-02-03,4,154852.85
6267,31,113,2023-02-02,12,52740.0
6268,48,95,2023-06-12,12,837696.0
6269,18,124,2024-06-19,6,21489.0
6270,26,115,2024-12-29,3,2367.4
6271,11,121,2023-12-11,3,10528.85
6272,2,7,2024-06-16,9,166885.55
6273,41,17,2023-06-28,14,196543.0
6274,1,36,2024-07-03,6,128827.6
6275,6,16,2023-08-31,11,313562.7
6276,43,2,2024-07-27,9,119683.85
6277,37,49,2023-10-22,8,106114.0
6278,23,14,2023-01-09,10,340205.45
6279,35,66,2023-07-13,13,155259.45
6280,24,10,2023-12-30,10,320330.0
6281,25,79,2023-06-30,13,816913.55
6282,26,146,2023-01-14,14,6596.8
6283,15,150,2024-10-04,14,21887.05
6284,17,44,2023-12-14,15,153997.85
6285,42,31,2023-02-04,12,99397.0
6286,21,114,2023-01-20,15,11389.55
6287,5,89,2023-05-27,6,448464.6
6288,17,18,2024-02-15,6,159435.0
6289,23,25,2023-09-02,12,138242.1
6290,44,36,2023-05-13,3,64413.8
6291,26,126,2024-11-19,15,40156.0
6292,27,101,2024-07-12,7,3244.0
6293,44,50,2023-03-30,13,146588.0
6294,25,30,2023-03-11,11,336990.65
6295,32,46,2023-04-02,11,54821.0
6296,44,68,2024-10-19,12,762626.75
6297,13,78,2023-06-12,10,1156735.2
6298,35,65,2024-07-08,5,127788.0
6299,30,111,2024-03-10,3,12856.0
6300,3,29,2023-02-27,15,520272.25
6301,10,73,2024-07-06,6,858960.0
6302,41,94,2023-01-20,11,448259.0
6303,6,116,2023-10-10,8,19573.8
6304,38,40,2023-06-21,3,42552.0
6305,1,65,2023-08-16,3,76673.0
6306,13,128,2024-08-15,11,51158.0
6307,13,107,2023-08-31,1,1437.35
6308,5,140,2023-06-21,11,32756.0
6309,37,74,2024-01-24,7,575614.5
6310,10,112,2024-10-12,9,19629.0
6311,11,114,2023-08-05,3,2278.1
6312,16,62,2023-08-21,5,511110.0
6313,24,134,2024-08-14,12,53780.45
6314,31,99,2024-01-15,15,1528550.0
6315,26,120,2023-02-08,8,24996.0
6316,41,99,2024-04-06,9,917130.0
6317,6,54,2024-09-20,3,364604.0
6318,45,13,2024-10-02,2,15494.0
6319,8,65,2024-06-11,3,76673.0
6320,5,29,2023-07-16,14,511145.0
6321,2,143,2024-10-09,13,57674.0
6322,24,77,2024-10-28,14,625865.0
6323,46,89,2023-08-04,14,1046418.35
6324,34,46,2024-04-04,11,54821.0
6325,8,2,2024-07-02,8,111985.0
6326,7,37,2024-12-17,4,24271.0
6327,32,103,2023-11-15,1,1699.55
6328,43,94,2024-03-07,8,326007.0
6329,25,17,2023-11-30,12,160041.75
6330,44,85,2024-02-06,7,256548.45
6331,21,28,2024-01-02,2,27091.15
6332,29,121,2024-07-05,3,11083.0
6333,18,129,2023-08-28,6,18617.15
6334,2,102,2024-07-24,12,9984.0
6335,5,87,2024-08-02,10,668599.0
6337,1,3,2024-07-17,4,34292.15
6338,14,113,2023-05-30,7,29226.75
6339,29,108,2024-05-17,5,15891.6
6340,17,134,2024-07-25,4,18870.0
6341,20,17,2024-02-24,7,93357.45
6342,27,66,2023-07-31,2,25143.0
6343,6,120,2024-11-02,11,34369.0
6344,14,73,2023-02-08,10,1360019.05
6345,47,55,2024-07-16,13,1429834.0
6346,39,127,2023-04-22,14,21691.0
6347,22,124,2024-03-19,6,21489.0
6348,44,48,2024-11-02,1,13999.2
6349,21,86,2024-10-29,11,1028754.0
6350,1,3,2024-05-10,3,27073.0
6351,9,126,2023-12-03,3,8031.0
6352,2,76,2024-04-17,13,1830248.15
6353,14,29,2023-12-14,9,328593.0
6354,19,22,2024-11-06,10,374802.55
6355,6,132,2024-07-18,9,13363.65
6356,48,136,2024-04-13,10,19735.0
6357,13,122,2023-07-22,3,3768.65
6358,4,121,2024-06-29,5,18471.0
6359,12,135,2024-03-26,3,4934.0
6360,6,99,2023-10-30,7,750867.0
6361,25,55,2024-02-05,11,1209859.0
6362,42,117,2024-11-18,12,49236.0
6363,17,147,2024-09-23,9,27271.0
6364,28,97,2023-05-31,9,1218016.0
6365,32,17,2023-04-12,4,53347.25
6366,8,19,2024-11-29,10,164324.0
6367,5,42,2023-10-07,3,17080.05
6368,39,60,2023-11-28,6,619881.65
6370,39,49,2023-07-22,5,66321.0
6371,16,35,2023-12-06,11,115007.95
6372,2,134,2023-05-26,15,67225.8
6373,19,23,2024-05-10,1,10620.05
6374,47,28,2024-09-24,2,28517.0
6375,27,41,2023-08-24,1,10600.0
6376,46,82,2023-10-11,14,722877.0
6377,27,61,2023-05-11,5,133088.35
6378,35,12,2024-05-03,2,5452.0
6379,31,6,2024-09-22,10,118202.0
6380,34,144,2023-09-23,13,27344.8
6381,4,88,2023-06-18,12,580038.0
6382,16,33,2023-05-12,13,82939.75
6383,25,94,2023-08-25,10,407508.0
6384,43,44,2024-10-29,8,86455.0
6385,47,69,2024-09-27,4,172007.0
6386,46,4,2023-08-26,13,41765.8
6387,22,112,2024-10-12,12,24862.45
6388,24,50,2024-01-21,9,96409.8
6389,33,17,2024-12-30,11,146705.65
6390,21,100,2023-05-08,2,198740.0
6391,15,92,2023-07-10,13,1155103.0
6392,28,141,2023-05-11,12,54512.9
6393,49,59,2024-02-22,5,435831.0
6394,37,129,2023-04-13,10,32662.0
6396,41,13,2023-12-06,10,77471.0
6397,27,26,2023-03-10,1,16418.85
6398,37,15,2024-03-23,11,291552.15
6399,13,58,2023-11-24,2,206766.55
6400,33,48,2023-11-20,3,44209.0
6401,47,110,2023-11-11,6,14224.35
6402,10,77,2024-07-27,4,178819.0
6403,8,109,2024-11-15,14,8282.1
6404,19,22,2024-10-11,9,337322.2
6405,19,87,2024-04-04,8,508135.05
6406,40,61,2024-04-07,13,364242.0
6407,28,39,2023-09-01,15,444492.0
6408,6,86,2023-09-17,14,1309324.0
6409,37,115,2024-05-31,15,12459.0
6410,36,44,2023-01-23,9,97262.0
6411,23,8,2023-06-14,5,24921.0
6412,33,107,2023-05-17,15,22701.0
6413,21,70,2024-01-13,1,32637.25
6414,17,29,2024-02-26,6,208108.9
6415,9,84,2023-04-23,2,82505.6
6416,24,116,2023-09-13,11,28331.0
6417,25,142,2023-12-27,3,2479.0
6418,30,74,2023-04-18,1,82231.05
6419,11,86,2023-03-05,1,88846.85
6420,3,112,2024-07-04,2,4362.0
6421,12,109,2024-08-29,5,2958.3
6422,46,92,2024-12-19,4,355416.0
6423,46,57,2024-04-09,2,237581.0
6424,46,134,2024-10-14,11,51894.0
6425,43,54,2023-04-11,4,486139.0
6426,36,95,2024-08-12,5,331588.0
6427,16,59,2023-06-01,3,261498.0
6428,14,118,2024-07-18,4,16397.0
6429,7,133,2023-02-14,8,15142.0
6430,40,86,2024-10-16,14,1243857.8
6431,14,4,2023-05-22,5,16063.55
6432,14,82,2024-08-06,7,361438.0
6433,45,104,2024-06-26,12,44556.0
6434,31,119,2023-11-23,7,21651.45
6435,15,10,2023-12-10,10,320330.0
6436,37,107,2023-10-03,6,9080.0
6437,34,59,2024-06-09,7,579654.85
6438,14,48,2024-08-14,4,58945.0
6439,42,3,2024-03-15,9,77157.1
6440,6,78,2023-12-20,9,1095854.0
6441,43,136,2023-01-25,6,11841.0
6442,20,109,2024-06-12,12,7472.0
6443,42,122,2024-12-04,6,7935.0
6444,22,25,2023-08-25,12,138242.1
6445,20,5,2023-11-15,6,142014.0
6446,9,124,2024-10-22,4,15080.0
6447,13,4,2024-09-26,13,43964.0
6448,16,58,2023-08-03,15,1632369.0
6449,1,112,2024-11-19,7,15267.0
6450,11,21,2023-05-29,8,66382.2
6451,3,120,2024-01-01,7,21871.0
6452,28,69,2023-06-07,8,362120.0
6453,44,17,2023-02-02,8,106694.5
6454,40,26,2024-07-02,3,51850.0
6455,46,138,2023-04-29,11,43713.3
6456,6,115,2023-01-13,10,8306.0
6457,11,12,2024-11-05,15,38848.35
6458,34,72,2024-01-25,10,996646.0
6459,3,91,2023-02-01,8,1079088.0
6460,47,127,2024-04-04,4,5887.15
6461,25,52,2024-03-27,5,68520.0
6462,1,16,2023-10-04,6,180036.0
6463,19,88,2023-05-18,3,137758.55
6464,15,117,2023-07-27,6,23387.1
6465,19,79,2023-04-29,13,859909.0
6466,15,138,2023-08-07,5,20915.0
6467,21,11,2023-09-13,6,206521.45
6468,7,122,2024-06-14,10,13225.0
6469,48,8,2023-04-10,5,24921.0
6470,13,101,2024-03-16,7,3244.0
6471,46,91,2023-09-06,12,1618632.0
6472,46,116,2024-12-08,3,7727.0
6473,28,112,2023-06-05,2,4143.9
6474,6,88,2023-06-30,7,338355.0
6475,43,88,2024-08-06,2,96673.0
6476,38,129,2023-05-20,3,9799.0
6477,46,29,2023-05-07,5,182552.0
6478,14,69,2024-09-10,6,271590.0
6479,25,18,2023-10-12,9,227194.4
6480,9,1,2024-07-18,9,298103.0
6481,9,44,2023-10-11,14,151296.0
6482,24,146,2024-04-20,8,3769.6
6483,12,113,2024-10-23,5,20876.25
6484,31,108,2024-11-27,6,20073.0
6485,15,133,2023-07-24,13,23374.75
6486,17,28,2023-12-19,15,203184.1
6487,5,81,2023-12-13,2,244297.0
6488,19,81,2023-03-05,7,855039.0
6489,34,8,2024-12-23,6,29905.0
6490,12,20,2024-08-25,6,185001.0
6491,38,125,2024-09-13,15,51031.0
6492,37,122,2023-11-17,4,5025.5
6493,38,107,2024-11-17,9,12939.0
6494,7,50,2024-04-21,7,74985.4
6495,28,58,2023-05-23,14,1523544.0
6497,11,137,2023-12-03,5,16927.0
6498,25,3,2023-04-25,5,45121.0
6499,33,65,2023-05-22,7,178904.0
6500,35,5,2024-12-24,13,307697.0
6502,40,85,2024-08-21,13,476446.85
6503,7,145,2023-01-23,6,26099.0
6504,12,91,2024-03-04,14,1888404.0
6505,36,7,2023-12-27,10,195188.0
6506,40,11,2024-06-24,11,398551.0
6507,32,62,2023-11-24,13,1328886.0
6508,4,147,2024-05-07,4,11514.0
6509,47,39,2023-04-16,7,197058.5
6510,2,135,2023-03-04,12,18747.3
6511,37,127,2023-02-25,6,9296.0
6512,36,25,2023-04-10,12,138242.1
6513,2,124,2023-01-11,11,41469.0
6514,1,41,2024-05-04,12,127200.0
6515,15,16,2023-12-02,9,256551.3
6516,41,68,2023-06-20,15,953284.15
6517,35,101,2023-03-05,7,3244.0
6518,46,75,2024-01-03,2,65537.0
6519,25,44,2023-03-30,8,82132.25
6520,13,95,2024-09-10,13,862129.75
6521,5,114,2024-06-23,1,799.0
6522,36,113,2023-08-11,4,17580.0
6523,4,59,2023-08-26,6,522997.0
6524,32,148,2024-07-23,9,40916.5
6525,7,83,2024-06-27,7,943627.0
6526,2,56,2023-08-07,6,245036.35
6527,40,116,2023-09-11,9,23180.0
6528,16,26,2023-05-05,12,197028.1
6529,43,128,2023-07-14,3,13952.0
6530,7,70,2024-08-30,11,377910.0
6531,44,55,2024-06-30,5,549936.0
6532,32,3,2024-12-19,9,77157.1
6533,7,52,2024-01-30,7,91132.55
6534,1,29,2023-11-09,10,346847.85
6535,8,123,2024-12-20,13,34296.9
6536,9,58,2024-09-06,2,217649.0
6537,33,136,2023-09-04,3,5624.0
6538,11,33,2024-09-18,11,73873.0
6539,19,100,2024-12-02,5,523001.0
6540,24,134,2023-10-17,4,18870.0
6541,6,123,2023-11-18,11,29020.6
6542,14,69,2023-10-15,13,588445.0
6543,38,13,2024-07-16,7,54230.0
6544,5,128,2023-10-06,13,60459.0
6545,43,48,2023-12-25,9,125995.65
6546,33,94,2023-09-05,9,366758.0
6547,47,69,2024-01-14,9,387015.75
6548,41,1,2023-07-13,5,157332.35
6549,8,124,2023-08-05,5,17907.5
6550,41,133,2024-05-27,2,3595.75
6551,1,48,2023-12-25,13,191573.0
6552,30,46,2023-02-01,12,59805.0
6553,47,116,2024-05-02,10,25755.0
6554,25,104,2024-03-15,10,37130.0
6555,23,79,2024-09-14,6,396881.0
6556,46,102,2024-10-14,4,3328.0
6557,32,113,2024-04-14,10,43950.0
6558,1,15,2023-12-19,3,83699.0
6559,43,16,2023-08-15,10,300060.0
6560,21,102,2023-01-16,5,4160.0
6561,17,131,2023-03-01,2,1927.0
6562,46,44,2023-08-11,9,97262.0
6563,23,97,2024-06-28,10,1353351.0
6564,6,27,2024-04-26,9,141172.85
6565,15,38,2023-06-07,7,185228.0
6566,10,61,2023-02-07,3,79853.2
6567,24,128,2024-03-24,14,65110.0
6568,49,140,2024-07-21,7,20844.9
6569,25,25,2024-08-02,13,149761.8
6570,7,50,2024-12-05,4,42848.8
6571,13,3,2024-11-24,11,94302.7
6572,24,66,2023-05-01,3,35829.25
6573,48,79,2024-09-26,10,628394.6
6574,27,8,2024-09-14,8,39873.0
6575,33,70,2024-11-28,3,97912.7
6576,22,135,2024-01-09,6,9373.65
6577,7,34,2024-08-16,11,51388.35
6578,48,116,2024-03-01,6,14680.35
6579,45,82,2023-10-22,9,464706.0
6580,20,7,2023-12-03,11,214706.0
6581,43,3,2024-11-28,13,111448.3
6582,8,127,2023-01-26,13,19134.9
6583,25,9,2024-01-11,9,357350.0
6584,13,138,2023-03-02,7,29281.0
6585,14,31,2024-09-17,13,107680.0
6586,5,50,2024-03-07,1,11276.0
6587,42,128,2023-06-07,8,35345.7
6588,18,123,2023-04-27,13,34296.9
6589,36,49,2023-06-29,2,25201.6
6590,2,134,2023-04-10,2,9435.0
6591,46,9,2023-01-09,6,238233.0
6592,39,60,2024-06-01,14,1446389.25
6593,7,142,2023-02-13,6,4710.1
6594,49,39,2023-06-02,7,197058.5
6595,8,56,2023-04-06,14,601843.0
6596,39,22,2023-01-13,10,374802.55
6597,8,29,2023-02-27,5,173424.4
6598,16,48,2023-05-29,14,206309.0
6599,13,104,2023-01-29,3,11139.0
6600,42,138,2023-10-08,9,35764.65
6601,2,106,2023-08-09,6,24993.55
6602,15,35,2023-01-25,1,10455.7
6603,7,85,2024-04-13,14,513096.9
6604,24,136,2024-12-22,3,5624.0
6605,16,65,2023-05-10,8,194238.9
6606,33,36,2024-06-28,13,293818.0
6607,5,103,2023-06-02,12,20396.5
6608,23,33,2024-07-30,7,47010.0
6609,29,124,2024-10-01,9,32232.55
6610,16,57,2024-07-21,8,950325.0
6611,36,95,2024-11-30,8,558464.0
6612,37,62,2023-06-18,10,1022220.0
6613,1,25,2024-11-26,11,126721.45
6614,17,63,2023-03-13,6,839746.0
6615,3,18,2024-05-12,14,353413.3
6616,28,39,2023-01-19,2,56302.7
6617,26,57,2024-08-01,6,712743.0
6618,22,8,2024-08-31,9,42614.15
6619,44,66,2024-07-23,15,188574.0
6620,2,55,2023-04-09,13,1429834.0
6621,41,43,2023-05-28,1,33342.15
6622,34,40,2023-05-02,2,28368.0
6623,33,136,2024-05-31,2,3749.65
6624,13,20,2024-12-04,6,185001.0
6625,25,79,2024-01-26,3,188518.95
6626,43,66,2023-04-09,12,150860.0
6627,12,147,2024-06-09,12,36361.0
6628,30,18,2023-09-03,4,100975.5
6629,40,67,2024-11-13,8,686312.0
6630,2,63,2024-02-13,13,1819450.0
6631,28,47,2023-07-20,11,63985.35
6632,20,34,2023-07-24,4,18686.5
6633,27,126,2024-10-09,11,27975.6
6634,36,98,2024-07-25,6,452358.65
6635,39,88,2023-07-28,10,459196.75
6636,40,58,2023-03-06,6,620300.6
6637,37,72,2024-11-09,3,298994.0
6638,21,77,2023-03-19,2,89409.0
6639,34,119,2024-07-03,8,24744.65
6640,7,104,2024-05-15,1,3713.0
6641,25,35,2024-11-20,15,156828.85
6642,35,5,2024-09-22,7,157398.85
6643,25,130,2023-10-21,1,4144.0
6644,17,101,2023-12-28,1,463.0
6645,31,115,2023-06-17,1,831.0
6646,20,34,2024-06-13,6,28029.75
6647,24,143,2023-06-14,4,16858.7
6648,19,72,2023-12-23,15,1420221.5
6649,37,33,2024-01-06,1,6716.0
6650,31,47,2023-11-05,11,67353.0
6651,8,4,2024-06-09,9,30437.0
6653,35,45,2024-09-18,12,118845.0
6654,4,33,2024-10-21,6,40295.0
6656,19,108,2023-05-24,14,44496.1
6657,16,14,2024-05-29,13,465544.0
6658,12,84,2024-02-13,9,390815.0
6659,9,81,2023-10-26,5,610742.0
6660,42,25,2024-09-23,10,121265.0
6661,43,56,2024-03-13,1,42989.0
6662,40,38,2024-11-27,8,211689.0
6663,24,109,2024-10-21,3,1868.0
6664,12,20,2024-05-02,11,339168.0
6665,17,2,2024-01-12,3,39894.3
6666,43,103,2023-07-07,11,19681.0
6667,30,133,2023-07-03,5,8990.8
6668,42,74,2023-02-08,9,779027.0
6669,4,37,2023-02-25,12,69172.35
6670,6,3,2024-09-09,1,8572.8
6671,10,115,2024-08-15,7,5814.0
6672,41,45,2023-12-15,6,56450.9
6673,8,141,2023-10-21,14,63597.75
6674,39,110,2024-07-22,1,2371.2
6675,7,119,2024-11-19,2,6512.0
6676,30,50,2024-04-05,7,78932.0
6677,28,125,2024-10-05,4,13608.0
6678,27,121,2023-06-30,7,25860.0
6679,18,142,2023-02-15,1,826.0
6680,48,16,2024-03-26,3,85517.1
6681,17,135,2023-10-21,11,18090.0
6682,18,1,2023-12-13,14,440529.25
6683,36,18,2023-06-11,14,353413.3
6684,1,74,2023-09-25,15,1298378.0
6685,26,92,2023-06-19,2,168822.6
6686,38,34,2023-11-18,4,19670.0
6687,13,74,2023-08-15,13,1068997.95
6688,48,39,2024-04-26,11,325961.0
6689,22,56,2023-07-19,4,171955.0
6690,33,43,2024-09-28,1,35097.0
6691,43,67,2024-06-09,7,600523.0
6692,27,99,2024-09-08,7,713323.65
6693,31,15,2023-09-27,13,344562.15
6694,41,122,2023-05-29,5,6281.4
6695,38,2,2024-08-09,4,53193.35
6696,21,37,2024-03-04,12,72813.0
6697,2,29,2023-11-10,14,511145.0
6698,48,50,2023-07-18,2,22552.0
6699,14,101,2023-08-09,11,4842.15
6700,48,15,2024-02-23,9,251098.0
6701,23,109,2023-01-21,12,7098.4
6702,42,87,2024-09-26,5,317585.0
6703,14,77,2024-12-13,3,127408.3
6704,47,125,2024-05-06,2,6804.0
6705,37,109,2023-11-15,6,3736.0
6706,21,34,2023-01-27,11,54093.0
6707,27,137,2024-11-21,2,6432.45
6708,13,106,2024-08-01,2,8770.0
6709,35,149,2024-10-15,10,11054.2
6710,19,22,2024-08-23,12,449762.3
6711,29,90,2023-10-20,12,949168.0
6712,8,114,2024-02-09,8,6074.3
6713,25,103,2024-05-27,15,26838.0
6714,22,83,2024-03-26,7,943627.0
6715,7,60,2023-01-04,8,870009.0
6716,25,24,2024-02-29,1,22070.4
6717,25,92,2023-10-23,11,977395.0
6718,23,95,2023-07-01,3,209424.0
6719,22,50,2024-04-06,2,22552.0
6720,30,55,2023-11-28,7,769910.0
6721,22,54,2023-03-22,9,1093813.0
6722,41,49,2023-11-20,4,53057.0
6723,28,131,2023-03-28,8,7709.0
6724,34,126,2023-05-28,7,18739.0
6725,26,119,2024-06-06,3,9767.0
6726,27,18,2024-11-16,10,265724.0
6727,47,127,2024-04-17,1,1471.55
6728,49,61,2024-11-05,3,79853.2
6729,4,107,2023-09-01,13,18690.3
6730,1,68,2024-11-01,11,699074.6
6731,30,135,2023-09-15,12,18747.3
6732,13,123,2023-12-05,13,36102.0
6733,43,26,2023-09-27,15,259248.0
6734,6,47,2023-05-02,15,91844.0
6735,3,49,2024-07-02,6,79586.0
6736,7,6,2024-08-10,4,44916.95
6737,35,8,2024-11-25,10,49842.0
6738,22,71,2024-10-25,11,1431915.0
6739,21,143,2024-10-27,15,66546.0
6740,46,147,2023-01-08,4,11514.0
6741,18,134,2023-08-20,1,4718.0
6742,32,130,2023-04-13,11,43305.75
6743,4,33,2024-09-22,4,26863.0
6744,48,2,2024-10-23,12,159579.1
6745,5,47,2024-09-17,6,34901.1
6746,3,133,2023-01-30,2,3595.75
6747,21,142,2024-12-21,14,10991.5
6748,39,18,2023-07-11,1,25243.4
6749,33,146,2023-03-02,11,5456.0
6750,2,116,2024-06-09,7,17127.55
6751,15,78,2023-04-26,2,243523.0
6752,24,86,2023-01-05,15,1332704.65
6753,18,22,2023-08-30,2,78906.0
6754,17,135,2024-11-06,8,12498.2
6755,35,87,2024-10-26,10,635169.05
6756,28,134,2024-10-20,5,23588.0
6758,17,33,2023-03-20,2,13432.0
6759,27,31,2024-08-03,8,66265.0
6760,6,117,2024-11-08,12,46774.2
6761,19,146,2024-06-25,5,2356.0
6762,39,30,2024-09-20,12,367625.3
6763,32,46,2024-09-26,10,47346.1
6764,9,74,2023-06-27,2,173117.0
6765,25,140,2023-06-02,15,47019.0
6766,38,135,2023-02-21,10,15622.75
6767,1,21,2024-06-24,15,124467.1
6768,1,11,2023-04-01,4,144928.0
6769,15,114,2024-12-20,14,10630.5
6770,33,10,2024-03-05,12,365176.2
6771,3,51,2024-07-24,15,962385.0
6772,46,69,2023-11-15,12,543180.0
6773,13,78,2023-09-18,14,1704662.0
6774,2,87,2023-01-14,3,200580.0
6775,41,18,2023-03-07,4,106290.0
6776,46,80,2024-08-24,9,1163015.0
6777,12,100,2024-02-21,15,1569004.0
6778,17,48,2024-12-10,6,83997.1
6779,12,6,2023-04-30,13,145979.85
6780,41,142,2023-11-11,7,5785.0
6781,3,110,2024-05-11,4,9482.9
6782,3,149,2024-08-09,3,3491.0
6783,36,63,2023-03-04,10,1399577.0
6784,13,139,2023-04-28,4,5415.0
6785,35,117,2023-03-26,5,20515.0
6786,41,147,2023-08-15,9,25907.45
6787,1,11,2023-08-27,14,481884.65
6788,25,53,2023-09-14,13,662886.25
6789,20,119,2023-01-26,6,19535.0
6790,42,50,2024-07-20,4,42848.8
6791,10,91,2023-09-04,15,1922125.5
6792,12,26,2023-07-16,7,120982.0
6793,21,122,2024-12-18,2,2645.0
6794,12,116,2023-02-03,5,12878.0
6795,49,96,2023-01-06,8,536718.65
6796,9,99,2023-02-02,6,611420.0
6797,23,5,2024-09-17,11,260359.0
6798,5,120,2023-08-23,8,23746.2
6799,32,28,2024-03-11,2,28517.0
6800,46,106,2023-10-15,5,20827.8
6801,46,21,2023-02-06,1,8298.25
6802,45,50,2023-11-24,7,74985.4
6803,2,135,2023-09-11,2,3289.0
6804,33,3,2024-02-15,4,36097.0
6805,24,49,2024-08-07,8,100808.3
6806,38,126,2023-10-03,10,25432.45
6807,22,50,2024-03-20,7,78932.0
6808,20,133,2023-04-05,13,24605.0
6809,24,111,2024-07-06,3,12213.2
6810,3,34,2023-12-08,13,63928.0
6811,12,13,2023-01-04,11,85218.0
6812,38,92,2024-03-23,8,675291.35
6813,32,12,2024-09-06,10,25898.9
6814,27,148,2023-01-07,13,59101.4
6815,40,34,2023-10-14,5,24588.0
6816,42,100,2023-08-15,4,418401.0
6817,31,102,2023-12-20,1,790.4
6818,38,64,2023-11-17,14,1483024.1
6819,9,94,2024-10-26,1,40751.0
6820,22,81,2024-06-03,6,696246.45
6821,33,56,2023-01-05,15,644832.0
6822,15,30,2023-02-25,9,275719.45
6823,49,97,2024-11-19,4,514273.0
6824,22,30,2023-10-15,14,428896.5
6825,15,48,2023-07-05,2,27999.35
6826,34,104,2024-05-23,4,14852.0
6827,14,99,2024-03-22,13,1324743.65
6828,24,8,2024-09-30,8,39873.0
6829,39,108,2023-07-04,6,20073.0
6830,25,39,2023-04-17,4,118531.0
6831,30,34,2023-02-15,6,28029.75
6832,22,35,2024-12-13,2,22011.0
6833,6,6,2023-12-13,13,153663.0
6834,42,100,2024-06-19,12,1255203.0
6835,41,135,2024-03-09,7,11512.0
6836,48,11,2024-03-23,6,206521.45
6837,18,11,2023-07-28,3,103261.2
6838,42,34,2024-07-22,11,51388.35
6839,2,143,2024-03-14,13,57674.0
6840,13,23,2024-08-10,15,159295.05
6841,40,87,2024-02-18,7,468019.0
6842,26,77,2024-07-22,15,637041.5
6843,17,129,2023-06-06,15,46543.35
6844,15,118,2023-11-12,13,53291.2
6846,34,50,2023-10-27,8,90208.0
6847,48,106,2024-11-28,7,29159.3
6848,12,23,2023-01-30,10,106196.7
6849,49,128,2023-07-18,1,4651.0
6850,33,79,2024-03-01,14,926056.0
6851,2,26,2023-06-06,14,229866.75
6852,14,147,2024-09-13,13,37421.45
6853,48,62,2024-01-21,8,776887.2
6855,28,57,2023-10-13,7,789957.3
6856,19,118,2023-03-25,4,17260.0
6857,13,48,2024-10-27,2,29473.0
6858,5,84,2024-09-03,4,173696.0
6859,8,87,2023-03-07,5,317585.0
6860,11,49,2023-09-10,2,25201.6
6861,31,14,2024-07-30,1,34020.45
6862,42,133,2023-11-19,13,23374.75
6864,3,29,2023-06-04,3,104054.45
6865,31,77,2024-10-12,11,491751.0
6866,24,99,2024-12-30,11,1120936.35
6867,7,7,2024-01-24,14,273263.0
6868,49,42,2023-01-17,6,35957.0
6869,32,47,2023-01-09,4,23267.4
6870,17,147,2024-11-04,14,40299.95
6871,36,139,2023-09-11,7,9475.3
6872,5,136,2023-03-17,10,18748.25
6873,42,124,2024-09-14,12,45239.0
6874,19,20,2023-12-26,14,410084.6
6875,7,51,2023-09-14,8,513272.0
6876,27,82,2023-01-07,11,567974.0
6877,29,123,2024-03-31,8,21106.15
6878,45,61,2024-06-01,1,26618.05
6879,4,34,2024-11-23,9,44258.0
6880,8,56,2023-07-29,15,612590.4
6881,25,18,2024-09-28,6,151463.25
6882,46,138,2023-11-26,11,43713.3
6883,39,83,2023-01-29,2,256127.6
6884,33,13,2023-01-28,15,110395.7
6885,16,124,2023-10-27,10,37699.0
6886,37,1,2024-03-29,10,314663.75
6887,6,139,2024-05-24,10,13536.55
6888,8,30,2023-07-05,9,290231.0
6889,13,97,2024-08-14,3,385704.75
6890,12,18,2023-12-15,3,75731.15
6891,23,139,2023-03-14,14,19948.0
6892,48,26,2024-12-08,2,32837.7
6893,43,55,2023-03-09,7,769910.0
6894,19,29,2023-09-14,9,312163.35
6895,18,87,2023-07-02,13,825720.05
6896,39,65,2024-11-09,7,169958.8
6897,13,59,2023-03-06,6,522997.0
6898,41,138,2023-12-07,13,54380.0
6899,37,105,2023-08-09,1,294.5
6900,23,18,2023-04-07,5,132862.0
6901,49,121,2023-12-27,7,24567.0
6902,15,143,2024-08-30,9,39928.0
6903,40,55,2024-08-04,5,522439.2
6904,42,6,2023-11-26,13,145979.85
6905,17,106,2023-01-04,12,49987.1
6906,25,129,2023-04-14,9,29396.0
6907,45,116,2023-02-25,15,38633.0
6908,31,72,2023-04-04,3,298994.0
6909,2,124,2023-08-28,2,7540.0
6910,44,51,2023-06-15,9,548559.45
6911,15,140,2024-05-07,1,3135.0
6912,11,92,2024-02-05,8,710833.0
6913,37,77,2024-11-17,6,254816.6
6914,16,107,2023-03-16,8,11501.65
6915,2,82,2023-09-26,4,196209.2
6916,4,130,2024-05-30,7,27558.55
6917,13,13,2023-11-30,1,7359.65
6918,1,103,2023-04-13,13,23259.0
6919,4,140,2024-04-04,10,31346.0
6920,20,91,2024-11-22,1,128141.7
6921,10,64,2023-07-21,7,741512.05
6922,16,44,2024-04-28,3,32421.0
6923,9,71,2024-10-19,5,618326.5
6924,31,1,2023-05-26,3,99368.0
6925,29,147,2023-12-22,3,9090.0
6926,15,82,2024-12-07,14,722877.0
6927,15,136,2024-10-27,12,23682.0
6928,7,10,2024-08-20,13,416430.0
6929,11,101,2024-12-03,13,6024.0
6930,34,102,2024-11-13,13,10275.2
6931,47,118,2024-01-12,6,24596.45
6932,44,149,2023-08-31,2,2327.0
6933,26,134,2023-03-05,3,14153.0
6934,49,104,2024-08-06,2,7054.7
6935,16,96,2024-07-08,8,564967.0
6936,45,46,2023-01-27,3,14203.45
6937,33,81,2024-05-06,11,1276451.35
6938,46,11,2023-03-04,14,507247.0
6939,10,103,2024-02-21,3,5368.0
6940,32,149,2023-07-18,8,8843.55
6941,4,2,2023-06-16,13,172877.2
6942,34,94,2023-02-28,11,448259.0
6943,4,29,2024-02-04,15,547655.0
6944,16,116,2024-04-12,9,23180.0
6945,40,132,2023-04-06,14,20787.9
6946,7,79,2024-07-27,1,62839.65
6947,19,1,2023-12-01,7,220265.1
6948,41,28,2024-06-23,12,171103.0
6949,32,17,2023-05-11,3,40010.2
6950,1,86,2024-08-24,12,1066164.1
6951,6,124,2024-10-26,3,11310.0
6952,9,80,2023-07-11,1,122762.8
6953,10,127,2023-04-03,5,7747.0
6954,5,129,2023-07-25,14,45727.0
6955,48,134,2024-03-04,12,56611.0
6956,44,32,2024-03-07,7,87517.0
6957,9,5,2024-10-25,11,247341.05
6958,34,41,2024-10-18,7,74200.0
6959,7,81,2024-08-19,3,348122.75
6960,42,22,2023-07-14,6,236717.0
6961,25,77,2024-10-22,12,536456.0
6962,46,5,2023-05-18,8,179884.4
6963,17,85,2024-08-12,8,293198.5
6964,30,86,2023-05-25,8,710775.75
6965,3,11,2023-04-08,15,543479.0
6966,28,74,2023-03-01,15,1298378.0
6967,6,15,2024-04-24,13,344562.15
6968,44,118,2023-03-31,1,4099.25
6969,19,63,2024-12-09,8,1119661.0
6970,5,79,2023-04-21,8,529175.0
6971,36,36,2024-10-30,4,85885.7
6972,20,140,2024-04-01,11,34480.0
6973,16,23,2023-04-18,14,148675.95
6974,43,5,2024-06-11,4,89942.2
6975,30,4,2024-11-26,4,13528.0
6976,22,30,2024-03-22,7,214448.25
6977,42,64,2024-10-19,3,317791.15
6978,7,15,2024-12-07,12,318057.15
6979,6,26,2024-11-28,6,103699.0
6980,36,77,2024-10-20,11,467163.45
6981,35,72,2024-12-27,7,697652.0
6982,15,9,2024-04-16,4,150880.9
6983,37,66,2023-09-02,5,62858.0
6984,40,147,2023-08-31,2,5757.0
6985,24,52,2023-05-05,13,169245.35
6986,1,102,2023-12-13,7,5532.8
6987,45,7,2024-03-05,8,148342.5
6988,36,106,2023-06-25,5,20827.8
6989,3,2,2024-12-07,12,159579.1
6990,44,92,2023-04-26,3,266562.0
6991,5,93,2023-09-22,8,803816.0
6992,34,43,2023-08-05,9,315872.0
6993,23,98,2023-04-28,7,555528.0
6994,18,141,2023-12-13,7,31799.35
6995,39,120,2024-10-21,15,46867.0
6996,41,15,2023-11-28,3,79514.05
6997,20,87,2023-05-16,7,444618.05
6998,2,35,2023-04-07,14,146373.15
6999,22,98,2023-11-28,13,980110.25
7000,23,122,2024-09-06,5,6281.4
7001,31,145,2024-04-25,4,16529.05
7002,1,134,2023-05-05,10,47176.0
7003,32,147,2024-01-20,4,11514.0
7004,18,107,2023-04-19,15,22701.0
7005,2,71,2024-01-21,4,494661.2
7006,13,127,2023-03-25,10,15494.0
7007,20,34,2024-05-09,1,4918.0
7008,28,145,2023-10-18,8,33059.05
7009,39,46,2023-11-23,12,59805.0
7010,1,57,2024-04-26,13,1467063.15
7011,22,64,2023-02-24,7,780539.0
7012,37,71,2024-11-05,7,865657.1
7013,18,1,2023-02-10,14,440529.25
7014,34,97,2024-10-06,5,676675.0
7015,18,19,2024-10-19,14,218550.35
7016,6,69,2023-06-12,9,407385.0
7017,47,149,2023-02-05,8,9309.0
7018,44,64,2023-08-03,15,1588953.85
7019,26,126,2023-05-29,9,22889.3
7020,37,98,2023-04-12,5,396806.0
7021,8,127,2023-05-15,13,20142.0
7022,5,144,2023-05-02,11,23138.2
7023,20,127,2023-02-21,2,3099.0
7024,21,16,2024-10-14,14,399079.8
7025,10,28,2023-08-10,6,81273.45
7026,3,90,2024-03-08,5,375712.65
7027,28,50,2024-04-12,6,67656.0
7028,10,4,2024-05-09,10,32128.05
7029,18,34,2024-09-29,13,60731.6
7030,21,51,2023-03-11,2,121902.1
7031,25,35,2023-04-03,8,83641.8
7033,26,146,2023-03-18,15,7068.0
7034,14,124,2024-07-06,4,14326.0
7035,27,106,2023-12-30,12,52618.0
7036,30,11,2024-01-02,8,275362.25
7037,37,83,2024-06-09,10,1348039.0
7038,8,14,2024-01-17,11,374225.9
7039,35,27,2023-10-04,2,33023.0
7040,33,22,2024-03-02,6,224881.15
7041,4,39,2024-10-12,10,281511.6
7042,38,72,2023-11-10,4,378726.05
7043,7,52,2023-06-17,6,82225.0
7044,14,79,2023-02-11,4,264587.0
7045,10,130,2024-03-31,7,27558.55
7046,17,146,2024-05-18,8,3769.6
7047,37,142,2024-03-31,15,12396.0
7048,18,64,2024-01-26,3,334517.0
7049,12,82,2024-11-18,9,441470.7
7050,39,27,2023-08-22,1,16511.0
7051,38,77,2024-11-30,15,670570.0
7052,29,88,2024-02-22,6,290019.0
7053,16,132,2024-04-24,14,21882.0
7054,13,20,2023-03-17,8,234334.6
7055,49,36,2024-06-07,13,293818.0
7056,26,119,2023-07-22,15,48837.0
7057,34,144,2024-07-28,3,6642.0
7058,37,15,2023-05-31,4,111599.0
7059,20,138,2023-08-11,15,59608.7
7060,32,100,2024-10-10,13,1291812.85
7061,49,25,2024-07-02,5,60632.0
7062,3,24,2024-02-10,11,255554.0
7063,33,88,2023-11-09,3,137758.55
7064,36,35,2024-01-05,11,115007.95
7065,35,143,2024-04-13,14,62110.0
7066,24,118,2023-04-28,10,43151.0
7067,10,20,2023-06-24,3,92500.0
7068,33,88,2024-02-06,2,96673.0
7069,48,110,2024-04-18,3,7487.0
7070,38,27,2023-05-16,9,141172.85
7071,33,136,2024-04-05,8,14998.6
7072,13,142,2023-03-03,6,4958.0
7073,22,128,2023-09-08,3,13254.4
7074,39,89,2023-08-21,6,472068.0
7075,44,144,2023-06-24,14,29448.1
7076,49,95,2024-12-07,2,139616.0
7077,11,4,2024-08-13,13,43964.0
7078,26,129,2023-04-17,1,3266.0
7079,26,29,2023-02-04,11,381533.3
7080,24,112,2024-04-13,15,31078.3
7081,42,29,2023-12-07,3,104054.45
7082,41,140,2023-02-01,6,17866.65
7083,24,100,2024-12-20,2,198740.0
7084,28,112,2024-11-03,6,13086.0
7085,43,84,2024-11-22,8,330021.45
7086,27,91,2024-07-17,8,1079088.0
7087,38,19,2024-04-10,12,187328.6
7088,38,45,2024-12-19,7,69326.0
7089,27,7,2023-06-26,12,234225.0
7090,13,11,2023-04-26,13,471015.0
7091,3,32,2024-09-17,4,50010.0
7092,14,48,2024-03-02,13,191573.0
7093,6,72,2023-02-10,14,1395305.0
7094,23,95,2024-02-07,9,596858.4
7095,17,2,2024-09-04,15,199473.4
7096,16,108,2023-02-23,14,44496.1
7097,30,6,2024-12-31,8,94562.0
7098,40,53,2023-12-22,4,203965.0
7099,7,71,2024-09-24,10,1301741.0
7100,35,67,2023-08-24,4,325998.2
7101,45,16,2023-12-09,8,240048.0
7102,31,67,2024-07-26,1,85789.0
7103,47,141,2023-09-14,11,52600.0
7104,27,150,2023-08-28,6,9380.3
7105,39,108,2024-08-17,14,44496.1
7106,15,61,2023-09-06,2,53235.15
7107,45,24,2023-09-12,15,331058.85
7108,7,148,2023-03-13,9,43070.0
7109,21,114,2023-04-21,11,8792.0
7110,14,80,2023-10-30,5,646119.0
7111,47,80,2024-04-03,12,1473151.7
7112,33,15,2024-10-05,8,212038.1
7113,15,124,2024-02-05,15,56549.0
7114,23,76,2023-10-01,2,296396.0
7115,27,69,2024-12-26,13,588445.0
7116,9,20,2023-10-18,8,234334.6
7117,20,98,2023-03-08,13,1031695.0
7118,28,98,2023-01-07,11,829323.4
7119,29,88,2024-11-07,11,505115.95
7120,17,15,2024-07-28,8,212038.1
7121,1,4,2023-07-31,10,32128.05
7122,28,90,2023-06-06,5,375712.65
7123,46,62,2024-08-30,14,1359552.6
7124,33,8,2023-06-06,15,74762.0
7125,32,62,2023-06-13,14,1431108.0
7126,32,17,2024-08-29,14,196543.0
7127,15,48,2023-04-22,4,55997.75
7128,2,90,2023-04-08,13,976851.75
7129,16,42,2024-02-03,2,11986.0
7130,22,64,2023-10-01,14,1561078.0
7131,31,1,2024-08-09,9,283197.85
7132,45,40,2023-12-11,1,14184.0
7133,8,56,2024-03-04,3,122517.7
7134,14,43,2024-01-04,3,105291.0
7135,27,26,2024-02-11,5,82095.2
7136,15,120,2023-11-09,12,35619.3
7137,8,139,2024-12-21,4,5415.0
7138,33,27,2024-04-01,2,33023.0
7139,47,43,2024-03-29,14,466788.2
7140,49,141,2023-08-25,7,31799.35
7141,34,35,2024-09-14,7,77039.0
7142,3,43,2023-10-10,3,100026.45
7143,10,11,2024-05-26,7,253623.0
7144,27,38,2024-01-02,6,150828.65
7145,10,39,2023-02-08,3,88898.0
7146,41,63,2024-02-07,5,699788.0
7147,33,132,2024-03-18,2,2969.7
7148,24,122,2023-12-13,11,13819.65
7149,4,55,2024-10-02,4,439949.0
7150,1,44,2024-01-24,3,32421.0
7151,35,80,2024-08-12,3,387672.0
7152,10,91,2024-08-07,13,1753518.0
7153,24,100,2024-01-16,12,1255203.0
7154,23,6,2024-07-08,7,78603.95
7155,26,118,2024-04-05,3,12945.0
7156,29,91,2023-07-20,5,674430.0
7157,4,131,2023-02-28,2,1830.65
7158,24,102,2024-04-05,15,12480.0
7159,49,69,2023-09-19,8,344014.0
7160,18,97,2024-09-09,15,2030026.0
7161,43,65,2024-02-27,4,102231.0
7162,16,132,2024-12-22,14,20787.9
7163,43,37,2023-07-31,4,23057.45
7164,28,109,2024-12-01,5,2958.3
7165,16,14,2023-11-07,5,170102.25
7166,7,107,2024-04-20,8,12107.0
7167,42,135,2023-02-11,10,16445.0
7168,45,80,2023-12-03,1,129224.0
7169,33,48,2024-02-19,7,103154.0
7170,15,52,2023-07-18,10,130188.95
7171,1,39,2024-09-08,4,112604.45
7172,48,68,2024-11-04,14,936559.0
7173,46,17,2023-03-20,2,28078.0
7174,11,15,2024-01-15,8,212038.1
7175,2,20,2023-01-11,9,277501.0
7176,13,137,2024-07-12,7,23698.0
7177,11,132,2023-10-05,12,18756.0
7178,22,123,2024-04-26,10,26382.45
7179,40,22,2024-04-08,14,552340.0
7181,23,136,2023-12-12,7,13123.3
7182,32,146,2024-03-21,5,2480.0
7183,47,71,2023-12-04,2,247330.6
7184,32,64,2024-02-02,1,111506.0
7185,48,125,2024-08-17,11,37423.0
7186,38,10,2023-09-29,13,416430.0
7187,14,29,2023-12-05,1,36510.0
7188,38,99,2023-09-18,9,917130.0
7189,45,8,2023-05-14,10,47349.9
7190,35,80,2023-12-02,10,1227626.1
7191,17,5,2024-08-03,10,236690.0
7192,26,145,2023-07-22,7,28926.55
7193,2,26,2023-11-14,9,147771.55
7194,20,13,2023-02-15,2,14719.3
7195,40,2,2024-04-28,1,13298.1
7196,2,66,2023-01-28,12,150860.0
7197,41,117,2024-08-03,12,46774.2
7198,25,113,2024-02-27,11,48345.0
7199,12,113,2023-05-09,3,13185.0
7200,7,95,2023-08-20,3,198952.8
7201,11,134,2024-04-11,13,58262.55
7202,32,82,2023-08-19,1,51634.0
7203,24,53,2023-12-04,15,805125.0
7204,7,2,2023-07-22,2,26596.2
7205,15,70,2023-10-11,8,274843.0
7206,5,60,2023-06-18,4,413253.8
7207,11,26,2024-09-22,15,246285.6
7208,43,142,2023-08-28,7,5785.0
7209,27,41,2024-10-03,7,74200.0
7210,43,3,2024-05-10,15,128594.85
7211,10,144,2024-06-21,3,6309.9
7212,3,118,2023-05-31,13,56096.0
7213,13,53,2023-02-17,14,751450.0
7214,22,16,2023-12-10,13,370574.1
7215,36,51,2023-07-31,6,365706.3
7216,37,2,2023-01-17,5,66491.45
7217,33,77,2024-10-15,9,382224.9
7218,39,88,2023-01-13,7,321437.25
7219,30,141,2023-10-29,6,28691.0
7220,37,25,2024-09-08,6,69121.05
7221,49,88,2023-12-26,13,596955.3
7222,42,112,2023-04-23,3,6215.85
7223,16,77,2023-10-28,2,89409.0
7224,38,79,2024-10-06,9,595322.0
7225,18,131,2024-03-07,9,8672.0
7226,24,26,2023-03-01,1,17283.0
7227,46,4,2023-01-16,1,3212.9
7228,22,33,2024-05-13,2,12760.4
7229,30,89,2024-03-23,13,971674.25
7230,9,99,2023-11-24,8,815226.35
7231,26,132,2023-03-04,2,2969.7
7232,25,34,2024-04-01,9,42045.1
7233,16,127,2023-05-20,3,4415.6
7234,30,60,2023-07-15,8,870009.0
7235,5,122,2023-03-03,1,1322.0
7236,43,28,2023-04-06,13,185361.0
7237,7,121,2023-03-04,13,45624.7
7238,1,144,2024-09-09,10,22141.0
7239,6,28,2023-07-31,14,189639.0
7240,33,124,2023-10-24,6,21489.0
7241,10,125,2024-06-06,6,20412.0
7242,8,57,2023-09-30,6,677105.85
7243,46,110,2023-02-05,13,32442.0
7244,17,119,2024-10-14,9,29302.0
7245,37,17,2023-05-20,15,200052.9
7246,4,85,2024-02-27,12,462944.0
7247,43,88,2024-10-12,15,688794.65
7248,5,25,2024-02-21,3,34560.05
7249,39,111,2024-11-01,2,8141.5
7250,2,71,2024-05-02,8,1041392.0
7251,14,104,2024-04-30,5,18565.0
7252,36,66,2024-12-03,14,167202.85
7253,46,64,2024-11-16,14,1561078.0
7254,26,36,2024-10-30,13,293818.0
7256,48,73,2023-09-28,2,286320.0
7257,35,20,2024-10-01,12,351500.95
7258,19,35,2023-12-09,5,55028.0
7259,44,74,2023-05-07,15,1298378.0
7260,11,112,2024-04-02,2,4362.0
7261,22,94,2023-02-06,13,529761.0
7262,5,103,2024-08-09,13,22096.05
7263,35,103,2023-05-20,4,6799.15
7264,9,108,2024-09-29,8,25425.8
7265,36,89,2024-06-16,8,597952.8
7266,31,100,2024-06-24,1,99370.0
7267,35,24,2024-10-04,9,198635.5
7268,7,142,2024-02-08,13,10743.0
7269,5,6,2023-10-03,4,44916.95
7270,6,100,2024-04-22,14,1391182.85
7271,5,141,2023-08-07,4,19127.0
7272,45,108,2024-04-12,14,44496.1
7273,35,51,2024-06-05,14,898226.0
7274,38,123,2024-02-02,11,30548.0
7275,32,69,2024-07-27,7,316855.0
7276,32,78,2023-10-02,3,347020.75
7277,26,4,2024-05-19,1,3212.9
7278,36,105,2024-03-01,10,3095.0
7279,13,33,2024-01-07,15,100737.0
7280,24,48,2023-09-28,15,209992.75
7281,17,50,2024-06-17,2,21424.4
7282,16,129,2024-08-06,2,6205.4
7283,9,84,2024-02-04,7,288768.65
7284,20,126,2024-07-08,11,29448.0
7285,40,30,2024-02-25,7,225735.0
7286,48,106,2024-07-12,1,4385.0
7287,10,26,2024-01-07,7,120982.0
7288,47,43,2024-09-25,7,245678.0
7289,49,74,2023-04-21,11,952144.0
7290,37,128,2024-11-04,6,26508.8
7291,37,125,2023-08-23,12,38783.75
7292,29,84,2023-09-08,4,165011.2
7293,28,50,2024-07-21,11,124036.0
7294,38,140,2024-02-25,15,47019.0
7295,47,66,2023-05-20,12,143317.0
7296,16,67,2024-04-25,1,81499.55
7297,48,122,2023-08-12,14,18515.0
7298,3,2,2023-05-31,12,167978.0
7299,3,138,2024-09-23,7,29281.0
7300,22,132,2024-08-08,13,19303.05
7301,9,114,2023-10-03,6,4556.2
7302,30,75,2024-05-02,13,404689.55
7303,25,110,2024-07-22,14,34937.0
7304,27,150,2023-12-27,14,21887.05
7305,46,93,2023-03-10,1,100477.0
7307,37,117,2023-05-27,8,32824.0
7308,4,38,2023-08-29,11,276519.35
7309,27,22,2023-01-05,13,487242.65
7310,19,137,2024-01-02,9,28945.55
7311,7,26,2024-09-01,4,69133.0
7312,44,148,2024-01-23,10,45463.2
7313,25,112,2023-08-28,15,31078.3
7314,17,140,2023-02-13,6,17866.65
7315,3,30,2023-07-21,7,225735.0
7316,49,139,2023-02-19,12,17099.0
7317,46,91,2023-02-06,7,896991.9
7318,2,51,2024-07-31,14,853314.7
7319,2,104,2023-03-07,15,55695.0
7320,1,119,2023-11-03,8,24744.65
7321,11,150,2023-04-08,8,12506.75
7322,4,80,2024-04-28,11,1421462.0
7323,26,85,2024-12-13,8,293198.5
7324,29,41,2024-03-27,4,40280.0
7325,42,144,2023-09-01,1,2103.3
7326,2,39,2024-08-07,1,29633.0
7327,26,132,2023-08-06,6,8909.1
7328,48,69,2024-04-03,5,215008.75
7329,30,86,2023-04-08,12,1122278.0
7330,19,30,2023-05-26,1,30635.6
7331,9,126,2024-03-21,15,38148.2
7332,36,13,2023-07-05,9,69724.0
7333,13,120,2023-09-09,1,3124.0
7334,15,30,2023-03-30,11,336990.65
7335,43,139,2024-10-24,9,12182.8
7336,25,31,2023-10-06,11,91114.0
7337,18,136,2024-03-09,13,25656.0
7338,31,58,2024-10-18,12,1305895.0
7339,21,119,2024-04-29,7,21651.45
7340,8,30,2024-06-06,10,306355.05
7341,35,44,2023-01-09,9,92398.9
7342,30,13,2024-04-09,1,7359.65
7343,25,21,2023-08-03,7,61142.0
7344,22,97,2023-12-10,2,257136.5
7345,5,84,2023-04-30,5,217119.0
7346,34,124,2024-10-13,11,41469.0
7347,47,54,2023-11-16,15,1823022.0
7348,13,104,2024-07-16,1,3713.0
7349,33,144,2023-08-21,11,23138.2
7350,19,129,2023-02-21,14,45727.0
7351,47,113,2024-01-15,11,45927.75
7352,40,88,2023-05-08,7,338355.0
7353,44,75,2023-11-26,1,32768.0
7354,30,22,2023-03-13,8,315623.0
7355,48,108,2024-02-06,14,46838.0
7356,25,134,2023-06-19,9,40335.1
7357,5,56,2024-08-23,9,386899.0
7358,27,15,2024-06-22,6,159029.05
7359,30,60,2024-11-23,7,723195.1
7360,5,79,2023-02-28,7,463028.0
7361,11,89,2024-06-06,9,672696.9
7362,25,91,2024-04-28,7,944202.0
7363,43,68,2023-08-12,9,571970.3
7364,26,42,2023-11-25,2,11386.7
7365,19,142,2023-08-10,12,9421.15
7366,26,60,2023-01-18,2,206626.9
7367,16,17,2023-01-10,1,14039.0
7368,32,68,2024-11-27,8,508418.15
7369,14,91,2023-12-29,4,512566.8
7370,5,31,2023-01-12,9,74548.0
7371,32,96,2023-06-30,5,353104.0
7372,29,119,2024-03-02,1,3256.0
7373,6,149,2024-01-12,14,16291.0
7374,16,9,2024-07-27,1,37720.7
7375,7,57,2023-08-25,1,112851.45
7376,24,13,2023-05-19,3,23241.0
7377,1,102,2024-10-22,8,6656.0
7378,23,77,2024-09-20,3,134114.0
7379,2,61,2024-02-06,15,399265.05
7380,2,49,2023-07-08,14,185700.0
7381,20,25,2024-12-30,2,24253.0
7382,39,17,2023-08-17,13,182504.0
7383,5,141,2023-06-19,13,62163.0
7384,33,141,2023-09-06,5,22713.55
7385,19,29,2024-09-08,7,242793.4
7386,44,35,2024-11-01,15,156828.85
7387,24,33,2024-07-31,10,63800.1
7388,3,23,2024-04-15,13,145322.0
7389,3,124,2024-05-19,7,25070.5
7390,17,60,2024-02-17,5,543755.0
7391,43,16,2023-09-21,6,171034.2
7392,11,56,2024-12-19,6,257933.0
7393,49,145,2023-12-29,2,8700.0
7394,10,133,2024-12-23,1,1893.0
7395,4,19,2024-01-15,9,140496.45
7396,42,63,2023-04-24,13,1728477.5
7397,9,8,2024-10-15,13,61554.3
7398,27,71,2023-11-23,9,1171567.0
7399,47,110,2024-09-04,9,21337.0
7400,48,66,2024-02-08,6,75430.0
7401,17,100,2024-08-25,14,1464403.0
7402,23,101,2024-08-18,15,6951.0
7403,8,60,2024-11-22,10,1087511.0
7404,21,33,2023-11-15,11,73873.0
7405,47,68,2024-08-25,12,802765.0
7406,30,14,2024-04-25,6,214866.0
7407,13,59,2024-06-25,5,435831.0
7408,15,124,2024-07-02,14,52779.0
7409,13,45,2024-06-17,12,112902.75
7410,43,81,2023-12-31,2,232082.15
7412,7,54,2023-02-06,13,1579953.0
7413,48,9,2024-03-21,12,452642.7
7414,3,71,2024-09-16,15,1854980.45
7415,5,138,2023-07-01,4,16732.0
7416,34,121,2023-12-14,7,25860.0
7417,47,127,2023-12-17,5,7359.65
7418,10,12,2024-11-17,6,15539.15
7419,44,21,2023-06-22,3,24893.8
7420,33,135,2023-08-31,13,20310.05
7421,44,143,2024-07-24,12,53237.0
7422,21,25,2024-03-01,2,23040.35
7423,25,67,2023-08-02,15,1286836.0
7424,27,11,2024-07-22,14,507247.0
7425,3,48,2023-11-07,5,69997.9
7426,19,145,2024-10-22,1,4350.0
7427,15,42,2023-05-06,6,34159.15
7428,2,137,2024-05-02,9,28945.55
7429,32,67,2023-09-12,15,1286836.0
7430,7,109,2023-07-12,15,9340.0
7431,25,60,2024-01-28,5,543755.0
7432,34,31,2024-09-18,3,23606.55
7433,30,13,2024-11-07,3,22078.95
7434,15,45,2024-11-08,7,69326.0
7435,26,11,2024-06-10,2,72464.0
7436,26,59,2024-12-24,4,348665.0
7437,8,32,2024-11-23,5,59386.4
7438,7,14,2023-05-04,14,476287.25
7439,16,129,2024-11-29,8,26130.0
7440,25,116,2024-07-31,8,20604.0
7441,40,51,2024-10-14,1,60951.05
7442,31,108,2023-12-04,6,20073.0
7443,12,112,2024-04-05,6,12431.7
7444,18,103,2023-11-23,11,18696.95
7445,32,25,2024-01-06,2,23040.35
7446,5,86,2023-12-23,10,888469.45
7447,14,134,2024-06-01,3,13445.35
7448,48,103,2023-04-19,15,26838.0
7449,6,14,2023-12-25,3,107433.0
7450,19,126,2024-12-16,7,18739.0
7451,28,45,2023-04-04,2,18816.65
7452,23,48,2023-12-17,14,206309.0
7453,8,49,2024-05-18,14,185700.0
7454,40,117,2024-09-14,3,12309.0
7455,46,74,2024-12-19,15,1233459.1
7456,7,102,2023-07-20,6,4742.4
7457,1,146,2023-04-27,9,4240.8
7458,33,28,2023-10-19,4,54182.3
7460,28,51,2024-03-19,2,128318.0
7461,34,102,2023-10-03,5,3952.0
7462,7,86,2023-06-07,1,88846.85
7463,48,125,2024-12-22,12,38783.75
7464,14,100,2023-10-26,10,1046002.0
7465,24,124,2023-09-02,8,30159.0
7466,44,114,2024-08-10,8,6394.0
7467,35,119,2024-05-03,14,45581.0
7468,44,128,2024-02-28,6,27904.0
7469,32,117,2023-05-03,3,11693.55
7470,42,1,2024-08-01,12,377596.5
7471,39,89,2023-01-08,15,1121162.45
7472,13,84,2024-06-27,3,130272.0
7473,42,4,2023-08-07,10,33819.0
7474,16,82,2024-11-21,13,671243.0
7475,32,23,2024-03-14,4,42479.25
7476,1,41,2024-01-23,9,90630.0
7477,10,106,2024-01-21,10,41656.55
7478,44,79,2024-03-29,11,727615.0
7479,14,145,2023-02-01,4,17399.0
7480,45,122,2024-02-02,8,10051.0
7481,43,102,2023-04-25,3,2371.2
7482,7,6,2023-03-13,10,112291.9
7483,41,29,2024-02-02,6,208108.9
7484,21,3,2023-07-03,4,36097.0
7485,46,1,2023-12-15,4,125865.5
7486,42,115,2024-04-17,14,11628.0
7487,16,27,2023-07-19,8,125487.4
7488,38,69,2023-06-09,15,678975.0
7489,37,35,2023-09-19,1,10455.7
7490,35,127,2024-05-11,15,23240.0
7491,10,35,2023-12-13,8,88044.0
7492,34,112,2024-05-28,8,16575.6
7493,27,37,2023-04-14,7,42474.0
7494,27,105,2023-11-03,5,1548.0
7495,24,68,2024-10-20,5,334486.0
7496,27,105,2023-01-31,5,1470.6
7497,40,40,2023-01-09,6,85104.0
7498,30,92,2023-06-13,15,1266171.4
7499,5,131,2024-10-11,2,1830.65
7500,19,128,2023-11-06,14,65110.0
7501,9,142,2023-01-07,2,1570.35
7502,10,22,2024-01-18,3,112441.05
7503,27,126,2023-01-21,4,10172.6
7504,24,105,2024-12-03,14,4117.3
7505,44,48,2023-07-14,2,27999.35
7506,20,111,2023-12-16,5,21426.0
7507,33,86,2024-04-20,6,561139.0
7508,37,139,2024-01-24,13,17596.85
7509,41,14,2024-02-10,5,170102.25
7510,48,107,2024-11-27,8,12107.0
7511,2,134,2024-09-22,14,62744.65
7512,41,84,2023-11-29,8,347391.0
7513,46,118,2024-06-13,1,4315.0
7514,5,141,2024-12-22,15,71727.0
7515,40,126,2024-01-13,2,5354.0
7516,21,23,2024-07-25,14,148675.95
7517,18,57,2024-12-03,12,1354212.65
7518,20,111,2024-10-15,13,52922.6
7519,18,27,2023-03-31,5,82557.0
7520,19,63,2024-09-22,1,132960.1
7521,4,139,2024-09-21,1,1353.75
7522,10,90,2024-12-29,13,1028265.0
7523,28,63,2023-03-19,6,839746.0
7524,49,121,2024-06-20,13,45624.7
7525,25,57,2023-03-14,9,1015659.25
7526,22,129,2024-07-17,12,39195.0
7527,13,37,2023-08-26,3,17292.85
7528,15,120,2024-04-04,6,18747.0
7529,13,99,2024-06-29,10,1019033.65
7530,15,94,2024-10-18,1,40751.0
7531,29,150,2024-11-05,13,20324.3
7532,33,146,2023-05-06,6,2976.0
7533,39,119,2023-04-02,11,34023.3
7534,42,29,2023-08-03,4,146041.0
7535,10,39,2024-04-22,10,281511.6
7536,10,36,2024-06-07,11,248615.0
7537,18,44,2023-07-07,11,112931.25
7538,28,108,2024-03-05,12,38139.65
7539,7,26,2024-04-17,9,147771.55
7540,36,62,2023-10-10,6,613332.0
7541,49,89,2023-03-16,12,896930.15
7542,18,67,2023-10-24,11,896496.0
7543,28,56,2024-05-04,7,285874.95
7544,38,111,2024-08-18,11,47138.0
7545,6,34,2023-06-19,7,32701.85
7546,35,27,2023-07-27,1,16511.0
7547,42,73,2024-09-29,6,858960.0
7548,42,4,2023-01-18,12,40583.0
7549,5,95,2023-03-25,8,530540.8
7550,30,146,2024-10-12,7,3298.4
7551,49,3,2023-08-09,10,90242.0
7552,41,80,2024-11-09,4,516895.0
7553,44,130,2024-01-21,15,59052.95
7554,16,116,2024-03-05,14,36057.0
7555,39,141,2024-05-15,10,45427.1
7556,11,9,2024-07-14,5,198528.0
7557,18,119,2023-02-24,4,13023.0
7558,37,13,2024-05-22,11,80957.1
7560,46,37,2024-05-22,15,91016.0
7561,20,1,2024-04-20,14,440529.25
7562,14,131,2024-08-09,3,2746.45
7563,49,87,2024-07-16,7,468019.0
7564,45,94,2023-01-03,14,570512.0
7565,4,126,2024-04-19,5,12715.75
7566,21,51,2023-11-03,15,962385.0
7567,8,7,2024-09-03,13,253744.0
7568,12,47,2024-07-26,4,23267.4
7569,9,57,2024-11-17,7,789957.3
7570,15,110,2023-07-11,12,29946.0
7571,43,51,2024-10-09,14,898226.0
7572,43,110,2024-07-27,3,7487.0
7573,19,19,2024-02-13,3,49297.0
7574,42,111,2024-03-25,8,32567.9
7575,20,67,2024-06-10,3,257367.0
7576,24,81,2023-08-13,12,1465782.0
7577,47,86,2024-06-30,6,533082.05
7578,11,67,2024-08-26,12,1029469.0
7579,6,22,2023-12-24,14,524723.0
7580,19,17,2023-01-14,11,154427.0
7581,4,35,2024-01-06,2,22011.0
7582,48,89,2023-01-05,6,472068.0
7583,7,6,2024-07-07,1,11229.0
7584,30,77,2023-05-06,10,424694.65
7585,27,90,2023-06-27,3,237292.0
7586,4,40,2023-09-23,10,141840.0
7587,44,149,2023-07-07,6,6632.9
7588,23,120,2024-06-26,13,38587.1
7589,25,124,2024-04-11,13,46558.55
7590,17,41,2024-01-12,4,40280.0
7591,3,114,2024-12-15,15,11389.55
7592,40,120,2023-11-25,11,34369.0
7593,40,19,2023-02-13,12,197188.0
7594,29,116,2024-09-03,6,14680.35
7595,26,113,2024-02-18,8,35160.0
7596,25,73,2024-05-09,13,1861079.0
7597,37,132,2024-02-04,12,18756.0
7598,5,76,2024-09-17,2,281576.2
7599,36,105,2024-05-20,1,294.5
7600,49,121,2023-01-25,9,31585.6
7601,3,72,2023-12-25,14,1395305.0
7602,30,66,2024-08-19,1,12572.0
7603,20,28,2023-09-02,8,114068.0
7604,4,37,2023-09-01,4,24271.0
7605,33,97,2024-08-31,3,406005.0
7606,22,142,2024-07-06,12,9421.15
7607,7,53,2024-02-01,13,697775.0
7608,10,11,2024-08-19,13,447464.25
7609,33,32,2024-12-05,7,87517.0
7610,28,23,2023-08-03,5,53098.35
7611,12,66,2024-06-13,4,47772.65
7612,40,94,2024-05-17,8,326007.0
7613,24,25,2023-09-07,1,11519.7
7614,25,114,2024-01-06,13,10391.0
7615,35,119,2024-05-06,3,9767.0
7616,9,38,2024-06-04,13,326795.25
7617,47,144,2024-08-25,4,8857.0
7618,14,126,2024-05-03,3,7629.45
7619,30,65,2024-08-19,5,127788.0
7620,19,13,2024-05-25,3,22078.95
7621,36,12,2024-12-16,3,8179.0
7622,10,139,2023-10-07,13,18523.0
7623,28,136,2023-09-08,12,23682.0
7624,10,56,2024-04-10,5,204196.8
7625,39,4,2023-06-22,15,48191.6
7626,5,119,2023-05-28,6,18558.25
7627,12,5,2024-08-16,15,337283.25
7628,21,116,2023-08-02,2,4893.45
7629,16,146,2023-09-06,7,3298.4
7630,28,145,2024-01-27,14,57853.1
7631,30,35,2023-09-28,3,31366.15
7632,8,109,2023-02-10,11,6850.0
7633,48,122,2023-03-13,1,1322.0
7634,26,150,2024-10-21,14,21887.05
7635,41,127,2023-06-08,8,11775.25
7636,22,103,2023-10-19,14,23796.55
7637,27,148,2023-05-07,7,31824.05
7638,1,82,2023-07-03,1,51634.0
7639,6,67,2024-04-16,10,857890.0
7640,16,74,2023-05-20,10,865586.0
7641,22,20,2023-04-16,1,29291.35
7642,38,9,2023-08-09,15,565802.9
7643,28,65,2023-11-28,14,357808.0
7644,2,144,2024-05-16,1,2103.3
7645,27,79,2023-08-16,10,628394.6
7646,27,115,2023-05-07,5,4153.0
7647,43,12,2024-03-11,3,8179.0
7648,6,81,2024-08-18,2,232082.15
7649,49,18,2023-05-03,5,132862.0
7650,20,89,2024-09-10,9,708102.0
7651,48,34,2024-04-22,6,29505.0
7652,38,35,2023-05-16,6,62731.35
7653,18,97,2024-09-17,7,899977.75
7654,4,62,2024-03-01,12,1226664.0
7655,9,81,2023-08-25,12,1465782.0
7656,21,143,2023-08-08,1,4214.2
7657,30,120,2024-04-14,11,34369.0
7658,20,106,2023-10-14,1,4385.0
7659,18,113,2023-06-11,6,25051.5
7660,36,5,2023-01-30,14,331366.0
7661,13,137,2024-05-26,11,35378.0
7662,10,97,2024-04-01,2,270670.0
7663,30,137,2024-10-18,15,48242.9
7664,49,95,2023-11-18,10,663176.0
7665,34,27,2023-04-22,2,33023.0
7666,9,54,2024-01-22,6,692748.55
7667,22,44,2023-09-12,4,41065.65
7668,32,18,2023-10-05,1,26572.0
7669,9,70,2023-11-12,8,274843.0
7670,18,38,2024-09-27,3,75413.85
7671,2,101,2023-04-02,4,1854.0
7672,33,89,2023-09-05,9,672696.9
7673,47,78,2024-08-13,5,608808.0
7674,18,76,2023-12-15,9,1333784.0
7675,22,3,2024-07-14,15,135363.0
7676,23,138,2024-11-08,3,12549.0
7677,11,61,2023-04-01,13,364242.0
7678,41,83,2024-04-29,10,1280637.05
7679,28,139,2024-03-03,10,13536.55
7680,25,143,2024-03-09,14,62110.0
7681,49,62,2023-03-24,14,1359552.6
7682,33,41,2023-03-05,11,116600.0
7683,14,104,2023-03-02,13,48269.0
7684,46,146,2024-02-04,13,6125.6
7685,11,98,2024-08-13,12,952334.0
7686,11,114,2023-09-22,5,3996.0
7687,29,120,2023-02-02,2,6249.0
7688,11,6,2023-09-05,15,177303.0
7689,10,116,2024-01-05,8,20604.0
7690,23,138,2024-02-25,3,11921.55
7691,49,13,2023-02-11,13,95676.4
7692,1,13,2024-08-25,5,36799.2
7693,23,38,2024-10-12,9,238150.0
7694,46,78,2024-08-15,4,487046.0
7695,26,55,2023-03-12,6,659923.0
7696,42,8,2024-09-06,2,9968.0
7697,23,120,2023-07-16,12,37494.0
7698,47,41,2023-05-14,14,140980.0
7699,47,5,2023-12-06,7,165683.0
7700,30,133,2023-12-18,8,15142.0
7701,5,108,2023-04-13,6,19069.35
7702,11,89,2024-06-18,3,236034.0
7703,11,33,2024-10-18,12,76559.55
7704,35,38,2024-03-04,3,79383.0
7705,9,94,2024-10-02,2,77426.9
7706,34,88,2023-07-03,8,386692.0
7707,4,115,2023-04-02,5,4153.0
7708,31,144,2024-03-18,8,17713.0
7709,35,145,2024-05-03,14,60898.0
7710,4,61,2024-09-13,13,364242.0
7711,38,149,2024-06-07,15,17454.0
7712,2,27,2023-01-16,3,49534.0
7713,36,57,2024-08-31,14,1663068.0
7714,30,34,2023-05-24,4,18686.5
7715,3,5,2024-06-13,6,142014.0
7716,41,36,2024-12-10,2,42942.85
7717,21,33,2023-06-17,2,12760.4
7718,34,126,2023-11-05,1,2543.15
7719,4,92,2023-09-09,1,84411.3
7720,1,38,2023-12-01,12,317534.0
7721,33,136,2023-08-23,1,1974.0
7722,33,103,2024-08-17,1,1699.55
7723,39,17,2023-05-04,15,200052.9
7724,20,46,2024-02-01,2,9968.0
7725,43,74,2024-02-20,14,1151229.0
7726,7,24,2024-11-11,7,162625.0
7727,7,19,2024-02-24,12,187328.6
7728,37,97,2023-07-03,4,514273.0
7729,12,84,2023-03-04,4,173696.0
7730,30,66,2023-10-04,10,125716.0
7731,47,141,2024-08-12,11,52600.0
7732,2,148,2024-08-30,6,28713.0
7733,18,17,2023-12-22,1,14039.0
7734,38,24,2024-03-21,5,116161.0
7735,38,127,2024-04-18,11,17043.0
7736,35,19,2024-12-13,5,82162.0
7737,25,144,2023-06-04,6,12620.75
7738,3,33,2024-04-26,1,6380.2
7739,15,42,2024-01-15,2,11986.0
7740,4,11,2023-01-23,10,362319.0
7741,9,138,2023-01-25,4,16732.0
7742,49,41,2023-04-19,14,140980.0
7743,28,13,2023-08-10,2,15494.0
7744,2,55,2023-04-18,6,626926.85
7745,29,42,2024-12-19,6,35957.0
7746,26,9,2023-06-28,14,555877.0
7747,36,17,2024-09-01,3,42116.0
7748,29,73,2023-05-30,8,1088015.05
7749,42,73,2024-02-21,3,429480.0
7750,15,42,2024-06-09,4,23971.0
7751,31,99,2024-12-15,7,750867.0
7752,41,29,2023-03-08,1,36510.0
7753,14,23,2024-10-26,1,10620.05
7754,16,118,2023-04-19,9,36894.2
7755,26,115,2023-11-23,9,7475.0
7756,14,12,2023-09-11,14,38167.0
7757,12,121,2024-10-18,12,44331.0
7758,17,98,2024-04-17,11,872972.0
7759,10,145,2023-05-24,1,4132.5
7760,11,8,2023-09-10,15,71023.9
7761,13,98,2023-10-21,3,238083.0
7762,45,96,2023-11-12,12,847450.0
7763,47,36,2023-10-16,11,236184.25
7764,8,85,2024-07-12,8,293198.5
7765,30,22,2023-01-01,2,74960.7
7766,34,54,2024-10-25,8,923665.05
7767,32,59,2023-03-12,9,745270.25
7768,24,150,2024-08-24,8,12506.75
7769,46,39,2023-03-31,15,444492.0
7770,34,72,2023-09-07,7,662769.4
7771,46,113,2023-12-10,2,8790.0
7772,34,98,2023-08-08,4,317445.0
7773,29,102,2023-02-24,12,9484.8
7774,13,96,2024-11-04,13,872167.45
7775,1,100,2024-01-10,7,732202.0
7776,10,113,2023-09-02,5,20876.25
7777,26,25,2023-02-01,11,126721.45
7778,23,130,2023-06-17,9,37297.0
7779,29,80,2023-10-03,1,129224.0
7780,34,30,2024-09-08,15,459532.1
7781,28,66,2023-01-31,8,100573.0
7782,18,97,2024-10-17,3,385704.75
7783,22,13,2023-07-03,10,77471.0
7784,41,27,2023-06-28,11,172544.7
7785,25,69,2023-07-13,15,678975.0
7786,16,87,2024-03-30,9,601739.0
7787,9,2,2024-02-26,8,106385.75
7788,30,95,2023-01-31,9,596858.4
7789,9,68,2024-10-20,4,267588.0
7790,38,39,2023-11-12,5,140755.8
7791,35,140,2023-03-03,13,38712.5
7792,11,38,2024-12-03,4,100552.75
7793,35,65,2023-02-04,2,51115.0
7794,8,85,2023-09-24,9,347208.0
7795,30,39,2024-06-18,1,28151.35
7796,30,50,2024-04-26,3,32136.6
7797,41,36,2023-03-19,12,271217.0
7798,36,110,2024-08-07,2,4741.45
7799,39,110,2023-04-25,7,17469.0
7800,26,30,2023-03-28,10,306355.05
7801,26,59,2024-09-04,8,697329.0
7802,30,19,2024-10-29,15,246485.0
7803,1,51,2023-04-20,13,834067.0
7804,37,115,2023-12-12,4,3155.9
7805,42,107,2023-10-31,1,1437.35
7806,38,141,2023-03-15,9,40884.2
7807,8,25,2023-08-10,12,145518.0
7808,13,90,2023-06-05,10,790973.0
7809,36,140,2024-05-29,15,44668.05
7810,9,11,2024-08-07,2,68840.8
7811,4,65,2024-08-20,1,25558.0
7812,27,91,2024-11-20,5,640708.5
7813,46,55,2024-11-23,11,1209859.0
7814,10,28,2024-11-13,7,99810.0
7815,22,56,2024-12-20,6,245036.35
7816,21,52,2023-04-22,6,82225.0
7817,18,79,2024-06-27,9,565555.9
7818,18,150,2023-11-02,5,8228.0
7819,26,23,2023-02-28,5,53098.35
7820,43,143,2024-08-08,5,22182.0
7821,18,5,2023-12-27,2,47338.0
7822,2,146,2024-05-23,7,3298.4
7823,25,78,2024-09-28,6,694040.55
7824,46,53,2024-04-29,4,214700.0
7825,24,106,2024-06-01,13,54152.85
7826,2,11,2023-12-13,11,378623.45
7827,23,22,2023-12-10,1,39453.0
7828,15,58,2023-10-16,3,310150.3
7829,43,20,2023-05-25,5,154167.0
7830,8,46,2023-12-14,3,14203.45
7831,5,2,2024-04-14,10,132982.9
7832,1,107,2024-12-30,9,12939.0
7833,14,89,2023-12-09,13,1022815.0
7834,24,54,2024-09-28,7,808206.8
7835,16,29,2024-07-12,5,173424.4
7836,42,18,2023-06-11,9,227194.4
7837,48,126,2023-06-18,10,25432.45
7838,20,27,2023-04-30,7,115580.0
7839,12,38,2024-04-26,1,26461.0
7840,20,75,2024-06-27,7,217910.05
7841,23,76,2023-06-06,10,1407882.9
7842,47,90,2023-03-22,9,676282.2
7843,32,93,2023-02-18,3,301431.0
7844,30,145,2024-07-11,9,37191.55
7845,6,83,2024-04-10,13,1664827.5
7846,19,86,2024-10-31,14,1243857.8
7847,2,108,2023-10-16,4,13382.0
7848,36,57,2023-07-16,14,1579914.6
7849,46,76,2024-06-19,4,563153.35
7850,36,45,2023-07-27,12,112902.75
7851,43,77,2024-03-16,11,491751.0
7852,5,18,2023-04-01,2,50487.75
7853,41,51,2024-07-03,15,962385.0
7854,14,36,2024-05-11,11,236184.25
7855,23,39,2024-01-16,10,296328.0
7856,37,115,2023-12-09,8,6645.0
7857,44,78,2023-08-02,14,1704662.0
7858,15,139,2024-04-09,7,9974.0
7859,24,128,2024-11-13,7,32555.0
7860,48,96,2023-05-09,5,353104.0
7861,5,76,2023-04-21,13,1830248.15
7862,12,35,2023-07-22,14,146373.15
7863,23,31,2024-08-07,2,16566.0
7864,15,136,2023-09-11,8,14998.6
7865,17,16,2024-10-08,1,30006.0
7866,47,11,2023-04-15,14,507247.0
7867,38,17,2023-05-13,10,140388.0
7868,29,104,2024-01-14,3,11139.0
7869,1,107,2024-05-06,4,5751.3
7870,15,27,2024-08-25,7,109801.0
7871,13,87,2024-09-22,11,698686.05
7872,25,25,2023-01-23,15,181897.0
7873,13,113,2023-07-20,4,16701.0
7874,15,92,2023-07-17,8,710833.0
7875,14,60,2024-06-20,12,1239762.35
7876,26,41,2023-02-26,10,106000.0
7877,27,118,2023-09-05,14,57391.4
7878,19,53,2023-01-22,14,713877.5
7879,8,137,2024-09-16,14,47397.0
7880,27,78,2024-08-03,9,1095854.0
7881,19,120,2024-02-11,9,28120.0
7882,49,6,2023-10-04,14,157208.85
7883,37,124,2024-04-04,13,49009.0
7884,41,133,2023-06-17,4,7571.0
7885,46,85,2024-06-03,13,476446.85
7886,40,28,2024-03-08,4,54182.3
7887,36,3,2023-11-29,3,25719.35
7888,27,20,2023-06-08,6,175750.95
7889,22,45,2023-11-17,2,18816.65
7890,9,12,2023-12-26,13,33668.0
7891,1,65,2024-04-16,14,339917.6
7892,12,53,2023-06-23,15,764868.75
7893,15,37,2024-09-08,15,91016.0
7894,33,69,2023-03-06,15,678975.0
7895,15,55,2023-03-23,13,1429834.0
7896,16,66,2023-10-05,11,138288.0
7897,35,30,2024-07-05,14,428896.5
7898,29,71,2023-02-25,6,741991.8
7899,41,78,2023-02-01,7,809714.45
7900,27,47,2023-11-23,1,6123.0
7901,10,23,2023-05-02,10,111786.0
7902,10,64,2023-01-16,14,1483024.1
7903,46,126,2023-08-08,3,7629.45
7904,23,131,2023-11-06,1,964.0
7905,41,71,2023-09-19,10,1236653.95
7906,20,31,2024-02-04,12,94427.15
7907,5,1,2023-06-04,9,298103.0
7908,18,14,2023-11-24,9,306185.0
7909,5,86,2023-12-20,15,1332704.65
7910,5,11,2024-11-23,14,507247.0
7911,20,134,2024-01-11,10,47176.0
7912,40,46,2024-12-05,5,24919.0
7913,35,115,2023-04-23,10,8306.0
7914,36,61,2023-01-12,3,79853.2
7915,3,113,2024-03-30,3,12525.75
7916,15,56,2023-02-20,12,490071.75
7917,26,35,2023-10-05,4,44022.0
7918,15,44,2024-12-16,12,129682.0
7919,9,148,2024-04-23,5,22731.6
7920,25,9,2023-02-12,12,476466.0
7921,48,114,2023-01-29,12,9591.0
7922,19,115,2024-10-18,5,3945.35
7923,26,72,2023-12-12,10,996646.0
7924,8,36,2024-04-01,9,203413.0
7925,2,49,2023-06-22,4,53057.0
7926,43,29,2023-12-09,3,104054.45
7927,17,53,2023-12-08,9,483075.0
7928,23,40,2024-01-07,12,170208.0
7929,12,20,2024-03-19,5,146458.65
7930,30,79,2024-07-22,15,942592.85
7931,41,104,2024-12-08,15,52910.25
7932,10,50,2023-12-20,6,67656.0
7933,37,129,2024-08-15,2,6532.0
7934,27,84,2023-07-28,4,173696.0
7935,32,84,2024-02-04,14,607934.0
7936,30,68,2024-05-22,5,317761.7
7937,24,122,2024-07-14,3,3967.0
7938,38,80,2024-03-08,7,859338.65
7939,20,52,2024-06-27,10,137041.0
7940,35,75,2023-11-15,15,491526.0
7941,44,80,2023-09-04,7,859338.65
7942,37,56,2023-05-16,5,204196.8
7943,7,145,2024-10-23,7,30449.0
7944,24,119,2024-09-10,15,46395.15
7945,32,76,2023-01-07,13,1830248.15
7946,24,132,2023-04-15,4,5939.4
7947,19,99,2023-12-22,9,965400.0
7948,17,126,2024-08-31,3,8031.0
7949,34,32,2024-02-18,13,154405.4
7950,8,84,2023-11-30,1,41252.8
7951,29,19,2023-01-19,6,98594.0
7952,1,60,2023-01-30,10,1033135.45
7953,32,140,2023-09-17,2,6269.0
7954,3,99,2023-05-12,11,1179933.0
7955,48,30,2024-02-15,2,61271.2
7956,28,27,2024-07-16,7,115580.0
7957,34,19,2024-05-21,7,109274.7
7958,31,1,2024-02-06,9,298103.0
7959,27,112,2023-12-02,12,24862.45
7960,29,85,2023-09-06,2,73299.15
7961,2,134,2024-06-11,15,70764.0
7962,1,106,2023-01-18,13,57003.0
7963,43,82,2023-02-18,13,671243.0
7964,29,133,2024-03-11,4,7571.0
7965,27,39,2024-01-07,13,365965.65
7966,9,33,2023-11-14,10,63800.1
7967,32,75,2024-03-22,11,360452.0
7968,19,26,2024-04-21,11,180609.25
7969,48,52,2023-11-08,6,78113.75
7970,32,50,2023-07-02,10,107122.0
7971,4,80,2024-01-12,7,904567.0
7972,43,100,2023-02-02,6,596220.95
7973,24,76,2023-02-22,9,1333784.0
7974,12,110,2024-06-05,14,34937.0
7975,9,108,2023-12-05,10,33456.0
7977,5,32,2023-07-21,5,62512.0
7978,49,47,2023-12-08,15,91844.0
7979,16,106,2024-11-06,4,17539.0
7980,4,125,2024-05-11,6,19391.4
7981,12,107,2024-02-04,11,16647.0
7982,41,32,2023-05-09,11,137527.0
7983,16,112,2023-05-23,3,6215.85
7984,13,79,2024-10-08,9,595322.0
7985,3,53,2023-08-16,4,203965.0
7986,33,45,2024-12-01,6,56450.9
7987,28,124,2023-06-11,12,45239.0
7988,3,44,2023-05-02,3,30799.95
7989,21,36,2023-06-24,13,293818.0
7990,38,61,2024-09-30,8,212941.55
7991,7,15,2024-06-15,15,397571.2
7992,20,60,2024-12-16,8,870009.0
7993,31,62,2024-12-21,3,306666.0
7994,2,77,2023-11-18,7,312933.0
7995,2,146,2024-01-03,5,2356.0
7996,2,119,2024-11-01,10,32558.0
7997,15,70,2024-02-04,10,343554.0
7998,31,149,2023-12-09,4,4654.0
7999,43,43,2024-04-10,8,266736.25
8000,41,12,2024-12-31,12,32714.0
8001,14,5,2024-09-04,10,224855.5
8002,1,37,2024-07-02,8,46114.9
8003,32,51,2024-11-21,11,670461.55
8004,1,84,2023-03-05,4,173696.0
8005,49,36,2023-12-01,11,248615.0
8006,29,61,2023-11-06,12,319412.8
8007,17,127,2024-06-10,8,11775.25
8008,9,73,2023-11-28,1,143160.0
8009,2,114,2023-01-05,1,799.0
8010,39,19,2023-03-25,12,187328.6
8011,42,36,2023-01-25,3,67804.0
8012,45,56,2023-01-13,12,490071.75
8013,41,117,2023-04-05,2,8206.0
8014,30,110,2023-08-02,8,19964.0
8015,25,49,2024-10-25,11,138611.65
8016,19,78,2023-11-11,10,1217616.0
8017,43,73,2023-12-10,15,2147399.0
8018,7,42,2024-12-23,9,53936.0
8019,13,56,2024-08-16,12,490071.75
8020,18,120,2024-10-29,11,34369.0
8021,22,58,2024-02-26,10,1033833.7
8022,6,27,2024-12-15,4,66046.0
8023,46,6,2023-01-18,12,141843.0
8024,26,71,2024-03-01,10,1236653.95
8025,18,140,2024-05-20,5,14889.35
8026,13,71,2024-05-02,1,123665.3
8027,44,116,2024-03-15,5,12234.1
8028,44,36,2024-12-03,1,21470.95
8029,34,74,2024-02-15,8,692468.0
8030,42,34,2024-11-04,1,4918.0
8031,8,93,2024-03-27,3,301431.0
8032,28,81,2024-12-21,12,1465782.0
8033,39,39,2024-02-10,11,309662.95
8034,15,123,2023-10-16,14,36935.05
8035,34,98,2023-09-02,4,317445.0
8036,31,51,2024-11-02,8,513272.0
8037,37,61,2023-11-13,1,26618.05
8038,11,85,2024-07-06,15,578680.0
8039,45,48,2023-09-01,9,132627.0
8040,4,101,2023-05-29,13,5722.8
8041,48,113,2024-12-31,7,30765.0
8042,23,9,2023-06-07,8,301761.8
8043,39,3,2023-11-25,11,99266.0
8044,45,45,2024-03-15,14,138652.0
8045,28,27,2023-02-02,8,132092.0
8046,45,100,2023-12-23,15,1569004.0
8047,22,139,2023-10-12,8,11399.0
8048,47,4,2024-08-15,11,35340.95
8049,14,127,2024-08-17,4,6197.0
8050,48,103,2024-11-23,13,22096.05
8051,32,65,2024-10-13,8,194238.9
8052,27,48,2023-05-29,9,132627.0
8053,20,56,2024-06-25,15,612590.4
8054,6,33,2023-09-12,2,12760.4
8055,22,71,2023-11-25,9,1171567.0
8056,17,28,2024-10-02,7,99810.0
8057,37,120,2024-08-07,5,15622.0
8058,32,77,2023-05-15,9,402342.0
8059,22,96,2023-08-13,7,494346.0
8060,2,130,2023-12-06,2,8288.0
8061,13,42,2024-04-26,8,47943.0
8062,43,150,2023-12-31,13,20324.3
8063,6,96,2024-03-17,15,1059313.0
8064,21,93,2023-03-08,1,100477.0
8065,36,85,2023-09-28,4,154315.0
8066,17,39,2024-03-12,10,281511.6
8067,20,14,2024-01-27,10,340205.45
8068,11,13,2023-06-10,5,38736.0
8069,4,126,2024-08-26,11,29448.0
8070,10,125,2023-01-19,12,38783.75
8071,49,25,2024-06-20,7,80640.75
8072,6,16,2023-02-02,10,300060.0
8073,19,65,2024-05-12,8,194238.9
8074,38,148,2024-06-30,14,63648.1
8075,24,74,2023-12-28,6,493383.45
8076,44,30,2024-06-22,9,275719.45
8077,38,108,2023-07-29,13,43492.0
8078,17,92,2024-03-28,10,844113.95
8079,46,137,2023-03-16,10,32162.25
8080,32,105,2023-09-09,2,619.0
8081,20,50,2024-11-09,3,32136.6
8082,46,91,2024-03-29,12,1537700.4
8083,49,27,2024-02-02,15,247672.0
8084,31,120,2023-09-10,3,9373.0
8085,1,109,2024-02-29,2,1245.0
8086,47,26,2023-07-31,8,138265.0
8087,20,91,2023-10-22,10,1348860.0
8089,15,53,2024-02-19,3,152973.75
8090,13,80,2023-11-27,5,646119.0
8091,30,109,2023-07-31,7,4359.0
8092,34,55,2023-01-02,8,879898.0
8093,13,73,2023-02-03,10,1360019.05
8094,40,80,2024-02-13,8,1033791.0
8095,27,122,2023-12-12,14,17589.25
8096,43,122,2023-04-19,3,3768.65
8097,34,128,2023-06-01,5,23254.0
8098,1,56,2024-05-26,5,204196.8
8099,7,104,2023-01-21,8,29704.0
8100,11,90,2023-07-16,8,601140.05
8101,13,94,2023-12-03,15,611263.0
8102,36,95,2024-09-07,6,397905.6
8103,14,50,2024-07-14,14,149970.8
8104,37,128,2024-07-26,2,8835.95
8105,28,115,2023-06-03,11,8679.2
8106,8,25,2023-08-31,8,92161.4
8107,37,1,2023-09-23,1,33123.0
8108,39,87,2024-01-30,15,1002898.0
8109,14,81,2023-11-26,4,488594.0
8110,47,55,2023-09-03,11,1209859.0
8111,20,82,2024-04-16,3,154902.0
8112,37,134,2024-09-09,11,51894.0
8113,10,8,2023-12-05,1,4734.8
8114,8,107,2024-06-09,11,16647.0
8115,23,48,2023-06-22,8,111996.45
8116,16,97,2024-06-29,1,135335.0
8117,43,33,2023-03-07,7,47010.0
8118,46,108,2023-07-25,5,16728.0
8119,1,35,2024-07-05,8,88044.0
8120,1,56,2024-10-08,13,530911.3
8121,26,58,2023-02-11,13,1414720.0
8122,22,112,2024-01-20,2,4362.0
8123,7,143,2024-03-23,11,46360.95
8124,4,71,2024-03-02,13,1607649.85
8125,44,111,2023-06-27,6,24425.45
8126,21,23,2023-11-08,14,156501.0
8127,8,127,2023-01-17,14,20606.45
8128,26,93,2023-08-29,9,859078.35
8129,29,1,2023-03-11,1,33123.0
8130,23,148,2024-08-27,9,40916.5
8131,27,143,2024-07-29,12,53237.0
8132,8,7,2023-01-25,11,214706.0
8133,46,11,2024-10-09,2,72464.0
8134,9,40,2023-12-07,1,13474.8
8135,21,51,2024-05-31,6,365706.3
8136,24,94,2023-08-20,10,407508.0
8137,17,77,2023-12-22,12,509633.2
8138,30,107,2024-09-22,3,4540.0
8139,26,80,2023-08-04,5,613813.05
8140,10,46,2023-11-11,3,14951.0
8141,29,105,2024-05-04,7,2058.65
8142,13,10,2023-01-26,9,273882.15
8143,4,62,2023-11-07,8,776887.2
8144,13,111,2024-08-21,13,52922.6
8145,41,27,2023-04-03,12,198137.0
8146,40,146,2024-03-17,1,471.2
8147,48,118,2024-09-17,15,61490.65
8148,25,40,2024-08-13,1,13474.8
8149,11,56,2024-09-05,7,285874.95
8150,48,23,2024-11-18,10,106196.7
8151,22,28,2023-07-21,9,128327.0
8152,43,18,2024-10-15,4,100975.5
8153,24,13,2024-03-16,13,100712.0
8154,40,12,2024-11-04,5,12949.45
8155,23,125,2023-07-13,2,6463.8
8156,46,83,2023-01-02,12,1617647.0
8157,22,56,2023-05-22,2,85978.0
8158,29,29,2024-10-04,3,109531.0
8159,9,95,2024-04-01,15,1047121.0
8160,37,12,2023-05-13,7,18128.85
8161,2,20,2023-11-12,4,117167.3
8162,16,85,2023-08-28,14,540102.0
8163,5,69,2023-03-25,5,215008.75
8164,47,55,2023-06-28,13,1358342.3
8165,18,4,2024-07-12,13,43964.0
8166,37,27,2023-07-29,14,231160.0
8167,27,104,2024-12-26,12,44556.0
8168,36,99,2024-05-04,11,1179933.0
8169,26,64,2023-02-09,15,1672583.0
8170,37,130,2024-09-06,10,41441.0
8171,19,3,2024-11-10,5,42864.95
8172,46,72,2023-03-01,12,1136177.2
8173,16,76,2023-12-25,9,1333784.0
8174,38,132,2024-05-27,4,5939.4
8175,28,27,2024-11-19,15,235288.4
8176,9,43,2024-03-23,15,526453.0
8177,26,115,2023-07-05,2,1577.95
8178,26,135,2023-06-22,7,11512.0
8179,1,20,2024-05-27,15,462502.0
8180,43,55,2023-10-12,10,1099872.0
8181,9,42,2023-02-24,3,17979.0
8182,5,115,2024-11-03,5,4153.0
8183,11,61,2024-08-08,9,239559.6
8184,27,80,2024-10-27,9,1104864.25
8185,32,124,2024-04-01,1,3581.5
8186,37,48,2024-11-24,2,29473.0
8187,45,69,2024-12-20,15,678975.0
8188,4,130,2024-03-08,2,8288.0
8189,41,148,2023-12-01,7,33499.0
8190,30,90,2023-07-28,10,751424.35
8191,25,126,2024-09-03,11,29448.0
8192,25,76,2024-12-30,1,140788.1
8193,1,20,2023-11-28,10,292917.3
8194,40,144,2024-07-08,15,33212.0
8195,11,133,2024-03-10,1,1893.0
8196,32,42,2024-12-26,5,28465.8
8197,31,35,2023-11-03,15,156828.85
8198,12,48,2024-03-27,4,55997.75
8199,38,92,2024-05-05,6,533125.0
8200,41,106,2024-02-09,10,43849.0
8201,33,140,2023-08-16,15,47019.0
8202,9,123,2024-02-14,9,24994.0
8203,35,67,2023-03-05,3,244498.65
8205,8,101,2023-06-16,14,6488.0
8206,16,110,2023-04-02,10,24955.0
8207,40,137,2023-03-16,9,30469.0
8208,47,47,2023-09-24,8,48984.0
8209,45,41,2024-06-30,10,106000.0
8210,2,49,2024-12-13,8,106114.0
8211,14,67,2023-01-01,3,257367.0
8212,29,47,2024-06-25,11,67353.0
8213,42,96,2023-05-05,12,805077.5
8214,8,38,2024-12-25,1,25137.95
8215,10,33,2023-09-09,15,100737.0
8216,39,114,2024-10-17,1,759.05
8217,29,148,2023-04-06,2,9571.0
8218,44,100,2024-06-27,15,1490553.8
8219,31,63,2024-06-07,2,279915.0
8220,8,63,2024-01-10,13,1728477.5
8221,41,29,2023-12-13,6,219062.0
8222,40,21,2023-08-06,11,91276.0
8223,32,147,2024-01-26,10,30301.0
8224,11,40,2024-01-23,1,13474.8
8225,21,15,2024-04-01,8,223198.0
8226,24,4,2024-09-08,11,35340.95
8227,1,60,2023-10-22,8,826508.55
8228,36,113,2024-07-25,12,52740.0
8229,1,120,2024-02-29,8,23746.2
8230,25,32,2023-01-05,13,162532.0
8231,6,138,2023-08-11,6,23843.1
8232,28,95,2024-11-02,2,132635.2
8233,49,99,2023-01-03,1,101903.65
8234,18,63,2024-09-29,4,531839.45
8235,5,114,2023-02-28,2,1599.0
8236,2,22,2023-10-13,6,224881.15
8237,49,74,2024-11-22,10,822306.7
8238,49,125,2023-03-10,3,10206.0
8239,28,103,2023-04-19,5,8946.0
8240,25,36,2023-04-06,8,171770.45
8241,22,86,2024-02-29,6,533082.05
8242,14,64,2023-11-28,11,1165232.95
8243,24,6,2024-03-29,7,82741.0
8244,21,2,2023-05-06,5,69991.0
8245,22,139,2023-09-05,1,1353.75
8246,38,90,2024-03-13,5,375712.65
8247,27,41,2023-06-26,8,84800.0
8248,3,90,2024-10-04,13,976851.75
8249,39,20,2024-11-16,13,400835.0
8250,34,140,2023-08-05,2,5955.55
8251,25,6,2023-11-11,2,23640.0
8252,4,129,2023-01-22,11,35928.0
8253,5,149,2024-05-21,10,11636.0
8254,8,119,2023-08-09,15,48837.0
8255,42,26,2024-10-08,5,86416.0
8256,12,11,2023-08-09,7,240941.85
8257,23,55,2023-03-11,1,104487.65
8258,1,53,2024-06-20,5,254956.25
8259,15,147,2023-06-29,12,34542.95
8260,24,24,2023-03-06,13,286917.1
8261,9,97,2024-07-11,6,771409.5
8262,38,149,2023-11-05,14,15476.45
8263,3,58,2023-09-10,11,1137216.5
8264,18,22,2023-08-12,1,37480.35
8265,30,44,2024-10-13,7,75648.0
8266,18,111,2024-05-19,6,25711.0
8267,9,112,2024-02-29,8,17448.0
8268,4,36,2024-09-27,13,279127.1
8269,34,136,2024-10-25,3,5920.0
8270,6,44,2024-11-22,12,123197.9
8271,49,126,2024-08-01,6,15258.9
8272,26,143,2024-02-17,5,21072.9
8273,48,98,2023-01-11,14,1111056.0
8274,43,11,2023-01-23,15,516305.05
8275,37,84,2023-11-22,9,371274.25
8276,41,48,2023-05-04,10,147364.0
8277,12,130,2023-06-17,9,35432.15
8278,5,39,2024-04-14,1,29633.0
8279,45,70,2024-09-07,4,130550.9
8280,5,41,2023-06-16,10,106000.0
8281,2,20,2023-05-27,6,185001.0
8282,20,14,2024-07-14,11,393922.0
8283,34,76,2023-09-23,8,1126306.7
8284,46,1,2023-12-22,9,298103.0
8285,26,78,2024-03-07,10,1156735.2
8286,6,115,2023-12-24,14,11046.6
8287,20,63,2023-04-07,2,279915.0
8288,14,124,2024-10-07,9,32232.55
8289,8,99,2023-07-15,9,917130.0
8290,5,105,2023-09-22,4,1176.1
8291,34,18,2024-12-25,14,372014.0
8292,35,140,2023-06-18,11,32756.0
8293,19,65,2024-07-20,4,97119.45
8294,16,146,2023-11-12,12,5952.0
8295,35,106,2024-06-20,13,57003.0
8296,36,101,2023-05-06,14,6488.0
8297,21,110,2024-01-29,7,17469.0
8298,18,39,2023-07-21,1,29633.0
8299,11,137,2024-08-31,3,10156.0
8300,48,65,2024-04-01,10,242798.15
8301,44,98,2023-04-17,8,603144.55
8302,13,7,2023-10-10,4,78075.0
8303,15,88,2024-05-22,7,338355.0
8304,26,85,2023-08-26,13,501523.0
8305,10,94,2024-11-19,12,489010.0
8306,21,2,2024-08-28,7,97987.0
8307,3,60,2023-02-06,4,435004.0
8308,15,34,2023-08-16,1,4672.1
8309,46,72,2024-01-07,10,996646.0
8310,1,73,2024-10-21,10,1360019.05
8311,16,71,2023-06-12,5,650870.0
8312,27,111,2024-02-29,12,48851.85
8313,34,127,2023-10-16,9,13944.0
8314,16,48,2023-03-18,11,153995.0
8315,9,55,2024-01-05,11,1149366.05
8316,4,72,2024-07-06,7,662769.4
8317,10,96,2023-06-03,15,1059313.0
8318,28,3,2024-05-13,2,17145.6
8319,3,99,2024-10-31,4,407613.65
8320,49,47,2023-11-29,5,29084.25
8321,46,48,2023-10-01,3,44209.0
8322,3,23,2024-11-05,9,95577.6
8323,9,106,2024-12-09,5,20827.8
8324,20,35,2024-08-07,14,146373.15
8325,5,44,2024-09-24,15,153997.85
8326,40,113,2024-10-08,11,48345.0
8327,12,106,2023-06-29,2,8770.0
8328,27,7,2024-11-27,6,117113.0
8329,6,61,2023-08-03,14,392261.0
8330,25,2,2023-08-31,7,93087.65
8331,27,71,2023-06-01,4,494661.2
8332,12,109,2023-03-20,6,3549.2
8333,28,82,2024-08-27,3,154902.0
8334,28,40,2023-05-01,3,42552.0
8335,38,53,2023-04-01,5,254956.25
8336,26,146,2023-12-06,5,2356.0
8337,10,37,2024-10-16,13,78880.0
8338,7,116,2024-10-08,12,29360.7
8339,15,43,2023-07-24,6,210581.0
8340,29,27,2023-01-21,6,94115.55
8341,20,5,2024-10-20,5,118345.0
8342,7,108,2023-04-22,7,22248.05
8343,14,20,2023-04-01,8,234334.6
8344,26,143,2023-06-01,2,8873.0
8345,22,147,2024-12-18,7,21211.0
8346,27,57,2024-06-21,6,677105.85
8347,37,41,2023-10-13,3,31800.0
8348,43,35,2023-05-25,15,165083.0
8349,41,61,2024-10-15,11,292794.75
8350,33,10,2023-05-30,2,60862.7
8351,32,52,2023-07-12,13,178153.0
8352,44,96,2023-02-07,2,141242.0
8353,14,121,2024-12-11,10,36943.0
8354,1,26,2024-07-05,9,147771.55
8355,37,132,2023-05-05,12,17818.2
8356,33,117,2023-02-14,5,19489.25
8357,24,66,2024-05-23,6,75430.0
8358,49,65,2023-10-04,2,51115.0
8359,44,150,2023-10-01,14,21887.05
8360,24,146,2023-07-08,11,5456.0
8361,21,59,2023-07-23,5,414039.45
8362,12,98,2024-04-18,7,555528.0
8363,47,48,2024-02-22,13,191573.0
8364,29,62,2024-09-27,13,1328886.0
8365,18,49,2023-05-15,7,88207.5
8366,48,101,2023-05-24,12,5561.0
8367,8,44,2023-03-29,3,30799.95
8368,5,31,2023-01-22,3,24849.0
8369,9,125,2024-09-03,5,17010.0
8370,10,56,2023-08-01,2,81679.1
8371,49,114,2024-12-27,10,7593.35
8372,41,35,2024-09-24,8,83641.8
8373,12,107,2023-10-28,14,21187.0
8374,24,126,2023-05-19,7,17802.05
8375,28,24,2024-09-18,14,325251.0
8376,2,92,2023-07-03,14,1181759.15
8377,2,101,2024-05-21,11,4842.15
8378,21,36,2023-03-01,15,339021.0
8379,17,89,2023-11-16,5,373720.5
8380,46,79,2024-08-15,15,942592.85
8381,16,66,2023-12-01,13,163431.0
8382,48,85,2023-05-24,10,366497.65
8383,47,127,2024-10-11,5,7747.0
8384,20,23,2023-11-15,10,106196.7
8385,45,116,2023-08-19,4,10302.0
8386,22,22,2024-04-01,1,39453.0
8387,43,6,2023-05-22,14,157208.85
8388,14,130,2023-04-22,10,41441.0
8389,44,39,2023-04-15,9,253360.25
8390,23,137,2023-05-02,9,30469.0
8391,22,92,2023-06-07,9,759702.65
8392,42,128,2023-07-08,14,61854.5
8393,15,111,2023-08-21,4,16283.95
8394,24,78,2023-05-27,2,231346.85
8395,31,56,2023-02-04,1,40839.55
8396,48,128,2023-12-04,8,37206.0
8397,31,36,2023-06-11,1,22601.0
8398,1,121,2023-08-06,9,31585.6
8399,40,115,2024-08-15,12,9967.0
8400,13,150,2024-01-30,5,7816.6
8401,35,45,2023-05-18,1,9408.8
8402,15,58,2024-08-23,8,870597.0
8403,41,10,2023-10-19,14,448463.0
8404,23,19,2023-07-17,7,115026.0
8405,48,73,2024-10-02,4,572640.0
8406,17,113,2023-11-21,12,52740.0
8407,44,69,2023-09-08,2,90530.0
8408,6,150,2023-01-29,10,15634.15
8409,7,15,2024-11-16,15,418496.0
8410,30,47,2023-09-15,6,34901.1
8411,19,20,2024-10-14,14,410084.6
8412,45,142,2023-05-14,3,2355.05
8413,43,121,2023-08-12,2,7019.55
8414,22,21,2023-12-15,14,116169.8
8415,28,118,2024-04-06,2,8630.0
8416,5,12,2023-11-22,2,5179.4
8417,47,59,2024-01-18,11,910886.6
8418,16,9,2024-03-16,8,301761.8
8419,24,84,2024-05-23,3,130272.0
8420,26,53,2024-11-02,11,590425.0
8421,42,35,2024-03-10,3,31366.15
8422,19,85,2023-11-19,10,366497.65
8423,37,144,2023-01-09,14,30998.0
8424,7,140,2024-07-29,14,41689.8
8425,25,64,2024-01-13,10,1115056.0
8426,5,39,2024-07-17,13,385227.0
8427,42,120,2024-01-14,6,17809.65
8428,27,127,2023-11-26,7,10302.75
8429,4,124,2023-01-13,12,42977.05
8430,8,67,2023-05-05,14,1140994.65
8431,2,140,2023-02-12,4,12538.0
8432,32,72,2023-10-01,2,189362.55
8433,46,42,2023-03-06,10,56931.6
8434,26,70,2023-01-20,9,309199.0
8435,29,71,2023-04-03,14,1822437.0
8436,5,53,2023-05-05,15,805125.0
8437,33,9,2024-09-06,4,150880.9
8438,9,15,2023-09-15,3,83699.0
8439,34,16,2023-04-26,6,171034.2
8440,19,38,2023-11-14,4,100552.75
8441,22,105,2024-06-11,12,3528.3
8442,37,65,2023-02-06,5,127788.0
8443,26,55,2024-01-05,8,835903.1
8444,46,9,2023-12-23,1,39706.0
8445,13,33,2023-07-26,13,87305.0
8446,39,127,2024-08-10,8,11775.25
8447,33,100,2024-05-31,9,941402.0
8448,21,8,2023-04-26,10,47349.9
8449,48,60,2023-09-17,10,1033135.45
8450,46,53,2024-07-08,11,560903.75
8451,45,109,2023-05-21,14,8282.1
8452,11,148,2024-12-07,1,4786.0
8453,7,11,2024-11-12,10,344203.05
8454,34,38,2024-08-25,9,238150.0
8456,34,89,2023-08-10,2,157356.0
8457,26,100,2023-08-31,2,198740.0
8458,13,39,2024-04-30,8,225209.85
8459,27,85,2024-11-03,3,115736.0
8460,45,106,2024-10-02,5,21924.0
8461,28,40,2023-02-05,14,188648.15
8462,9,21,2024-01-22,1,8298.25
8463,20,19,2023-07-15,12,197188.0
8464,27,12,2023-07-16,3,7770.05
8465,12,59,2023-08-09,5,435831.0
8466,13,22,2024-12-30,8,299841.85
8467,13,34,2023-05-12,10,49175.0
8468,37,94,2024-10-20,11,425846.05
8469,10,90,2023-12-13,7,553681.0
8470,33,94,2024-02-07,14,541986.4
8471,27,4,2024-05-25,15,50728.0
8472,23,30,2024-10-23,1,32248.0
8473,35,124,2024-06-13,7,25070.5
8474,16,98,2024-04-30,5,376965.7
8475,25,43,2024-09-30,15,500130.35
8476,47,22,2024-06-27,12,449762.3
8477,46,29,2024-02-04,14,485587.75
8478,29,70,2023-11-17,2,68711.0
8479,4,30,2023-01-21,1,30635.6
8480,8,17,2024-08-08,12,160041.75
8481,29,87,2023-10-05,6,401159.0
8482,33,104,2023-04-14,9,33417.0
8483,23,127,2023-05-29,9,13246.8
8484,29,17,2023-09-30,7,93357.45
8485,31,36,2024-10-17,10,226014.0
8486,14,130,2023-05-21,4,15747.2
8487,19,117,2024-12-03,15,58467.75
8488,5,35,2023-05-17,15,165083.0
8489,48,116,2024-09-23,6,14680.35
8490,31,83,2023-12-08,9,1213235.0
8491,20,109,2024-03-17,10,6227.0
8492,15,110,2024-08-22,7,17469.0
8493,22,37,2023-05-30,13,74936.0
8494,26,3,2023-12-10,12,108290.0
8495,29,34,2024-12-15,8,39340.0
8496,17,46,2024-03-04,13,64789.0
8497,4,125,2023-04-14,7,22623.3
8498,24,136,2023-10-05,2,3749.65
8499,40,26,2024-03-30,5,86416.0
8500,44,4,2024-06-27,11,35340.95
8501,42,14,2024-02-29,13,442266.8
8502,20,145,2024-01-10,8,34799.0
8503,2,116,2024-06-11,3,7340.65
8504,29,118,2024-10-07,3,12297.75
8505,45,44,2024-02-13,11,118875.0
8506,4,91,2024-05-17,4,512566.8
8507,18,16,2023-04-27,5,150030.0
8508,12,23,2024-08-14,1,10620.05
8509,28,89,2024-02-10,8,597952.8
8510,25,52,2024-01-04,15,205562.0
8511,2,6,2023-09-15,9,101062.9
8512,25,77,2024-05-10,13,552102.95
8513,2,46,2023-08-31,12,59805.0
8514,44,72,2024-02-24,8,757451.15
8515,6,14,2023-03-31,1,34020.45
8516,10,136,2024-09-25,6,11841.0
8517,46,74,2024-06-30,1,82231.05
8518,34,33,2023-08-07,9,57419.9
8519,21,43,2024-06-24,6,210581.0
8520,49,1,2023-10-06,15,496838.0
8521,49,146,2023-01-06,7,3472.0
8522,4,80,2024-08-10,10,1292238.0
8523,6,140,2024-02-18,3,8933.8
8524,48,121,2024-08-01,8,29554.0
8525,36,15,2023-02-03,8,223198.0
8526,39,74,2023-03-15,9,779027.0
8527,19,36,2024-12-29,10,226014.0
8528,40,115,2024-03-30,14,11628.0
8529,33,10,2023-01-19,9,288297.0
8530,48,72,2024-08-18,7,662769.4
8531,8,23,2024-10-13,6,67072.0
8532,16,108,2023-02-13,10,31783.2
8533,36,111,2024-02-05,3,12213.2
8534,13,19,2023-03-07,9,140496.45
8535,46,131,2023-11-08,1,964.0
8536,33,42,2023-05-19,2,11986.0
8537,38,58,2024-04-29,13,1343984.0
8538,39,58,2023-03-30,1,103383.75
8539,8,27,2023-05-16,4,62743.7
8540,38,114,2023-11-12,7,5595.0
8541,49,114,2023-09-29,8,6074.3
8542,45,70,2024-07-12,4,137422.0
8543,12,131,2024-02-12,15,14454.0
8544,43,130,2024-07-11,7,27558.55
8545,47,112,2023-11-28,9,18647.55
8546,21,91,2023-07-20,11,1409558.7
8547,29,1,2023-11-19,14,463715.0
8548,38,43,2023-12-19,6,200051.95
8549,43,109,2024-05-30,6,3549.2
8550,19,1,2023-02-18,5,157332.35
8551,5,90,2023-09-13,14,1107363.0
8552,13,91,2024-04-13,1,134886.0
8553,48,135,2023-11-13,6,9867.0
8554,31,73,2023-09-01,12,1632023.05
8555,25,148,2023-07-21,7,33499.0
8556,3,82,2024-03-30,15,735785.45
8557,37,89,2024-07-01,1,78678.0
8558,38,13,2024-04-03,1,7359.65
8559,21,3,2024-07-17,8,68584.3
8560,48,142,2023-11-01,12,9917.0
8561,33,4,2024-08-03,7,23673.0
8562,25,135,2023-04-05,14,21871.85
8563,4,126,2024-01-13,15,40156.0
8564,45,47,2024-01-31,4,23267.4
8565,35,80,2024-12-28,9,1104864.25
8566,28,14,2023-04-25,3,102061.35
8567,2,138,2023-08-29,9,37647.0
8568,1,63,2024-10-18,14,1959407.0
8569,23,145,2024-03-01,9,39149.0
8570,43,126,2024-08-12,11,27975.6
8571,44,62,2023-04-01,8,776887.2
8572,1,35,2024-03-28,2,22011.0
8573,16,36,2024-06-04,1,21470.95
8574,38,145,2023-11-15,15,61985.6
8575,32,57,2024-07-20,2,237581.0
8576,32,24,2023-11-17,13,286917.1
8577,36,132,2024-07-31,5,7424.25
8578,31,55,2024-03-15,13,1429834.0
8579,8,45,2023-04-18,9,89133.0
8580,7,105,2024-04-19,13,3822.8
8581,10,26,2023-01-22,8,131351.75
8582,7,71,2024-10-20,2,260348.0
8583,40,150,2023-03-18,7,11520.0
8584,36,138,2023-09-16,5,19869.25
8585,23,125,2024-03-19,9,29088.05
8586,1,46,2023-12-26,5,24919.0
8587,17,13,2024-12-06,15,116206.0
8588,24,120,2024-09-17,9,26714.0
8589,36,141,2023-03-28,8,36341.3
8590,6,39,2024-10-31,13,385227.0
8592,19,118,2023-06-09,8,34521.0
8593,10,107,2023-02-17,8,11501.65
8594,27,132,2023-11-15,1,1484.85
8595,33,6,2024-12-02,6,67374.95
8596,41,130,2023-02-13,8,31495.35
8597,10,27,2024-05-13,4,66046.0
8598,25,145,2024-06-23,12,49588.1
8599,21,97,2023-09-28,8,1028546.95
8600,40,31,2023-10-14,11,86558.3
8601,24,72,2023-09-04,15,1420221.5
8602,29,35,2023-03-08,13,135918.4
8603,13,119,2023-12-03,4,12371.85
8604,41,99,2023-08-10,8,815226.35
8605,4,36,2024-11-11,9,193242.35
8606,37,149,2023-07-27,13,14370.65
8607,44,57,2024-12-19,13,1467063.15
8608,40,67,2023-05-26,3,257367.0
8609,16,39,2024-07-23,11,325961.0
8610,31,31,2024-01-06,11,91114.0
8611,37,5,2023-04-25,7,165683.0
8612,38,58,2024-10-18,8,870597.0
8613,26,28,2023-01-30,6,81273.45
8615,29,17,2023-10-07,14,186715.85
8616,28,116,2024-07-10,7,17127.55
8617,39,148,2024-06-21,11,50008.95
8618,45,87,2024-07-06,3,200580.0
8619,28,92,2024-09-16,8,710833.0
8620,46,80,2024-07-15,2,245525.6
8621,45,126,2023-11-01,9,22889.3
8622,9,5,2024-12-28,6,134913.3
8623,19,141,2023-12-28,15,68140.65
8624,34,18,2024-07-02,12,302925.55
8625,27,64,2023-06-15,6,635581.35
8626,25,37,2024-11-01,5,30339.0
8627,33,149,2023-04-05,1,1164.0
8628,7,79,2023-06-05,12,793762.0
8629,42,96,2024-07-30,10,706208.0
8630,13,95,2023-05-27,11,729493.6
8631,34,4,2023-04-15,1,3382.0
8632,15,115,2023-04-10,13,10258.1
8633,21,122,2023-02-08,13,16332.4
8634,15,44,2024-07-06,10,108068.0
8635,19,89,2023-07-21,1,74744.1
8636,13,19,2023-07-14,6,98594.0
8637,23,38,2024-11-08,15,396917.0
8638,17,19,2024-11-20,1,16432.0
8639,25,94,2024-05-26,5,193566.3
8640,25,126,2024-11-17,14,35605.05
8641,5,11,2024-03-11,4,144928.0
8642,15,28,2023-03-17,15,213878.0
8644,34,105,2024-10-12,1,294.5
8645,14,68,2023-04-27,11,735868.0
8646,9,47,2024-02-04,7,40717.95
8647,34,148,2024-05-21,12,54555.65
8648,36,74,2023-03-10,8,657844.6
8649,46,32,2023-12-15,13,162532.0
8650,41,143,2024-07-18,1,4436.0
8651,3,96,2024-05-05,2,134179.9
8652,34,125,2024-03-15,11,35551.85
8653,33,100,2024-04-10,9,894331.9
8654,34,109,2024-01-10,10,6227.0
8655,15,105,2023-05-18,2,619.0
8656,30,5,2023-03-31,8,189352.0
8657,27,122,2024-10-05,9,11902.0
8658,46,93,2023-05-28,7,668172.05
8659,26,84,2023-12-07,8,330021.45
8660,38,119,2023-06-22,10,30930.1
8661,32,52,2023-12-04,4,54816.0
8662,34,11,2023-09-04,14,481884.65
8663,20,124,2023-08-02,9,32232.55
8664,39,72,2023-12-05,9,896982.0
8665,9,40,2024-07-04,6,80848.8
8666,12,44,2024-02-22,15,153997.85
8667,42,146,2023-12-09,9,4240.8
8668,44,63,2024-12-06,10,1329598.15
8669,9,128,2024-08-27,10,46507.0
8670,23,99,2023-02-25,5,536333.0
8671,31,88,2023-06-07,10,483365.0
8672,22,127,2024-12-16,5,7359.65
8673,20,138,2024-06-18,15,59608.7
8674,10,54,2024-03-06,3,346373.8
8675,16,2,2024-12-27,10,139982.0
8676,38,144,2024-06-11,7,15499.0
8677,17,125,2024-04-23,14,45247.55
8678,42,75,2023-11-21,10,311299.8
8679,41,106,2023-06-25,1,4165.75
8680,27,100,2024-02-02,6,596220.95
8681,33,147,2024-01-22,8,23028.95
8682,44,45,2024-12-08,10,99037.0
8683,28,92,2024-02-10,10,844113.95
8684,41,120,2024-02-16,13,40618.0
8685,4,4,2023-03-29,8,27055.0
8686,18,93,2023-05-24,12,1145437.8
8687,42,116,2023-06-18,13,33482.0
8688,17,76,2024-05-13,4,563153.35
8689,49,108,2024-05-05,14,46838.0
8690,30,36,2023-09-17,3,67804.0
8691,14,11,2023-10-06,11,398551.0
8692,9,38,2024-03-07,5,132306.0
8693,26,103,2023-11-04,11,18696.95
8694,34,100,2024-12-22,9,894331.9
8695,15,28,2024-12-27,5,71293.0
8696,41,20,2023-12-25,13,400835.0
8697,17,66,2024-01-29,1,11943.4
8699,47,119,2023-07-12,9,29302.0
8700,31,23,2023-04-10,12,134144.0
8701,18,111,2023-02-06,8,34282.0
8702,6,144,2024-02-02,4,8857.0
8703,40,129,2023-02-15,5,15514.45
8704,42,30,2023-10-22,15,459532.1
8705,12,53,2024-03-31,7,356938.75
8706,2,88,2023-01-14,1,48336.0
8707,48,134,2024-10-14,7,31371.85
8708,38,55,2023-10-04,5,522439.2
8709,40,27,2023-05-12,11,172544.7
8710,49,30,2023-09-30,11,336990.65
8711,41,22,2023-04-02,9,337322.2
8712,43,31,2024-09-21,12,94427.15
8713,29,114,2023-09-06,7,5315.25
8714,17,111,2023-12-06,9,36638.65
8715,14,6,2024-05-10,11,123520.9
8716,17,142,2024-05-02,14,11570.0
8717,39,44,2023-08-18,15,153997.85
8718,26,17,2023-10-17,1,14039.0
8719,32,136,2023-10-04,6,11841.0
8720,28,58,2024-09-11,7,723683.4
8721,8,41,2023-12-30,6,60420.0
8722,7,148,2024-06-06,5,23928.0
8723,29,33,2024-12-30,1,6716.0
8724,43,94,2023-04-04,4,154852.85
8725,34,48,2023-06-09,14,206309.0
8726,14,3,2024-10-30,9,77157.1
8727,44,64,2023-05-21,6,635581.35
8728,16,123,2024-03-23,5,13190.75
8729,5,76,2024-01-05,7,985518.6
8730,35,6,2023-02-15,7,82741.0
8731,19,67,2023-12-21,11,943680.0
8732,18,149,2024-08-14,11,12800.0
8733,36,116,2023-09-18,3,7727.0
8734,43,149,2023-07-26,7,8145.0
8735,17,110,2023-06-02,4,9482.9
8736,23,13,2024-01-01,2,15494.0
8737,34,19,2024-03-11,6,98594.0
8738,24,58,2024-04-28,12,1240600.25
8739,33,33,2024-07-02,7,44659.5
8740,26,83,2023-05-23,7,896445.65
8741,32,73,2024-11-03,6,816012.0
8742,5,109,2023-03-24,8,4982.0
8743,10,129,2024-08-10,10,32662.0
8744,10,74,2024-02-13,5,432793.0
8745,35,78,2023-07-11,10,1156735.2
8746,25,101,2024-10-15,13,6024.0
8747,15,16,2023-12-11,4,120024.0
8748,28,124,2023-02-16,10,35814.05
8749,29,84,2024-06-30,14,607934.0
8750,17,94,2023-12-19,5,203754.0
8751,29,115,2024-01-03,10,7890.7
8752,19,111,2024-11-28,14,56993.35
8753,17,25,2024-03-16,9,109138.0
8754,20,28,2023-04-11,13,185361.0
8755,49,95,2023-08-09,5,349040.0
8756,12,112,2023-09-04,7,14503.65
8757,45,31,2024-07-10,11,86558.3
8758,24,84,2024-10-16,3,123758.4
8759,7,34,2024-06-27,2,9343.25
8760,39,47,2023-09-05,9,55107.0
8761,35,112,2023-10-22,11,22790.5
8762,48,33,2024-12-31,13,87305.0
8763,40,33,2024-05-16,6,40295.0
8764,15,37,2023-01-14,14,84948.0
8765,15,71,2024-04-28,11,1431915.0
8766,8,94,2024-12-10,8,309706.65
8767,31,41,2023-02-25,1,10600.0
8768,19,130,2024-04-22,15,62161.0
8769,3,103,2024-10-06,3,5099.6
8770,30,120,2023-02-16,15,44523.65
8771,45,79,2024-03-08,4,251357.65
8772,10,34,2024-09-08,13,63928.0
8773,35,53,2024-03-06,12,611895.0
8774,2,89,2024-05-09,12,944137.0
8775,21,88,2024-07-04,12,580038.0
8776,6,145,2023-05-01,9,39149.0
8777,23,116,2024-02-29,9,23180.0
8778,4,2,2024-10-31,6,79789.55
8779,5,132,2024-01-21,3,4454.55
8780,18,145,2023-07-20,10,41324.05
8781,43,95,2024-11-29,8,558464.0
8782,9,103,2024-05-28,2,3399.1
8783,26,31,2024-06-13,13,102296.0
8784,29,12,2023-02-13,11,28488.6
8785,31,7,2024-11-20,4,74171.25
8786,29,36,2024-10-16,9,193242.35
8787,26,54,2023-05-21,12,1458418.0
8788,46,81,2024-10-13,6,696246.45
8789,15,75,2023-12-30,14,435819.15
8790,12,64,2024-07-27,14,1561078.0
8791,20,67,2024-08-29,11,896496.0
8792,27,114,2024-09-27,7,5315.25
8793,27,10,2024-08-29,13,395608.5
8794,32,97,2023-09-13,4,541340.0
8795,22,86,2023-04-06,2,187046.0
8796,49,71,2024-06-22,5,650870.0
8797,3,129,2024-03-18,5,15514.45
8798,37,90,2024-07-06,7,553681.0
8799,40,30,2024-08-09,1,30635.6
8800,9,127,2023-12-09,15,22078.0
8801,21,57,2024-11-26,11,1306696.0
8802,30,14,2024-01-13,10,358111.0
8803,4,144,2024-10-31,10,22141.0
8804,6,87,2024-03-04,3,200580.0
8805,30,48,2023-03-23,5,73682.0
8806,37,45,2023-08-18,5,49519.0
8807,20,25,2023-08-21,3,36379.0
8808,46,65,2023-11-23,7,169958.8
8809,11,35,2023-03-03,12,132066.0
8810,22,108,2024-12-21,6,19069.35
8811,41,126,2023-03-26,13,34802.0
8812,32,63,2023-08-17,3,398879.35
8813,7,131,2023-02-27,11,10599.0
8814,17,145,2024-02-02,6,24794.05
8815,32,90,2023-11-02,2,150285.25
8816,33,50,2023-08-02,8,90208.0
8817,14,93,2024-12-22,15,1507155.0
8818,23,26,2024-05-24,8,131351.75
8819,11,6,2024-07-06,14,165483.0
8820,2,39,2024-07-28,6,168907.15
8821,28,102,2023-01-17,10,7904.0
8822,35,66,2023-02-05,11,138288.0
8823,21,22,2024-05-28,12,473434.0
8824,48,32,2024-11-13,14,166282.3
8825,23,150,2024-02-27,12,18760.6
8826,35,46,2023-04-11,8,37876.5
8827,3,10,2023-04-29,4,121725.4
8828,36,41,2023-01-24,9,95400.0
8829,7,67,2023-04-02,9,772101.0
8830,39,67,2024-04-12,3,244498.65
8831,42,63,2023-03-16,6,839746.0
8832,2,22,2024-10-18,12,449762.3
8833,27,107,2023-02-21,15,21565.95
8834,39,10,2024-02-23,3,96099.0
8835,46,55,2023-11-09,1,104487.65
8836,46,42,2023-07-21,15,85398.35
8837,11,119,2023-04-11,1,3093.2
8838,34,7,2024-05-28,11,203970.7
8839,40,149,2023-07-05,7,8145.0
8840,43,73,2023-05-03,12,1717919.0
8841,20,126,2024-06-22,1,2543.15
8842,24,38,2024-04-06,14,351933.2
8843,3,67,2024-06-06,12,977995.55
8844,16,62,2024-03-16,13,1328886.0
8845,21,97,2024-11-06,14,1799956.45
8846,36,6,2023-01-29,6,67374.95
8847,5,61,2023-01-16,9,239559.6
8848,35,31,2023-07-25,14,115964.0
8849,44,80,2023-10-02,3,368288.4
8850,7,94,2024-04-03,13,503272.95
8851,45,86,2024-01-10,6,561139.0
8852,16,113,2023-07-07,8,35160.0
8853,14,2,2023-11-15,13,181976.0
8854,33,130,2023-04-26,10,39368.95
8855,11,46,2024-04-30,15,74757.0
8856,23,83,2023-05-11,3,404412.0
8857,8,17,2023-05-08,9,126349.0
8858,30,150,2023-12-27,14,21887.05
8859,13,23,2024-01-03,15,159295.05
8860,1,31,2024-02-02,11,86558.3
8861,10,76,2023-12-04,13,1926577.0
8862,2,17,2023-05-07,4,56155.0
8863,9,107,2023-08-21,14,21187.0
8864,23,45,2024-10-17,4,39615.0
8865,17,43,2023-09-04,5,166709.8
8866,12,132,2024-10-20,8,12504.0
8867,43,4,2023-06-16,14,47346.0
8868,41,45,2024-02-23,8,79230.0
8869,15,121,2023-05-12,3,11083.0
8870,8,82,2024-06-14,11,567974.0
8871,14,4,2024-03-24,5,16909.0
8872,15,78,2023-02-12,6,730569.0
8873,8,150,2023-02-19,10,16457.0
8874,33,30,2024-02-27,10,322479.0
8875,21,61,2024-12-01,7,186323.5
8876,42,113,2024-06-15,7,30765.0
8877,22,116,2023-07-20,12,30906.0
8878,47,71,2024-12-19,10,1301741.0
8879,12,51,2024-06-14,14,853314.7
8880,40,126,2023-05-27,10,26771.0
8881,2,74,2024-02-06,8,657844.6
8882,20,25,2023-03-19,14,161281.5
8883,16,138,2023-10-17,10,39738.5
8884,14,99,2024-04-24,15,1609000.0
8885,39,24,2024-06-29,8,176564.15
8886,17,142,2024-12-24,15,11776.2
8887,5,139,2024-09-01,8,10829.05
8888,33,20,2023-03-11,6,175750.95
8889,23,110,2024-01-28,9,21337.0
8890,7,33,2024-07-02,5,31900.05
8891,16,143,2023-01-06,11,46360.95
8892,48,54,2024-07-31,10,1215348.0
8893,35,18,2023-03-02,7,176706.65
8894,44,76,2024-11-08,14,2074775.0
8895,29,84,2024-12-13,12,495032.65
8896,36,30,2023-05-05,11,336990.65
8897,37,5,2023-01-03,12,284028.0
8898,6,59,2023-11-29,13,1133160.0
8899,47,20,2023-09-06,9,277501.0
8900,22,42,2024-03-22,8,47943.0
8901,13,127,2024-09-16,11,17043.0
8902,13,86,2024-01-18,8,710775.75
8903,28,102,2023-09-30,1,790.4
8904,36,37,2023-03-14,3,17292.85
8905,11,131,2023-11-25,1,915.8
8906,29,124,2023-07-29,13,49009.0
8907,6,1,2023-09-17,14,463715.0
8908,13,22,2023-05-09,3,118359.0
8909,48,91,2024-06-06,12,1537700.4
8910,16,39,2023-12-19,10,281511.6
8911,48,85,2023-07-05,1,36650.05
8912,37,29,2024-03-27,1,36510.0
8913,43,54,2024-01-05,10,1215348.0
8914,33,4,2024-06-13,4,13528.0
8915,48,130,2023-08-30,3,11810.4
8916,32,122,2024-08-21,9,11902.0
8917,36,127,2023-05-28,12,18592.0
8918,8,91,2024-09-22,2,269772.0
8919,41,73,2024-04-06,5,715800.0
8920,28,81,2024-10-21,8,977188.0
8921,13,118,2023-02-23,9,36894.2
8922,41,96,2024-10-02,11,776829.0
8923,41,70,2023-03-07,1,34355.0
8924,6,119,2023-09-17,4,13023.0
8925,6,47,2024-07-02,15,91844.0
8926,28,13,2024-03-19,1,7359.65
8927,43,52,2024-06-03,13,169245.35
8928,14,60,2023-07-17,5,543755.0
8929,19,68,2023-06-07,9,571970.3
8930,26,5,2023-05-09,2,44971.1
8931,31,61,2024-11-15,13,364242.0
8932,10,4,2023-05-31,2,6425.8
8933,22,56,2024-03-22,2,85978.0
8934,6,61,2023-06-27,6,168112.0
8935,6,57,2023-09-18,1,112851.45
8936,48,42,2023-10-25,2,11986.0
8937,32,19,2024-07-26,14,218550.35
8938,26,54,2024-08-14,14,1616412.65
8939,40,16,2024-04-24,1,28505.7
8940,17,120,2023-03-30,2,6249.0
8941,9,19,2023-08-22,14,218550.35
8942,37,116,2024-10-19,5,12234.1
8943,14,127,2024-11-15,3,4415.6
8944,7,29,2024-01-07,8,292083.0
8945,42,146,2023-04-25,6,2976.0
8946,3,21,2024-08-26,6,52407.0
8947,34,126,2024-11-12,9,22889.3
8948,9,34,2023-10-16,7,34423.0
8949,9,147,2024-11-17,11,31664.45
8950,42,76,2023-09-13,15,2111824.35
8951,18,80,2024-11-15,11,1350388.9
8952,14,61,2024-10-29,3,84056.0
8953,8,21,2023-05-23,1,8298.25
8954,48,54,2024-02-23,7,808206.8
8955,34,89,2023-05-18,3,224232.3
8956,20,125,2023-09-15,7,22623.3
8957,6,125,2023-12-18,14,45247.55
8958,7,139,2023-05-16,8,10829.05
8960,35,116,2024-08-27,2,5151.0
8961,8,21,2023-02-03,7,58084.9
8962,40,22,2023-06-05,2,78906.0
8963,32,61,2023-09-04,7,196130.0
8964,19,118,2024-02-10,6,24596.45
8965,12,104,2024-05-13,6,21164.1
8966,31,73,2023-06-28,4,572640.0
8967,37,12,2024-04-14,10,25898.9
8968,22,132,2023-10-23,3,4689.0
8969,11,9,2023-07-27,2,75440.45
8970,47,6,2023-01-30,11,123520.9
8971,31,69,2024-02-15,13,588445.0
8972,25,69,2023-01-06,5,226325.0
8973,39,116,2024-07-08,13,33482.0
8974,1,139,2023-07-22,5,6767.8
8975,25,85,2024-03-02,14,513096.9
8976,38,57,2024-09-16,11,1241361.2
8977,41,27,2024-10-06,8,132092.0
8978,43,149,2024-08-20,4,4421.3
8979,44,108,2023-07-16,11,34960.95
8980,35,116,2023-07-28,12,30906.0
8981,30,113,2024-08-13,6,25051.5
8982,4,96,2024-03-27,8,536718.65
8983,26,26,2024-08-31,4,65676.35
8984,4,37,2023-02-19,9,51878.55
8985,5,60,2024-02-10,11,1136448.9
8986,1,146,2023-09-03,8,3968.0
8987,34,63,2024-05-02,8,1063677.95
8988,11,84,2023-04-21,5,217119.0
8989,40,69,2024-04-11,4,181060.0
8990,49,22,2024-06-15,4,149920.45
8991,9,2,2023-08-03,5,66491.45
8992,34,74,2024-02-29,5,432793.0
8993,38,67,2023-05-30,9,772101.0
8994,45,26,2023-05-14,2,32837.7
8995,11,134,2023-12-08,8,37741.0
8996,9,102,2024-01-16,5,4160.0
8997,47,137,2024-10-26,1,3215.75
8998,9,150,2024-05-15,10,16457.0
8999,38,51,2024-04-14,7,449113.0
9000,47,76,2023-04-30,15,2222973.0
9001,40,55,2024-03-11,8,879898.0
9002,23,93,2023-04-13,5,477265.75
9003,16,144,2023-09-02,1,2214.0
9004,8,142,2024-01-10,6,4958.0
9005,27,69,2024-02-05,10,452650.0
9006,13,109,2024-05-22,7,4141.05
9007,6,93,2023-07-11,8,803816.0
9008,43,35,2024-01-05,5,55028.0
9009,28,124,2024-01-25,9,33929.0
9010,48,125,2024-01-28,12,40825.0
9011,38,149,2024-05-30,12,13264.85
9012,3,47,2023-06-21,9,52351.65
9013,3,77,2024-08-05,11,491751.0
9014,6,124,2023-07-15,10,37699.0
9015,10,87,2023-09-08,9,571652.05
9016,17,15,2024-09-14,9,238543.1
9017,37,44,2023-04-05,12,129682.0
9018,43,110,2023-08-09,12,29946.0
9019,9,79,2024-10-28,13,816913.55
9020,6,41,2023-11-21,11,116600.0
9021,44,101,2023-04-14,12,5282.95
9022,8,5,2024-06-07,14,314797.7
9023,4,56,2023-10-21,8,343910.0
9024,45,63,2023-02-15,15,1994396.75
9025,11,146,2024-04-17,5,2480.0
9026,2,9,2023-10-30,11,414922.0
9027,2,7,2024-03-07,6,111257.35
9028,36,22,2023-05-12,11,433981.0
9029,18,112,2023-06-24,6,12431.7
9030,24,15,2024-12-17,5,139499.0
9031,13,13,2023-07-24,3,23241.0
9032,36,26,2024-10-13,2,34566.0
9033,41,49,2024-01-08,12,151212.45
9035,12,38,2024-10-02,3,75413.85
9036,17,70,2024-02-19,14,480976.0
9037,9,17,2024-08-11,3,40010.2
9038,42,55,2023-02-26,3,329962.0
9039,6,63,2024-09-20,3,398879.35
9040,3,98,2023-02-13,4,317445.0
9041,8,48,2023-08-04,8,117891.0
9042,19,31,2023-03-14,7,57982.0
9043,8,91,2023-11-27,1,128141.7
9044,26,150,2024-11-19,12,19748.0
9045,12,96,2024-01-05,8,564967.0
9046,30,1,2023-11-11,4,132490.0
9047,25,8,2023-09-03,4,18940.15
9048,22,120,2024-02-29,9,26714.0
9049,11,5,2023-09-05,5,118345.0
9050,4,29,2024-03-20,7,255572.0
9051,3,23,2024-06-27,6,67072.0
9052,7,36,2024-02-08,3,67804.0
9053,8,16,2023-06-16,4,114022.8
9054,48,128,2024-06-02,3,13254.4
9055,18,1,2023-01-25,3,94399.6
9056,29,2,2024-04-05,1,13298.1
9057,34,14,2024-08-04,14,476287.25
9058,24,45,2024-12-04,3,29711.0
9059,2,26,2024-02-10,12,207398.0
9060,18,148,2024-03-11,13,59101.4
9061,19,31,2024-05-03,13,107680.0
9062,37,136,2023-05-04,11,20622.6
9063,30,132,2023-12-15,14,20787.9
9064,21,112,2024-04-13,1,2071.95
9065,25,77,2023-01-26,1,44705.0
9066,13,105,2023-02-13,8,2352.2
9067,47,126,2023-09-28,15,38148.2
9068,31,106,2023-05-05,14,61388.0
9069,39,77,2023-12-05,8,339755.15
9070,44,71,2023-07-03,11,1431915.0
9071,16,142,2023-09-01,11,8636.45
9072,41,112,2024-01-02,14,30533.0
9073,37,9,2024-03-15,7,277938.0
9074,43,6,2024-02-27,11,123520.9
9075,25,32,2024-08-19,7,87517.0
9076,48,118,2023-01-20,15,61490.65
9077,32,109,2023-10-14,1,591.85
9078,4,1,2024-11-09,8,251731.0
9079,21,137,2023-09-11,4,12864.9
9080,29,126,2023-08-21,14,37479.0
9081,21,116,2024-09-04,10,25755.0
9082,12,70,2024-02-18,8,274843.0
9083,7,128,2023-07-18,2,9301.0
9084,43,148,2024-04-22,7,33499.0
9085,26,104,2023-04-21,10,37130.0
9086,10,45,2024-02-20,14,138652.0
9087,42,138,2023-01-23,3,11921.55
9088,43,51,2023-12-18,4,256636.0
9089,19,112,2024-02-23,10,21810.0
9090,20,55,2023-02-19,6,626926.85
9091,10,22,2023-06-28,4,157811.0
9092,24,2,2024-07-09,11,153980.0
9093,5,123,2024-03-23,1,2777.0
9094,8,103,2024-04-30,4,7157.0
9095,26,124,2023-04-27,11,41469.0
9096,16,31,2023-07-06,8,62951.75
9097,35,105,2023-03-30,3,929.0
9098,4,115,2023-12-29,15,11836.05
9099,34,25,2024-06-11,3,36379.0
9100,17,128,2024-12-07,8,37206.0
9101,24,2,2024-10-21,7,93087.65
9102,22,5,2024-07-08,15,355035.0
9103,33,28,2023-01-08,2,28517.0
9104,13,103,2024-02-17,10,17892.0
9105,29,57,2024-03-10,2,225701.95
9106,25,34,2024-08-27,14,68845.0
9107,4,35,2024-06-28,10,110055.0
9108,26,116,2023-07-10,9,22021.0
9109,32,35,2024-06-19,14,146373.15
9110,10,92,2023-12-19,7,590880.05
9111,42,19,2024-01-26,5,82162.0
9112,9,58,2023-03-02,14,1523544.0
9113,4,33,2023-07-03,15,100737.0
9114,13,40,2023-05-13,12,161697.6
9115,5,85,2024-11-09,8,308630.0
9116,40,8,2023-06-21,4,19937.0
9117,20,71,2024-07-01,15,1952611.0
9118,10,70,2023-12-01,8,261100.85
9119,32,132,2023-01-04,3,4689.0
9120,36,49,2024-05-13,7,92850.0
9121,14,37,2023-05-16,4,24271.0
9122,13,120,2023-11-26,2,6249.0
9123,1,98,2023-05-08,4,301572.75
9124,49,26,2024-04-03,7,114932.9
9125,14,2,2023-10-17,15,199473.4
9126,11,54,2023-03-15,4,461832.05
9127,44,47,2023-07-31,12,69802.2
9128,2,44,2024-08-23,10,108068.0
9129,42,32,2023-07-01,10,118773.75
9130,35,119,2023-12-31,14,43301.95
9131,38,73,2023-12-12,13,1861079.0
9132,41,61,2024-08-15,6,168112.0
9133,5,112,2024-07-28,15,32714.0
9134,35,73,2024-06-16,11,1496021.05
9135,44,74,2024-10-24,3,246692.2
9136,15,133,2024-08-12,5,8990.8
9137,25,15,2023-11-21,15,397571.2
9138,22,41,2024-02-26,11,110770.0
9139,17,118,2023-11-19,8,34521.0
9140,5,63,2023-12-02,9,1196638.05
9141,8,25,2024-11-12,9,103681.1
9142,27,22,2023-02-06,2,78906.0
9143,25,28,2024-05-03,9,121910.65
9144,15,72,2023-04-15,9,852132.9
9145,14,109,2024-05-12,10,6227.0
9146,28,65,2024-04-08,8,204462.0
9147,41,89,2023-12-25,2,149488.2
9148,29,107,2024-02-07,13,19674.0
9149,18,115,2024-07-09,10,8306.0
9150,14,118,2023-01-27,5,21576.0
9151,49,41,2023-01-04,5,53000.0
9152,39,81,2023-07-12,8,928328.6
9153,3,23,2023-10-31,3,33536.0
9154,13,42,2023-05-20,6,34159.15
9155,35,8,2023-06-12,10,49842.0
9156,24,32,2024-02-12,14,166282.3
9157,9,80,2023-02-27,3,368288.4
9158,4,22,2023-05-04,2,74960.7
9159,32,113,2024-01-06,1,4395.0
9160,4,125,2024-10-09,3,10206.0
9161,26,145,2023-02-01,14,60898.0
9162,40,45,2023-01-07,1,9904.0
9163,26,48,2024-06-11,10,139995.8
9164,3,87,2024-07-29,12,762203.05
9165,17,94,2024-10-31,14,570512.0
9166,16,89,2023-02-05,11,865459.0
9167,25,127,2023-10-18,8,12395.0
9168,3,45,2023-01-23,7,65859.7
9169,48,150,2024-08-17,7,10944.0
9170,8,48,2024-09-15,12,176836.0
9171,47,129,2023-08-10,2,6532.0
9172,35,74,2023-07-17,15,1298378.0
9173,13,128,2024-12-29,5,23254.0
9174,22,58,2024-01-04,3,310150.3
9176,4,132,2024-11-09,15,23445.0
9177,25,18,2024-10-10,9,239152.0
9178,5,5,2023-07-31,6,142014.0
9179,1,148,2023-12-30,12,57427.0
9180,43,97,2023-11-13,3,385704.75
9181,2,100,2024-07-12,15,1490553.8
9182,29,87,2024-02-09,8,534879.0
9183,38,51,2023-04-19,1,64159.0
9184,43,149,2023-10-06,3,3316.45
9185,44,115,2023-08-12,12,9967.0
9186,36,50,2024-04-09,2,22552.0
9187,38,93,2024-12-13,9,904293.0
9188,47,64,2024-08-07,13,1377093.4
9189,43,99,2024-12-07,10,1072667.0
9190,8,28,2023-11-08,11,149001.8
9191,10,84,2023-12-28,8,347391.0
9192,45,76,2024-02-23,14,1971036.25
9193,2,15,2024-08-22,15,397571.2
9194,7,127,2023-01-19,7,10845.0
9195,27,65,2023-06-06,9,218518.05
9196,12,32,2024-03-27,2,25005.0
9197,48,35,2023-06-03,9,94097.5
9198,10,133,2024-07-09,5,8990.8
9199,49,66,2023-12-04,6,75430.0
9200,19,114,2023-03-07,4,3037.15
9201,15,76,2023-12-28,13,1926577.0
9202,38,70,2023-01-23,8,274843.0
9203,15,5,2024-08-12,13,292312.15
9204,18,77,2023-01-12,15,670570.0
9205,14,103,2023-11-17,10,17892.0
9206,15,11,2023-09-29,6,217391.0
9207,2,98,2024-10-25,14,1055503.2
9208,1,91,2024-06-14,4,512566.8
9209,3,74,2023-12-29,10,865586.0
9210,9,15,2024-03-20,2,55800.0
9211,2,40,2023-07-29,1,13474.8
9212,29,119,2024-07-31,1,3093.2
9213,21,60,2023-12-11,15,1631266.0
9214,24,22,2023-06-12,12,473434.0
9215,40,101,2024-07-05,15,6951.0
9216,36,121,2024-12-03,5,17547.45
9217,41,3,2023-12-01,8,72194.0
9218,22,74,2024-03-09,12,986767.85
9219,34,60,2024-10-11,7,761258.0
9220,41,93,2024-07-19,14,1336344.1
9221,29,80,2023-01-08,2,258448.0
9222,34,41,2023-12-10,11,110770.0
9223,26,130,2023-04-19,15,62161.0
9224,47,21,2024-04-25,7,61142.0
9225,33,149,2024-05-30,2,2327.0
9226,7,67,2023-02-27,5,428945.0
9227,9,88,2023-05-03,4,183678.7
9228,47,15,2023-01-04,7,195298.0
9229,17,50,2023-12-03,3,32136.6
9230,36,23,2023-10-12,14,148675.95
9231,36,105,2023-01-11,8,2352.2
9232,30,21,2023-04-05,11,96080.0
9233,2,71,2023-03-20,8,1041392.0
9234,40,72,2024-01-17,6,597988.0
9235,21,66,2024-03-19,5,62858.0
9236,46,136,2023-11-12,12,22497.9
9237,46,18,2023-01-26,6,159435.0
9238,38,8,2023-05-17,13,64794.0
9239,7,9,2023-05-19,8,317644.0
9240,6,14,2024-07-16,11,393922.0
9241,17,9,2024-06-08,14,555877.0
9243,17,41,2023-09-13,8,84800.0
9244,3,3,2024-07-13,3,27073.0
9245,47,141,2023-05-15,7,31799.35
9246,19,53,2024-07-25,14,751450.0
9247,31,67,2024-09-11,5,407497.75
9248,14,145,2024-08-03,11,47848.0
9249,27,88,2024-11-29,13,628374.0
9250,5,41,2024-03-13,4,42400.0
9251,29,89,2023-11-23,11,822186.05
9252,29,8,2023-06-18,9,42614.15
9253,11,35,2023-01-13,5,55028.0
9254,11,131,2024-03-04,14,12815.5
9255,15,121,2023-05-14,8,28076.3
9256,40,42,2023-10-23,14,79705.0
9257,7,148,2024-10-17,11,50008.95
9258,14,97,2024-01-15,4,514273.0
9259,41,138,2024-12-02,10,39738.5
9260,10,136,2024-04-13,4,7894.0
9261,34,39,2023-02-18,6,177797.0
9262,4,149,2024-10-24,15,17454.0
9263,42,145,2024-02-18,7,30449.0
9264,9,99,2024-02-25,7,713323.65
9265,43,78,2023-01-26,15,1735101.85
9266,20,88,2023-05-24,13,628374.0
9267,31,8,2023-07-28,9,44857.0
9268,21,1,2024-09-09,6,198735.0
9269,1,108,2023-04-01,3,10037.0
9270,28,131,2023-10-31,12,11563.0
9271,11,44,2024-06-01,13,140489.0
9272,42,70,2024-09-30,10,343554.0
9273,40,56,2023-12-03,10,408393.6
9274,11,120,2023-01-13,7,21871.0
9275,37,131,2024-06-09,6,5492.9
9276,33,129,2023-04-13,11,35928.0
9277,15,81,2023-05-02,9,1044369.2
9278,35,101,2023-04-19,13,6024.0
9279,6,63,2023-06-26,4,559831.0
9280,41,41,2023-04-15,13,130910.0
9281,35,118,2024-09-17,6,24596.45
9282,31,21,2023-12-05,6,52407.0
9283,28,48,2024-11-10,10,147364.0
9284,16,9,2024-02-15,7,264041.1
9285,27,141,2024-08-28,3,14345.0
9286,3,52,2024-09-29,14,182264.15
9287,13,67,2023-11-27,5,407497.75
9288,24,140,2024-08-01,13,40750.0
9289,10,121,2023-04-10,14,49134.0
9290,20,103,2024-01-26,13,22096.05
9291,13,146,2023-05-12,2,992.0
9292,31,96,2024-05-28,3,201269.85
9293,27,122,2023-09-12,7,9257.0
9294,41,56,2023-06-14,1,40839.55
9295,42,28,2023-09-01,14,199620.0
9296,28,85,2023-03-24,6,219898.4
9297,36,60,2024-05-29,13,1413764.0
9298,27,85,2023-07-03,6,219898.4
9299,12,10,2023-05-19,7,224231.0
9300,34,35,2023-07-12,14,154077.0
9301,42,85,2024-09-22,7,270051.0
9302,3,28,2023-08-30,9,121910.65
9303,26,96,2024-05-03,6,423725.0
9304,27,5,2023-07-31,12,284028.0
9305,32,92,2024-04-05,6,506468.75
9306,43,48,2024-09-26,11,153995.0
9307,13,92,2023-12-12,2,177708.0
9308,20,54,2024-06-25,2,230916.5
9309,33,16,2024-06-26,12,360072.0
9310,11,8,2023-08-26,5,24921.0
9311,24,132,2024-01-20,13,20319.0
9312,25,61,2023-06-12,15,420279.0
9313,33,59,2023-04-13,7,610163.0
9314,23,3,2024-03-31,4,36097.0
9315,18,71,2023-03-03,6,741991.8
9316,4,45,2024-10-01,11,103493.95
9317,24,9,2023-05-18,6,238233.0
9318,32,89,2024-12-18,11,822186.05
9319,25,49,2023-08-13,9,119378.0
9320,43,47,2023-03-18,1,6123.0
9321,33,113,2024-09-01,10,43950.0
9322,28,30,2024-03-28,10,306355.05
9323,46,94,2024-08-03,9,366758.0
9324,13,136,2023-04-15,15,28121.9
9325,16,57,2023-04-30,2,237581.0
9326,18,5,2023-07-04,14,331366.0
9327,24,7,2024-09-13,7,129799.45
9328,48,40,2024-07-21,5,67374.0
9329,34,44,2023-07-21,2,21614.0
9330,40,23,2023-08-24,9,95577.6
9331,8,78,2024-03-27,13,1582900.0
9332,19,35,2024-12-05,5,52276.6
9333,4,110,2023-10-20,13,32442.0
9334,42,57,2024-03-03,7,789957.3
9335,37,61,2023-01-28,4,106471.25
9336,36,67,2023-12-22,6,514734.0
9337,38,92,2023-11-07,3,266562.0
9338,15,115,2024-05-31,11,9136.0
9339,6,118,2024-03-17,10,40993.45
9340,49,56,2023-08-13,4,163357.25
9341,1,51,2024-05-21,5,320795.0
9342,16,25,2023-09-30,12,138242.1
9343,31,49,2023-03-04,14,176415.0
9344,36,93,2023-11-18,9,859078.35
9345,3,113,2023-10-10,2,8790.0
9346,17,124,2023-10-11,3,10744.5
9347,3,122,2023-07-07,4,5290.0
9348,18,79,2023-06-26,1,66147.0
9349,37,48,2024-11-09,11,153995.0
9350,26,142,2024-07-15,15,11776.2
9351,42,34,2024-11-27,9,42045.1
9352,37,145,2024-04-06,12,49588.1
9353,48,126,2023-03-27,8,21416.0
9354,3,21,2024-11-29,15,131018.0
9355,12,121,2023-08-28,7,24567.0
9356,21,49,2024-10-04,7,88207.5
9357,3,74,2024-10-18,6,493383.45
9358,36,121,2023-01-28,13,48026.0
9359,18,66,2024-10-04,9,113145.0
9360,11,137,2024-11-12,13,41810.45
9361,22,30,2024-11-21,4,122541.45
9362,30,28,2024-06-08,5,67728.35
9363,47,2,2023-03-22,11,153980.0
9364,23,28,2024-12-12,10,135456.7
9365,44,106,2024-03-09,10,41656.55
9366,17,8,2023-07-20,15,71023.9
9367,14,79,2024-03-21,12,793762.0
9368,5,4,2023-04-10,9,30437.0
9369,32,116,2023-09-22,9,22021.0
9370,11,20,2023-12-05,3,87875.0
9371,35,42,2024-03-04,9,51239.2
9372,7,33,2024-04-01,2,13432.0
9373,4,4,2023-07-26,5,16063.55
9374,12,28,2024-11-08,11,156844.0
9375,31,76,2023-04-25,12,1689460.05
9376,9,32,2024-03-21,12,150030.0
9377,16,18,2023-06-01,9,227194.4
9378,47,62,2023-01-20,5,485554.5
9379,43,5,2024-08-28,4,94676.0
9380,37,147,2023-01-31,2,6060.0
9381,7,7,2023-05-04,1,19519.0
9382,16,132,2024-01-05,11,16333.35
9383,49,108,2024-11-01,11,36801.0
9384,1,1,2024-02-15,15,496838.0
9385,44,31,2024-08-15,2,15737.7
9386,23,139,2024-09-11,10,14249.0
9387,20,123,2024-03-19,15,41656.0
9388,34,35,2024-08-17,8,88044.0
9389,1,14,2023-09-23,14,501355.0
9390,35,102,2023-05-10,8,6323.2
9391,33,131,2023-09-29,3,2891.0
9392,31,104,2024-12-22,7,24691.45
9393,28,150,2024-11-16,4,6583.0
9394,11,141,2024-05-21,2,9564.0
9395,47,136,2023-08-28,12,22497.9
9396,48,3,2023-11-16,4,36097.0
9397,35,98,2023-04-02,14,1111056.0
9398,37,39,2023-06-07,6,177797.0
9399,40,128,2023-08-09,10,44181.65
9400,43,41,2023-06-12,1,10070.0
9401,24,101,2024-07-23,10,4402.3
9402,35,21,2024-10-06,7,61142.0
9403,1,24,2023-12-17,5,110352.95
9404,49,8,2023-03-11,1,4734.8
9405,22,95,2024-10-15,15,1047121.0
9406,40,21,2023-09-16,6,52407.0
9407,6,138,2023-05-11,7,27816.95
9408,22,119,2024-11-13,12,39070.0
9409,3,47,2023-08-21,1,6123.0
9410,41,80,2024-12-16,10,1227626.1
9411,12,14,2024-10-19,12,429733.0
9412,48,130,2024-11-07,12,47242.55
9413,31,20,2023-12-23,5,154167.0
9414,1,98,2023-11-21,3,226178.85
9415,35,119,2024-03-14,14,43301.95
9416,7,83,2023-08-04,11,1408700.85
9417,28,134,2024-07-14,12,53780.45
9418,14,137,2024-01-29,5,16927.0
9419,44,130,2024-05-07,8,33153.0
9420,3,144,2023-08-12,6,13285.0
9421,8,93,2023-05-17,15,1431797.25
9422,21,14,2023-07-11,11,393922.0
9423,21,75,2024-10-23,15,491526.0
9424,4,101,2023-01-19,5,2317.0
9425,33,24,2023-10-15,6,139393.0
9426,19,84,2024-01-10,15,651358.0
9427,20,66,2024-09-20,9,113145.0
9428,18,19,2024-02-01,5,82162.0
9429,13,81,2024-04-21,5,610742.0
9430,18,73,2023-02-19,6,816012.0
9431,35,22,2024-09-13,2,74960.7
9432,10,39,2023-08-24,14,414860.0
9433,46,6,2024-07-24,2,23640.0
9434,37,137,2024-11-13,2,6432.45
9435,21,69,2023-12-25,14,633710.0
9436,39,57,2024-03-08,2,225701.95
9437,45,18,2023-05-08,6,159435.0
9439,42,50,2023-12-10,13,139258.6
9440,4,45,2023-12-01,14,138652.0
9441,21,8,2023-10-08,15,71023.9
9442,12,91,2023-12-19,1,128141.7
9443,13,59,2024-12-11,12,1045994.0
9444,8,103,2023-03-03,13,22096.05
9445,32,145,2024-03-26,8,34799.0
9446,30,115,2023-09-09,7,5523.3
9447,47,80,2023-09-13,11,1350388.9
9448,38,37,2023-07-08,6,36406.0
9449,36,118,2023-07-07,5,21576.0
9450,32,143,2023-06-18,6,25288.05
9451,39,120,2024-08-06,7,21871.0
9452,43,88,2023-05-27,7,338355.0
9453,37,139,2023-04-02,9,12182.8
9454,38,37,2023-12-21,4,23057.45
9455,21,141,2023-04-21,5,23909.0
9456,20,30,2024-07-16,1,32248.0
9457,39,97,2024-11-24,8,1082681.0
9458,29,23,2024-05-18,14,156501.0
9459,32,44,2024-10-19,12,123197.9
9460,39,136,2023-10-18,1,1974.0
9461,47,64,2023-04-09,10,1059303.2
9462,44,1,2024-06-27,6,188798.25
9463,15,41,2024-05-02,6,60420.0
9464,20,54,2024-05-27,12,1385497.1
9465,22,131,2024-02-12,12,10984.85
9466,29,31,2023-08-05,15,124247.0
9467,42,100,2023-02-14,5,496850.95
9468,11,95,2023-10-20,2,139616.0
9469,49,123,2024-12-04,11,30548.0
9470,36,44,2024-08-27,4,41065.65
9471,22,114,2024-08-21,5,3796.2
9473,36,19,2024-06-23,9,140496.45
9474,19,42,2023-02-09,11,62624.95
9475,46,131,2024-04-26,5,4818.0
9476,29,38,2023-08-03,9,238150.0
9477,29,52,2023-07-18,15,195283.9
9478,8,60,2024-09-14,6,652507.0
9479,14,114,2023-06-03,2,1519.05
9480,12,91,2023-08-16,15,2023290.0
9481,40,65,2024-08-15,14,357808.0
9482,35,50,2023-05-10,9,101484.0
9483,25,150,2024-10-25,12,19748.0
9484,36,23,2024-05-17,3,31859.2
9485,40,33,2023-12-14,11,73873.0
9486,37,14,2023-03-08,12,429733.0
9487,13,86,2023-12-25,6,533082.05
9488,47,85,2023-02-02,13,501523.0
9489,20,150,2023-08-12,4,6583.0
9490,15,131,2024-05-28,2,1830.65
9491,40,66,2023-10-16,1,12572.0
9492,42,118,2024-05-12,11,47466.0
9493,16,102,2023-08-08,3,2371.2
9494,25,103,2023-03-27,1,1699.55
9495,42,108,2024-10-07,1,3346.0
9496,42,2,2024-01-22,14,195974.0
9497,14,43,2023-10-01,6,210581.0
9498,40,118,2024-05-20,11,45092.7
9499,13,40,2023-04-10,2,26949.6
9500,46,125,2024-06-09,10,32319.95
9501,21,21,2023-11-30,15,131018.0
9502,30,30,2023-04-22,15,483718.0
9503,18,135,2023-06-12,8,13156.0
9504,33,56,2024-02-16,2,81679.1
9505,15,31,2023-03-05,7,57982.0
9506,40,143,2024-05-09,12,53237.0
9507,15,102,2023-08-18,6,4742.4
9508,10,18,2023-01-24,14,372014.0
9509,42,140,2024-08-03,10,29778.7
9510,11,19,2023-12-26,15,246485.0
9511,49,132,2023-03-13,13,20319.0
9512,34,8,2023-08-24,6,29905.0
9513,23,132,2024-04-04,2,2969.7
9514,23,76,2024-09-29,3,444595.0
9515,10,29,2023-06-24,5,182552.0
9516,26,143,2023-07-26,11,46360.95
9517,37,85,2023-10-06,7,270051.0
9518,47,49,2023-12-21,7,92850.0
9519,24,121,2023-04-27,8,29554.0
9520,26,107,2024-08-07,13,18690.3
9521,45,139,2024-08-06,10,13536.55
9522,23,76,2024-08-06,3,444595.0
9523,30,139,2024-08-18,3,4275.0
9524,1,68,2024-12-21,1,63552.15
9525,40,48,2024-08-28,2,29473.0
9526,37,54,2023-02-27,15,1731870.9
9527,17,52,2024-05-17,7,95929.0
9528,27,123,2023-11-12,1,2777.0
9529,30,9,2023-08-11,14,555877.0
9530,18,42,2024-01-20,15,89893.0
9531,22,65,2023-11-03,1,24280.1
9532,27,56,2023-10-23,8,343910.0
9533,19,139,2023-05-05,12,17099.0
9534,21,81,2024-03-20,7,812287.05
9535,9,99,2023-10-15,5,509516.35
9536,16,41,2023-02-07,10,100700.0
9537,15,62,2024-01-01,1,97110.9
9538,11,70,2024-10-26,13,446621.0
9539,20,66,2023-11-17,5,59715.1
9540,31,6,2023-04-18,8,94562.0
9541,34,43,2024-01-15,7,233394.1
9542,43,76,2023-01-11,3,444595.0
9543,22,131,2024-02-20,15,14454.0
9544,6,33,2023-07-19,14,89319.95
9545,25,62,2024-02-01,2,204444.0
9546,43,143,2023-09-09,9,37931.6
9547,26,137,2024-05-13,11,35378.0
9548,44,33,2024-11-16,5,31900.05
9549,7,149,2023-07-16,6,6632.9
9550,37,108,2024-05-01,4,13382.0
9551,45,133,2024-11-08,9,16182.3
9552,16,55,2023-12-24,13,1358342.3
9553,22,89,2024-03-29,11,865459.0
9554,14,117,2024-10-04,6,23387.1
9555,17,110,2023-07-01,6,14973.0
9556,15,34,2023-12-26,5,24588.0
9557,48,20,2023-05-31,2,61667.0
9558,30,143,2023-05-26,6,25288.05
9559,29,137,2023-05-25,2,6432.45
9560,26,68,2024-03-19,14,936559.0
9561,44,9,2023-06-16,12,452642.7
9562,2,18,2023-02-01,7,186007.0
9563,16,137,2024-07-30,5,16927.0
9564,34,141,2023-08-22,14,63597.75
9565,41,37,2024-01-24,13,78880.0
9566,27,30,2023-08-22,12,386974.0
9567,46,140,2024-04-11,14,41689.8
9568,35,99,2023-06-10,4,429067.0
9569,11,114,2024-04-11,4,3037.15
9570,42,11,2023-06-07,14,507247.0
9571,10,48,2024-11-27,13,181994.35
9572,14,122,2024-01-26,2,2512.75
9573,23,63,2023-05-25,3,398879.35
9575,7,94,2024-05-08,2,81502.0
9576,23,138,2023-02-06,2,8366.0
9577,19,93,2024-02-02,15,1431797.25
9578,49,12,2023-05-09,5,12949.45
9579,6,34,2024-08-01,2,9343.25
9580,35,137,2024-07-22,14,45027.15
9581,25,2,2023-01-04,15,199473.4
9582,31,88,2024-09-26,6,275518.05
9583,23,35,2024-09-06,3,33017.0
9584,17,60,2024-03-04,8,826508.55
9585,17,25,2023-03-27,1,11519.7
9586,16,19,2024-08-18,1,16432.0
9587,2,58,2023-06-03,5,544123.0
9588,26,82,2023-05-02,4,196209.2
9589,5,71,2023-03-29,1,130174.0
9590,7,121,2023-10-08,10,35095.85
9591,44,130,2023-03-03,15,59052.95
9592,38,69,2023-07-04,7,301012.25
9593,47,70,2024-09-03,2,65275.45
9594,44,39,2023-04-22,6,168907.15
9595,43,106,2023-07-27,9,39464.0
9596,37,62,2024-12-14,9,873998.1
9597,33,23,2024-10-03,7,78250.0
9598,19,82,2024-11-21,11,539575.3
9599,2,59,2024-06-27,14,1159309.7
9600,27,52,2024-02-09,12,156226.55
9601,9,85,2024-12-17,9,347208.0
9602,49,26,2023-03-20,1,17283.0
9603,34,138,2023-11-28,13,54380.0
9604,26,28,2023-11-28,11,149001.8
9605,22,122,2024-04-22,13,17192.0
9606,4,100,2023-11-03,12,1192442.85
9607,15,2,2023-11-01,11,153980.0
9608,17,47,2023-02-27,15,87251.8
9609,19,54,2023-05-16,13,1500955.35
9610,34,61,2024-04-01,10,266176.7
9611,7,23,2024-04-15,8,89429.0
9612,22,46,2024-04-01,12,56814.75
9613,19,61,2024-01-30,6,168112.0
9614,23,135,2024-10-11,2,3289.0
9615,29,59,2023-09-06,15,1242117.4
9616,44,56,2023-08-01,10,408393.6
9617,42,110,2023-10-04,12,29946.0
9618,2,115,2023-08-30,14,11046.6
9619,22,31,2023-07-19,1,8283.0
9620,1,5,2023-10-04,12,284028.0
9621,11,144,2024-09-14,12,25241.5
9622,33,100,2024-08-08,4,418401.0
9623,41,71,2024-05-08,13,1692263.0
9624,42,81,2024-07-24,12,1465782.0
9625,5,74,2024-07-22,15,1298378.0
9626,42,53,2024-04-28,13,697775.0
9627,8,132,2024-11-02,13,20319.0
9628,38,115,2023-12-24,9,7475.0
9629,24,47,2023-04-26,10,58168.5
9630,2,98,2024-08-12,13,1031695.0
9631,13,144,2024-06-28,10,22141.0
9632,28,27,2023-02-12,2,31371.85
9633,25,3,2024-02-13,2,18048.0
9634,15,37,2024-10-07,6,34585.7
9635,7,67,2023-05-18,10,814995.5
9636,32,1,2023-09-10,5,157332.35
9637,42,90,2024-07-30,9,711876.0
9638,17,141,2024-03-26,2,9085.8
9639,43,118,2023-08-03,11,47466.0
9640,29,149,2024-05-29,11,12160.0
9641,1,118,2024-08-21,9,36894.2
9642,31,122,2023-06-03,10,13225.0
9643,22,65,2023-01-02,14,357808.0
9644,18,145,2024-10-07,11,45455.6
9645,38,107,2023-05-24,3,4313.0
9646,5,121,2023-03-20,7,24567.0
9647,28,116,2024-07-19,8,20604.0
9648,21,149,2023-10-27,10,11636.0
9649,33,75,2023-07-16,7,229379.0
9650,12,116,2024-02-26,4,9786.9
9651,15,143,2024-07-30,5,21072.9
9652,6,113,2023-01-07,6,25051.5
9653,40,117,2024-12-18,15,58467.75
9654,4,67,2024-04-10,11,896496.0
9655,1,72,2023-03-18,10,946813.7
9656,7,112,2023-01-20,3,6215.85
9657,38,32,2024-07-01,9,112522.0
9658,27,99,2023-07-20,11,1179933.0
9659,42,80,2023-02-16,8,982101.45
9660,48,76,2024-08-03,8,1126306.7
9661,47,122,2024-03-06,6,7538.25
9662,18,23,2023-02-22,3,33536.0
9663,43,69,2023-01-12,12,543180.0
9664,17,59,2024-10-19,2,165615.4
9665,40,129,2023-01-18,4,13065.0
9666,40,67,2024-03-24,15,1222494.2
9667,40,135,2024-04-19,1,1562.75
9668,18,59,2024-11-02,11,958828.0
9669,8,41,2024-08-05,7,74200.0
9670,9,94,2024-03-28,10,407508.0
9671,1,135,2024-05-22,7,10936.4
9672,30,70,2024-11-04,15,489564.45
9673,9,82,2024-08-16,10,490523.0
9674,36,3,2024-07-18,11,94302.7
9675,8,98,2024-10-12,6,476167.0
9677,12,56,2024-04-30,11,472876.0
9678,23,137,2024-01-14,15,48242.9
9679,20,38,2023-11-11,3,75413.85
9680,19,79,2023-12-20,15,992203.0
9681,46,94,2023-10-16,2,77426.9
9682,31,28,2023-06-23,8,108364.6
9683,23,8,2024-09-01,15,71023.9
9684,16,67,2023-08-03,14,1201047.0
9685,48,79,2023-05-20,9,595322.0
9686,2,11,2023-03-20,11,398551.0
9687,3,66,2024-02-13,5,62858.0
9688,26,23,2024-08-19,2,21239.15
9690,44,59,2023-03-20,4,348665.0
9691,42,51,2023-02-17,15,962385.0
9692,30,138,2023-09-22,6,25098.0
9693,29,52,2024-11-22,13,169245.35
9694,27,14,2024-05-04,2,71622.0
9695,48,133,2023-12-31,9,17034.0
9696,34,118,2023-10-20,12,51781.0
9697,46,16,2024-07-13,7,199539.9
9698,8,43,2023-07-17,1,33342.15
9699,18,33,2024-12-29,3,20147.0
9700,11,76,2023-11-13,10,1407882.9
9701,16,26,2024-03-30,13,213446.95
9702,14,30,2024-12-06,5,153177.05
9704,6,128,2024-07-10,13,60459.0
9705,34,51,2024-06-28,4,243804.2
9706,29,76,2023-07-24,3,444595.0
9707,19,34,2023-11-09,14,65402.75
9708,43,52,2023-04-25,1,13018.8
9709,32,42,2023-05-30,12,68318.3
9710,15,80,2023-11-21,14,1809134.0
9711,46,111,2024-04-18,8,32567.9
9712,45,128,2023-09-26,11,48600.1
9713,5,10,2024-08-28,13,416430.0
9714,29,38,2024-12-20,2,50275.9
9715,33,132,2024-07-27,4,5939.4
9716,33,82,2024-05-02,5,245261.5
9717,28,46,2023-06-28,14,69773.0
9718,19,12,2023-08-18,1,2589.7
9719,4,59,2023-11-21,3,248423.1
9720,15,4,2023-12-30,1,3212.9
9721,14,27,2024-03-30,8,125487.4
9722,39,126,2024-03-20,7,18739.0
9723,33,17,2023-10-12,12,160041.75
9724,5,148,2023-09-06,1,4546.7
9725,42,45,2023-03-28,1,9408.8
9726,35,129,2024-08-07,6,18617.15
9727,22,76,2024-08-07,15,2222973.0
9728,18,92,2024-01-31,8,710833.0
9729,41,66,2023-08-05,5,59715.1
9730,40,54,2023-06-17,2,230916.5
9731,49,50,2024-08-11,6,67656.0
9732,25,26,2023-09-13,15,259248.0
9733,9,88,2023-11-14,7,338355.0
9734,15,41,2024-09-10,12,120840.0
9735,20,34,2024-09-10,4,18686.5
9736,23,77,2024-11-24,13,552102.95
9737,35,147,2024-01-05,1,3030.0
9738,33,33,2024-07-08,13,82939.75
9739,17,26,2024-07-26,8,131351.75
9740,46,6,2024-12-15,10,112291.9
9741,25,121,2024-08-26,6,22166.0
9742,48,53,2024-03-24,6,322050.0
9743,48,121,2024-07-22,5,17547.45
9744,10,80,2024-08-24,13,1679910.0
9745,4,32,2024-12-20,7,87517.0
9746,22,80,2023-01-25,12,1550686.0
9747,33,34,2023-05-06,1,4918.0
9748,31,8,2023-11-26,2,9469.6
9749,1,17,2024-06-16,10,140388.0
9750,21,109,2023-02-14,12,7472.0
9751,37,51,2023-04-28,6,384954.0
9752,35,79,2024-01-28,5,330734.0
9753,40,125,2024-07-21,14,45247.55
9754,30,5,2023-09-22,14,331366.0
9755,34,23,2024-11-11,1,10620.05
9756,32,84,2024-09-19,7,288768.65
9757,16,30,2023-11-02,13,398260.9
9758,3,32,2024-12-11,5,62512.0
9759,22,105,2023-07-14,15,4643.0
9760,41,147,2024-01-27,3,8635.5
9761,25,16,2023-11-16,10,285057.0
9762,7,1,2023-11-17,13,409063.35
9763,9,26,2023-12-29,8,138265.0
9764,15,46,2023-10-18,3,14951.0
9765,26,73,2024-12-30,4,544008.0
9766,8,59,2023-03-31,9,745270.25
9767,49,126,2023-12-15,9,22889.3
9768,48,65,2023-10-05,3,72839.35
9769,34,112,2023-06-30,8,17448.0
9770,24,77,2023-04-07,3,127408.3
9771,17,11,2023-08-16,1,36232.0
9772,15,65,2024-03-07,3,76673.0
9773,32,46,2024-08-22,1,4734.8
9774,17,67,2023-04-30,13,1059495.1
9775,37,18,2023-08-09,1,25243.4
9776,37,94,2024-11-14,5,203754.0
9777,38,122,2024-02-04,10,13225.0
9778,46,103,2024-01-21,13,23259.0
9779,41,130,2024-02-25,6,23621.75
9780,21,115,2024-02-22,5,3945.35
9781,42,59,2024-04-22,8,697329.0
9782,48,79,2023-01-04,6,377036.95
9783,5,2,2023-09-20,12,159579.1
9784,2,13,2024-05-07,9,66237.8
9785,37,50,2023-01-05,15,160683.0
9786,8,50,2023-05-01,14,149970.8
9787,11,105,2023-06-10,4,1238.0
9788,49,47,2024-05-21,6,34901.1
9789,2,86,2024-09-30,14,1243857.8
9790,8,49,2024-10-23,12,159171.0
9791,9,23,2023-06-24,11,116816.75
9792,41,12,2023-05-01,8,21809.0
9793,3,67,2024-08-28,5,407497.75
9794,40,124,2024-05-01,11,39395.55
9795,10,99,2024-09-11,11,1179933.0
9796,21,110,2024-03-12,13,30819.9
9797,9,15,2024-02-16,12,318057.15
9798,49,88,2023-02-03,10,459196.75
9799,44,145,2024-10-17,4,17399.0
9800,1,48,2023-12-07,11,153995.0
9801,14,123,2024-03-14,3,8331.0
9802,39,96,2023-08-29,7,494346.0
9803,3,87,2023-05-14,12,762203.05
9804,20,83,2024-03-30,10,1348039.0
9805,42,46,2024-10-23,12,59805.0
9806,32,98,2024-10-16,5,376965.7
9807,8,142,2023-09-01,7,5495.75
9808,13,118,2024-05-22,2,8198.5
9809,33,115,2024-06-24,3,2367.4
9810,24,3,2024-06-15,1,8572.8
9812,40,66,2024-11-21,7,83600.95
9813,32,121,2024-06-01,5,18471.0
9814,13,112,2024-07-20,8,16575.6
9815,4,141,2024-08-07,6,27256.45
9816,43,82,2023-04-02,12,588627.6
9817,38,73,2024-09-08,5,715800.0
9818,46,68,2023-01-11,10,668971.0
9819,49,53,2023-05-08,3,152973.75
9820,11,121,2024-03-29,9,33248.0
9821,18,56,2023-04-29,5,214944.0
9822,38,104,2023-10-30,3,11139.0
9823,7,16,2023-06-27,6,171034.2
9824,42,50,2023-03-07,15,169140.0
9825,48,104,2023-09-16,5,17636.75
9826,11,64,2023-10-19,4,446022.0
9827,20,117,2023-05-05,8,32824.0
9828,1,116,2023-10-18,8,20604.0
9829,30,109,2023-09-24,13,7690.25
9830,25,52,2023-05-15,4,54816.0
9831,45,106,2024-06-28,9,37490.8
9832,43,129,2024-08-03,10,31028.9
9833,26,20,2024-03-31,1,29291.35
9834,1,98,2024-06-01,1,79361.0
9835,42,84,2023-10-06,10,412527.05
9836,37,150,2023-12-13,11,17196.9
9837,37,57,2024-08-14,15,1781859.0
9838,7,42,2023-11-20,2,11986.0
9839,24,130,2023-01-13,12,49729.0
9840,17,35,2023-08-01,11,115007.95
9841,41,52,2024-02-06,3,41112.0
9842,47,55,2024-08-03,7,731414.5
9843,7,40,2023-04-29,15,212761.0
9844,5,71,2024-11-17,5,618326.5
9845,21,140,2023-04-26,5,14889.35
9846,4,49,2023-04-11,14,176415.0
9847,16,84,2024-12-10,4,173696.0
9848,17,104,2024-07-17,3,11139.0
9849,10,70,2024-07-05,1,34355.0
9850,24,133,2024-12-08,5,9464.0
9851,45,131,2023-11-09,6,5782.0
9852,26,133,2023-07-09,1,1893.0
9853,36,88,2023-02-20,10,459196.75
9854,10,128,2024-06-12,7,30927.25
9855,7,126,2023-05-25,15,40156.0
9856,38,44,2024-04-11,15,162103.0
9857,12,44,2024-08-24,2,20533.3
9858,31,74,2023-05-20,12,1038703.0
9859,25,60,2023-09-05,9,929822.0
9860,15,45,2024-08-26,14,131719.4
9861,1,138,2024-04-08,9,37647.0
9862,1,36,2024-10-25,13,279127.1
9863,44,81,2024-08-30,8,977188.0
9864,49,71,2024-11-02,10,1236653.95
9865,49,58,2024-07-13,11,1197070.0
9866,18,133,2023-09-30,15,28391.0
9867,16,46,2024-11-26,1,4984.0
9868,35,74,2023-03-24,10,865586.0
9869,21,36,2023-01-05,12,271217.0
9870,22,134,2024-11-10,12,56611.0
9871,9,37,2023-09-07,5,30339.0
9872,6,140,2024-05-10,6,17866.65
9873,41,74,2024-02-22,10,865586.0
9874,16,49,2024-10-22,12,159171.0
9875,22,30,2024-03-09,2,61271.2
9876,7,146,2023-11-17,11,5456.0
9877,1,148,2023-06-09,6,27277.35
9878,1,127,2024-11-06,7,10845.0
9879,12,21,2023-04-19,3,24893.8
9880,8,137,2024-03-01,2,6771.0
9881,48,42,2024-07-05,12,68318.3
9882,32,104,2024-06-23,11,40843.0
9883,8,26,2023-09-12,9,147771.55
9884,36,56,2023-01-21,8,343910.0
9885,15,30,2024-01-29,14,451470.0
9886,9,12,2023-01-18,1,2589.7
9887,49,115,2023-01-23,1,831.0
9888,5,71,2024-04-11,9,1171567.0
9889,17,16,2024-01-06,11,313562.7
9890,33,145,2024-11-29,7,30449.0
9891,38,141,2024-02-09,12,54512.9
9892,17,6,2024-12-13,6,70921.0
9893,31,120,2023-04-11,7,20777.45
9894,1,26,2023-01-03,15,259248.0
9895,18,135,2024-08-02,10,16445.0
9896,6,145,2024-03-18,8,34799.0
9897,9,11,2024-04-27,5,172102.0
9898,10,84,2024-10-18,11,453779.85
9899,2,16,2023-07-05,11,330066.0
9900,47,46,2024-04-11,10,47346.1
9901,39,144,2024-09-21,9,18930.65
9902,22,122,2024-02-12,10,12563.75
9903,32,148,2024-04-07,6,27277.35
9904,20,147,2023-08-23,14,40299.95
9905,45,5,2024-06-17,15,355035.0
9906,49,85,2024-08-29,5,183249.3
9907,45,148,2024-12-16,15,71783.0
9908,32,32,2023-06-29,13,162532.0
9909,26,2,2024-06-19,11,153980.0
9910,36,136,2024-09-03,9,16873.9
9911,30,72,2023-08-18,8,757451.15
9912,24,129,2024-03-07,11,34131.6
9913,12,37,2024-11-18,9,51878.55
9914,21,74,2024-02-20,3,246692.2
9915,49,85,2024-03-04,12,439796.8
9916,17,89,2023-04-12,9,672696.9
9917,33,43,2024-06-12,13,456259.0
9918,36,40,2024-07-02,2,26949.6
9919,45,133,2024-05-12,13,23374.75
9920,37,149,2023-09-27,14,16291.0
9921,44,132,2024-04-21,10,14848.5
9922,15,31,2024-01-01,8,66265.0
9923,40,146,2023-06-30,8,3968.0
9924,45,74,2024-10-01,1,86559.0
9925,36,116,2023-02-26,12,29360.7
9926,32,84,2024-02-05,3,123758.4
9927,8,94,2023-12-14,6,232279.75
9928,32,125,2023-11-22,8,27217.0
9929,17,69,2023-10-12,14,633710.0
9930,35,48,2023-01-22,9,125995.65
9931,8,76,2024-04-08,8,1185586.0
9932,42,78,2023-10-05,5,578367.6
9933,5,100,2024-09-03,4,418401.0
9934,14,47,2024-02-13,14,81434.95
9935,38,4,2023-10-03,11,37201.0
9936,8,16,2024-01-27,15,427585.5
9937,46,84,2023-08-13,2,82505.6
9938,33,146,2024-04-13,12,5952.0
9939,47,10,2024-08-04,1,30431.35
9940,25,74,2024-12-17,8,657844.6
9941,9,143,2024-04-26,13,54790.3
9942,36,46,2024-04-01,3,14951.0
9943,15,131,2023-01-17,11,10599.0
9944,4,113,2023-09-05,10,43950.0
9945,12,82,2023-03-23,11,567974.0
9946,17,126,2023-10-01,11,27975.6
9947,13,26,2023-04-13,12,207398.0
9948,44,73,2024-09-27,1,136002.0
9949,15,103,2023-10-12,14,23796.55
9950,44,75,2024-05-31,9,294915.0
9951,25,50,2024-04-08,10,112760.0
9952,46,120,2023-01-14,15,46867.0
9953,16,86,2024-05-23,10,888469.45
9954,27,148,2024-03-21,4,19142.0
9955,7,15,2024-12-10,11,306897.0
9956,25,62,2023-09-15,9,919998.0
9957,45,15,2024-04-18,9,238543.1
9958,2,144,2024-12-09,12,25241.5
9959,14,105,2023-11-10,14,4117.3
9960,32,108,2024-03-20,15,50183.0
9961,11,59,2024-08-23,1,82807.7
9962,29,109,2023-10-31,4,2491.0
9963,39,8,2024-07-14,1,4984.0
9964,31,44,2024-07-28,13,140489.0
9965,5,136,2024-10-13,6,11248.95
9966,8,120,2024-12-15,14,41555.85
9967,44,37,2024-07-25,11,66745.0
9968,6,69,2024-06-25,8,362120.0
9969,19,125,2023-06-22,14,47629.0
9970,47,116,2023-03-14,1,2576.0
9971,1,86,2023-11-01,5,467616.0
9972,25,116,2024-09-20,2,5151.0
9973,46,135,2024-06-06,13,21379.0
9974,8,127,2024-06-19,6,8831.2
9975,16,8,2023-03-01,15,71023.9
9976,38,103,2023-04-08,14,23796.55
9977,46,76,2024-12-15,5,703941.45
9978,2,33,2023-08-30,5,33579.0
9979,7,146,2023-01-10,5,2480.0
9980,45,39,2024-11-07,13,385227.0
9981,48,43,2024-08-20,2,70194.0
9982,16,90,2024-11-03,11,826567.45
9983,10,115,2024-08-20,8,6645.0
9984,37,23,2024-11-13,14,156501.0
9985,13,109,2023-11-12,8,4982.0
9986,40,64,2024-01-28,11,1226561.0
9987,37,93,2023-03-31,6,602862.0
9988,18,146,2023-07-25,10,4960.0
9989,21,77,2024-12-30,5,212346.85
9990,39,75,2024-09-11,5,163842.0
9991,14,64,2024-10-09,12,1271163.65
9992,49,81,2023-12-25,15,1832227.0
9993,23,86,2023-06-30,6,561139.0
9994,43,39,2023-02-20,10,296328.0
9995,30,139,2023-03-11,6,8549.0
9996,9,111,2023-09-17,7,28497.15
9997,38,123,2023-06-20,2,5276.3
9998,33,97,2024-10-23,6,771409.5
9999,8,20,2023-06-15,6,185001.0
